{"train_loss": 0.4651533365249634, "train_loss_step": 0.44720080494880676, "train_acc1": 87.64060974121094, "train_acc1_step": 89.84375, "train_acc5": 97.34817504882812, "train_acc5_step": 97.65625, "val_loss": 0.37550389766693115, "val_acc1": 88.84214782714844, "val_acc5": 98.61779022216797, "train_loss_epoch": 0.4651533365249634, "train_acc1_epoch": 87.64060974121094, "train_acc5_epoch": 97.34817504882812}