{"train_loss": 0.4158846139907837, "train_loss_step": 0.22122585773468018, "train_acc1": 89.29473876953125, "train_acc1_step": 92.1875, "train_acc5": 97.65625, "train_acc5_step": 98.4375, "val_loss": 0.3184547424316406, "val_acc1": 90.88541412353516, "val_acc5": 98.93830108642578, "train_loss_epoch": 0.4158846139907837, "train_acc1_epoch": 89.29473876953125, "train_acc5_epoch": 97.65625}