{"train_loss": 0.7620677351951599, "train_loss_step": 0.48188120126724243, "train_acc1": 79.29094696044922, "train_acc1_step": 85.15625, "train_acc5": 94.44277954101562, "train_acc5_step": 95.3125, "val_loss": 0.5932196974754333, "val_acc1": 82.93269348144531, "val_acc5": 96.77484130859375, "train_loss_epoch": 0.7620677351951599, "train_acc1_epoch": 79.29094696044922, "train_acc5_epoch": 94.44277954101562}