{"train_loss": 0.42226409912109375, "train_loss_step": 0.09932999312877655, "train_acc1": 89.16361236572266, "train_acc1_step": 96.09375, "train_acc5": 97.60332489013672, "train_acc5_step": 100.0, "val_loss": 0.3329751789569855, "val_acc1": 90.76522827148438, "val_acc5": 98.77804565429688, "train_loss_epoch": 0.42226409912109375, "train_acc1_epoch": 89.16361236572266, "train_acc5_epoch": 97.60332489013672}