{"train_loss": 0.43183401226997375, "train_loss_step": 0.17155176401138306, "train_acc1": 88.71650695800781, "train_acc1_step": 93.75, "train_acc5": 97.50299835205078, "train_acc5_step": 98.4375, "val_loss": 0.3642931878566742, "val_acc1": 89.60336303710938, "val_acc5": 98.45753479003906, "train_loss_epoch": 0.43183401226997375, "train_acc1_epoch": 88.71650695800781, "train_acc5_epoch": 97.50299835205078}