{"train_loss": 0.6745132207870483, "train_loss_step": 0.47849053144454956, "train_acc1": 81.71527099609375, "train_acc1_step": 85.9375, "train_acc5": 95.3591079711914, "train_acc5_step": 96.875, "val_loss": 0.5782385468482971, "val_acc1": 83.99439239501953, "val_acc5": 97.09535217285156, "train_loss_epoch": 0.6745132207870483, "train_acc1_epoch": 81.71527099609375, "train_acc5_epoch": 95.3591079711914}