{"train_loss": 2.022766590118408, "train_loss_step": 1.7827569246292114, "train_acc1": 48.87196731567383, "train_acc1_step": 52.34375, "train_acc5": 75.63985443115234, "train_acc5_step": 82.8125, "val_loss": 1.744490385055542, "val_acc1": 54.54727554321289, "val_acc5": 80.66907501220703, "train_loss_epoch": 2.022766590118408, "train_acc1_epoch": 48.87196731567383, "train_acc5_epoch": 75.63985443115234}