{"train_loss": 0.3961958587169647, "train_loss_step": 0.2753215730190277, "train_acc1": 89.95671081542969, "train_acc1_step": 91.40625, "train_acc5": 97.81108093261719, "train_acc5_step": 98.4375, "val_loss": 0.31689828634262085, "val_acc1": 90.98558044433594, "val_acc5": 98.83814239501953, "train_loss_epoch": 0.3961958587169647, "train_acc1_epoch": 89.95671081542969, "train_acc5_epoch": 97.81108093261719}