{"train_loss": 0.5230091214179993, "train_loss_step": 0.3706721067428589, "train_acc1": 85.92565155029297, "train_acc1_step": 90.625, "train_acc5": 96.85604095458984, "train_acc5_step": 98.4375, "val_loss": 0.42495155334472656, "val_acc1": 88.02083587646484, "val_acc5": 98.0769271850586, "train_loss_epoch": 0.5230091214179993, "train_acc1_epoch": 85.92565155029297, "train_acc5_epoch": 96.85604095458984}