{"train_loss": 0.35951539874076843, "train_loss_step": 0.29266926646232605, "train_acc1": 90.96783447265625, "train_acc1_step": 92.96875, "train_acc5": 98.0046157836914, "train_acc5_step": 98.4375, "val_loss": 0.29640114307403564, "val_acc1": 91.34615325927734, "val_acc5": 98.8581771850586, "train_loss_epoch": 0.35951539874076843, "train_acc1_epoch": 90.96783447265625, "train_acc5_epoch": 98.0046157836914}