{
  "dataset_revision": "2000358ca161889fa9c082cb41daa8dcfb161a54",
  "evaluation_time": 9.16030478477478,
  "kg_co2_emissions": null,
  "mteb_version": "1.14.20",
  "scores": {
    "test": [
      {
        "hf_subset": "default",
        "languages": [
          "eng-Latn"
        ],
        "main_score": 0.4862590132501901,
        "map": 0.4862590132501901,
        "mrr": 0.6051400430901815,
        "nAUC_map_diff1": 0.09224629013052361,
        "nAUC_map_max": 0.22555691236685596,
        "nAUC_map_std": 0.12154894256830834,
        "nAUC_mrr_diff1": 0.1592170780564504,
        "nAUC_mrr_max": 0.26142009796966326,
        "nAUC_mrr_std": 0.13966581746657547
      }
    ]
  },
  "task_name": "AskUbuntuDupQuestions"
}