{
  "dataset_revision": "d3fb88f8f02e40887cd149695127462bbcf29b4a",
  "evaluation_time": 2.6318228244781494,
  "kg_co2_emissions": null,
  "mteb_version": "1.14.20",
  "scores": {
    "test": [
      {
        "cosine_pearson": 0.775091563649383,
        "cosine_spearman": 0.7580052234704591,
        "euclidean_pearson": 0.7485907568517799,
        "euclidean_spearman": 0.7640294571222517,
        "hf_subset": "default",
        "languages": [
          "eng-Latn"
        ],
        "main_score": 0.7580052234704591,
        "manhattan_pearson": 0.7504397131981962,
        "manhattan_spearman": 0.7642463295337163,
        "pearson": 0.775091563649383,
        "spearman": 0.7580052234704591
      }
    ]
  },
  "task_name": "BIOSSES"
}