{
  "dataset_revision": "b0fddb56ed78048fa8b90373c8a3cfc37b684831",
  "evaluation_time": 6.15302038192749,
  "kg_co2_emissions": null,
  "mteb_version": "1.14.20",
  "scores": {
    "test": [
      {
        "cosine_pearson": 0.5642619795638759,
        "cosine_spearman": 0.5339450545981217,
        "euclidean_pearson": 0.5357949120619564,
        "euclidean_spearman": 0.5242251205303882,
        "hf_subset": "default",
        "languages": [
          "eng-Latn"
        ],
        "main_score": 0.5339450545981217,
        "manhattan_pearson": 0.5360152604235947,
        "manhattan_spearman": 0.5244279015352031,
        "pearson": 0.5642619795638759,
        "spearman": 0.5339450545981217
      }
    ]
  },
  "task_name": "STSBenchmark"
}