{
  "dataset_revision": "d3fb88f8f02e40887cd149695127462bbcf29b4a",
  "evaluation_time": 3.6371326446533203,
  "kg_co2_emissions": null,
  "mteb_version": "1.14.19",
  "scores": {
    "test": [
      {
        "cosine_pearson": 0.6644128047372417,
        "cosine_spearman": 0.7074498546646154,
        "euclidean_pearson": 0.6469495581465351,
        "euclidean_spearman": 0.6748165809728547,
        "hf_subset": "default",
        "languages": [
          "eng-Latn"
        ],
        "main_score": 0.7074498546646154,
        "manhattan_pearson": 0.6582757045588792,
        "manhattan_spearman": 0.6824914546452386,
        "pearson": 0.6644128047372417,
        "spearman": 0.7074498546646154
      }
    ]
  },
  "task_name": "BIOSSES"
}