{
  "dataset_revision": "20a6d6f312dd54037fe07a32d58e5e168867909d",
  "evaluation_time": 17.844475507736206,
  "kg_co2_emissions": null,
  "mteb_version": "1.14.19",
  "scores": {
    "test": [
      {
        "cosine_pearson": 0.6027636949752151,
        "cosine_spearman": 0.5551617518494083,
        "euclidean_pearson": 0.569748079805071,
        "euclidean_spearman": 0.5494157390733985,
        "hf_subset": "default",
        "languages": [
          "eng-Latn"
        ],
        "main_score": 0.5551617518494083,
        "manhattan_pearson": 0.5697795590213931,
        "manhattan_spearman": 0.5502922533233712,
        "pearson": 0.6027636949752151,
        "spearman": 0.5551617518494083
      }
    ]
  },
  "task_name": "SICK-R"
}