{
  "dataset_revision": "e185fbe320c72810689fc5848eb6114e1ef5ec69",
  "evaluation_time": 59.66646671295166,
  "kg_co2_emissions": null,
  "mteb_version": "1.14.19",
  "scores": {
    "test": [
      {
        "hf_subset": "default",
        "languages": [
          "eng-Latn"
        ],
        "main_score": 0.3693885120192638,
        "map": 0.3693885120192638,
        "mrr": 0.3691620777098718,
        "nAUC_map_diff1": 0.3044367548612711,
        "nAUC_map_max": 0.21939889713553534,
        "nAUC_map_std": 0.12473748383040101,
        "nAUC_mrr_diff1": 0.29834938334782385,
        "nAUC_mrr_max": 0.22731866790564012,
        "nAUC_mrr_std": 0.12985284727730573
      }
    ]
  },
  "task_name": "StackOverflowDupQuestions"
}