{
  "dataset_revision": "ae752c7c21bf194d8b67fd573edf7ae58183cbe3",
  "evaluation_time": 13.777351379394531,
  "kg_co2_emissions": null,
  "mteb_version": "1.14.19",
  "scores": {
    "test": [
      {
        "cosine_pearson": 0.6310440574075938,
        "cosine_spearman": 0.6406053623695,
        "euclidean_pearson": 0.6093833593088654,
        "euclidean_spearman": 0.6186734540197832,
        "hf_subset": "default",
        "languages": [
          "eng-Latn"
        ],
        "main_score": 0.6406053623695,
        "manhattan_pearson": 0.6114628049993452,
        "manhattan_spearman": 0.6203272622250973,
        "pearson": 0.6310440574075938,
        "spearman": 0.6406053623695
      }
    ]
  },
  "task_name": "STS15"
}