{
  "dataset_revision": "b0fddb56ed78048fa8b90373c8a3cfc37b684831",
  "evaluation_time": 7.317013502120972,
  "kg_co2_emissions": null,
  "mteb_version": "1.14.19",
  "scores": {
    "test": [
      {
        "cosine_pearson": 0.5179102076091144,
        "cosine_spearman": 0.5078810346598502,
        "euclidean_pearson": 0.5181886644063776,
        "euclidean_spearman": 0.5150155888251826,
        "hf_subset": "default",
        "languages": [
          "eng-Latn"
        ],
        "main_score": 0.5078810346598502,
        "manhattan_pearson": 0.5189499750831671,
        "manhattan_spearman": 0.5158062779288898,
        "pearson": 0.5179102076091144,
        "spearman": 0.5078810346598502
      }
    ]
  },
  "task_name": "STSBenchmark"
}