{
  "dataset_revision": "4d8694f8f0e0100860b497b999b3dbed754a0513",
  "evaluation_time": 5.984407186508179,
  "kg_co2_emissions": null,
  "mteb_version": "1.14.19",
  "scores": {
    "test": [
      {
        "cosine_pearson": 0.1993695344211913,
        "cosine_spearman": 0.2701600592384428,
        "euclidean_pearson": 0.23365462417311894,
        "euclidean_spearman": 0.2667346703416351,
        "hf_subset": "default",
        "languages": [
          "eng-Latn"
        ],
        "main_score": 0.2701600592384428,
        "manhattan_pearson": 0.25546235835208786,
        "manhattan_spearman": 0.2651604529271569,
        "pearson": 0.1993695344211913,
        "spearman": 0.2701600592384428
      }
    ]
  },
  "task_name": "STS16"
}