{
  "dataset_revision": "b0fddb56ed78048fa8b90373c8a3cfc37b684831",
  "evaluation_time": 4.663129806518555,
  "kg_co2_emissions": null,
  "mteb_version": "1.14.19",
  "scores": {
    "test": [
      {
        "cosine_pearson": 0.08507204373689903,
        "cosine_spearman": 0.11217825947115685,
        "euclidean_pearson": 0.09836983602243851,
        "euclidean_spearman": 0.11080209141120155,
        "hf_subset": "default",
        "languages": [
          "eng-Latn"
        ],
        "main_score": 0.11217825947115685,
        "manhattan_pearson": 0.09536240252472337,
        "manhattan_spearman": 0.10400561422220828,
        "pearson": 0.08507204373689903,
        "spearman": 0.11217825947115685
      }
    ]
  },
  "task_name": "STSBenchmark"
}