{
  "dataset_revision": "59042f120c80e8afa9cdbb224f67076cec0fc9a7",
  "evaluation_time": 210.62361454963684,
  "kg_co2_emissions": null,
  "mteb_version": "1.14.20",
  "scores": {
    "test": [
      {
        "hf_subset": "default",
        "languages": [
          "eng-Latn"
        ],
        "main_score": 0.27301121628744507,
        "map": 0.27301121628744507,
        "mrr": 0.27701117385313445,
        "nAUC_map_diff1": 0.30181574258569294,
        "nAUC_map_max": -0.26329185966213425,
        "nAUC_map_std": -0.13544425762318577,
        "nAUC_mrr_diff1": 0.26783008137737335,
        "nAUC_mrr_max": -0.20443186902522403,
        "nAUC_mrr_std": -0.12281048997621935
      }
    ]
  },
  "task_name": "MindSmallReranking"
}