{
  "dataset_revision": "4d8694f8f0e0100860b497b999b3dbed754a0513",
  "evaluation_time": 25.37567162513733,
  "kg_co2_emissions": null,
  "mteb_version": "1.14.20",
  "scores": {
    "test": [
      {
        "cosine_pearson": 0.5112793157929505,
        "cosine_spearman": 0.5473148365022443,
        "euclidean_pearson": 0.5241862657656545,
        "euclidean_spearman": 0.5285889057172507,
        "hf_subset": "default",
        "languages": [
          "eng-Latn"
        ],
        "main_score": 0.5473148365022443,
        "manhattan_pearson": 0.5536354765745674,
        "manhattan_spearman": 0.5482343877750138,
        "pearson": 0.5112793157929505,
        "spearman": 0.5473148365022443
      }
    ]
  },
  "task_name": "STS16"
}