{
  "dataset_revision": "2000358ca161889fa9c082cb41daa8dcfb161a54",
  "evaluation_time": 6.151187181472778,
  "kg_co2_emissions": null,
  "mteb_version": "1.14.20",
  "scores": {
    "test": [
      {
        "hf_subset": "default",
        "languages": [
          "eng-Latn"
        ],
        "main_score": 0.4810254769478395,
        "map": 0.4810254769478395,
        "mrr": 0.603740711427692,
        "nAUC_map_diff1": 0.1709843865842672,
        "nAUC_map_max": 0.19490328998970627,
        "nAUC_map_std": 0.07877403223354171,
        "nAUC_mrr_diff1": 0.2072316825355845,
        "nAUC_mrr_max": 0.26060272439223875,
        "nAUC_mrr_std": 0.08253302344100871
      }
    ]
  },
  "task_name": "AskUbuntuDupQuestions"
}