{
  "dataset_revision": "a0d554a64d88156834ff5ae9920b964011b16384",
  "evaluation_time": 5.767629623413086,
  "kg_co2_emissions": null,
  "mteb_version": "1.14.20",
  "scores": {
    "test": [
      {
        "cosine_pearson": 0.36490267321804676,
        "cosine_spearman": 0.40019025678185827,
        "euclidean_pearson": 0.38442509805952113,
        "euclidean_spearman": 0.387598422532591,
        "hf_subset": "default",
        "languages": [
          "eng-Latn"
        ],
        "main_score": 0.40019025678185827,
        "manhattan_pearson": 0.3920481696705024,
        "manhattan_spearman": 0.38976041318138444,
        "pearson": 0.36490267321804676,
        "spearman": 0.40019025678185827
      }
    ]
  },
  "task_name": "STS12"
}