{
  "dataset_revision": "b0fddb56ed78048fa8b90373c8a3cfc37b684831",
  "evaluation_time": 3.5352842807769775,
  "kg_co2_emissions": null,
  "mteb_version": "1.14.20",
  "scores": {
    "test": [
      {
        "cosine_pearson": 0.4626715820454949,
        "cosine_spearman": 0.4595771741359505,
        "euclidean_pearson": 0.47640570286525735,
        "euclidean_spearman": 0.472277422938674,
        "hf_subset": "default",
        "languages": [
          "eng-Latn"
        ],
        "main_score": 0.4595771741359505,
        "manhattan_pearson": 0.4783312929723698,
        "manhattan_spearman": 0.4741667225857177,
        "pearson": 0.4626715820454949,
        "spearman": 0.4595771741359505
      }
    ]
  },
  "task_name": "STSBenchmark"
}