{
  "dataset_revision": "2000358ca161889fa9c082cb41daa8dcfb161a54",
  "evaluation_time": 8.703372240066528,
  "kg_co2_emissions": null,
  "mteb_version": "1.14.20",
  "scores": {
    "test": [
      {
        "hf_subset": "default",
        "languages": [
          "eng-Latn"
        ],
        "main_score": 0.475132875980592,
        "map": 0.475132875980592,
        "mrr": 0.6076243239678143,
        "nAUC_map_diff1": 0.07001240676477909,
        "nAUC_map_max": 0.17193512150922494,
        "nAUC_map_std": 0.0640641305438199,
        "nAUC_mrr_diff1": 0.10217304001374412,
        "nAUC_mrr_max": 0.22014936280615346,
        "nAUC_mrr_std": 0.06869807567784146
      }
    ]
  },
  "task_name": "AskUbuntuDupQuestions"
}