{
  "dataset_revision": "a0d554a64d88156834ff5ae9920b964011b16384",
  "evaluation_time": 13.718883514404297,
  "kg_co2_emissions": null,
  "mteb_version": "1.14.20",
  "scores": {
    "test": [
      {
        "cosine_pearson": 0.3866730782401094,
        "cosine_spearman": 0.40708921105827195,
        "euclidean_pearson": 0.37869992193066376,
        "euclidean_spearman": 0.38941771562693495,
        "hf_subset": "default",
        "languages": [
          "eng-Latn"
        ],
        "main_score": 0.40708921105827195,
        "manhattan_pearson": 0.3793073618830758,
        "manhattan_spearman": 0.3895725539808552,
        "pearson": 0.3866730782401094,
        "spearman": 0.40708921105827195
      }
    ]
  },
  "task_name": "STS12"
}