{
  "dataset_revision": "7e90230a92c190f1bf69ae9002b8cea547a64cca",
  "evaluation_time": 5.978554964065552,
  "kg_co2_emissions": null,
  "mteb_version": "1.14.20",
  "scores": {
    "test": [
      {
        "cosine_pearson": 0.28273525897095075,
        "cosine_spearman": 0.270990774233419,
        "euclidean_pearson": 0.30589839198558055,
        "euclidean_spearman": 0.3008933729024967,
        "hf_subset": "default",
        "languages": [
          "eng-Latn"
        ],
        "main_score": 0.270990774233419,
        "manhattan_pearson": 0.30484841891830794,
        "manhattan_spearman": 0.29984026174460116,
        "pearson": 0.28273525897095075,
        "spearman": 0.270990774233419
      }
    ]
  },
  "task_name": "STS13"
}