{
  "dataset_revision": "d66bd1f72af766a5cc4b0ca5e00c162f89e8cc46",
  "evaluation_time": 20.47164249420166,
  "kg_co2_emissions": null,
  "mteb_version": "1.14.19",
  "scores": {
    "test": [
      {
        "cosine_accuracy": 0.9901683168316832,
        "cosine_accuracy_threshold": 0.9844211935997009,
        "cosine_ap": 0.04045479887330407,
        "cosine_f1": 0.06938159879336349,
        "cosine_f1_threshold": 0.9680296778678894,
        "cosine_precision": 0.1411042944785276,
        "cosine_recall": 0.046,
        "dot_accuracy": 0.9902475247524752,
        "dot_accuracy_threshold": 391.7828674316406,
        "dot_ap": 0.06207641568574503,
        "dot_f1": 0.11057947900053164,
        "dot_f1_threshold": 378.70892333984375,
        "dot_precision": 0.11804767309875142,
        "dot_recall": 0.104,
        "euclidean_accuracy": 0.9901683168316832,
        "euclidean_accuracy_threshold": 3.5079846382141113,
        "euclidean_ap": 0.03946880685550498,
        "euclidean_f1": 0.0663850331925166,
        "euclidean_f1_threshold": 5.272187232971191,
        "euclidean_precision": 0.0837138508371385,
        "euclidean_recall": 0.055,
        "hf_subset": "default",
        "languages": [
          "eng-Latn"
        ],
        "main_score": 0.06207641568574503,
        "manhattan_accuracy": 0.9901782178217822,
        "manhattan_accuracy_threshold": 86.92047119140625,
        "manhattan_ap": 0.039843697263056296,
        "manhattan_f1": 0.06612784717119764,
        "manhattan_f1_threshold": 111.12307739257812,
        "manhattan_precision": 0.12465373961218837,
        "manhattan_recall": 0.045,
        "max_accuracy": 0.9902475247524752,
        "max_ap": 0.06207641568574503,
        "max_f1": 0.11057947900053164,
        "max_precision": 0.1411042944785276,
        "max_recall": 0.104,
        "similarity_accuracy": 0.9901683168316832,
        "similarity_accuracy_threshold": 0.9844211935997009,
        "similarity_ap": 0.04045479887330407,
        "similarity_f1": 0.06938159879336349,
        "similarity_f1_threshold": 0.9680296778678894,
        "similarity_precision": 0.1411042944785276,
        "similarity_recall": 0.046
      }
    ],
    "validation": [
      {
        "cosine_accuracy": 0.9902475247524752,
        "cosine_accuracy_threshold": 0.9835107326507568,
        "cosine_ap": 0.04212884685228309,
        "cosine_f1": 0.07027818448023426,
        "cosine_f1_threshold": 0.9684920310974121,
        "cosine_precision": 0.13114754098360656,
        "cosine_recall": 0.048,
        "dot_accuracy": 0.9901386138613861,
        "dot_accuracy_threshold": 392.60272216796875,
        "dot_ap": 0.04081406288300018,
        "dot_f1": 0.08978675645342311,
        "dot_f1_threshold": 379.36676025390625,
        "dot_precision": 0.10230179028132992,
        "dot_recall": 0.08,
        "euclidean_accuracy": 0.9902376237623762,
        "euclidean_accuracy_threshold": 3.5518131256103516,
        "euclidean_ap": 0.04149843800728228,
        "euclidean_f1": 0.06759735488611315,
        "euclidean_f1_threshold": 4.962035179138184,
        "euclidean_precision": 0.12742382271468145,
        "euclidean_recall": 0.046,
        "hf_subset": "default",
        "languages": [
          "eng-Latn"
        ],
        "main_score": 0.04212884685228309,
        "manhattan_accuracy": 0.9902376237623762,
        "manhattan_accuracy_threshold": 85.71405792236328,
        "manhattan_ap": 0.04175151931445981,
        "manhattan_f1": 0.06970128022759602,
        "manhattan_f1_threshold": 110.57156372070312,
        "manhattan_precision": 0.1206896551724138,
        "manhattan_recall": 0.049,
        "max_accuracy": 0.9902475247524752,
        "max_ap": 0.04212884685228309,
        "max_f1": 0.08978675645342311,
        "max_precision": 0.13114754098360656,
        "max_recall": 0.08,
        "similarity_accuracy": 0.9902475247524752,
        "similarity_accuracy_threshold": 0.9835107326507568,
        "similarity_ap": 0.04212884685228309,
        "similarity_f1": 0.07027818448023426,
        "similarity_f1_threshold": 0.9684920310974121,
        "similarity_precision": 0.13114754098360656,
        "similarity_recall": 0.048
      }
    ]
  },
  "task_name": "SprintDuplicateQuestions"
}