{
  "dataset_revision": "59042f120c80e8afa9cdbb224f67076cec0fc9a7",
  "evaluation_time": 123.25453543663025,
  "kg_co2_emissions": null,
  "mteb_version": "1.14.20",
  "scores": {
    "test": [
      {
        "hf_subset": "default",
        "languages": [
          "eng-Latn"
        ],
        "main_score": 0.258257850815701,
        "map": 0.258257850815701,
        "mrr": 0.2617164966769551,
        "nAUC_map_diff1": 0.1822490337300363,
        "nAUC_map_max": -0.26522330558137525,
        "nAUC_map_std": -0.11836415936427049,
        "nAUC_mrr_diff1": 0.16848906685536943,
        "nAUC_mrr_max": -0.20170293442374362,
        "nAUC_mrr_std": -0.10362052339553826
      }
    ]
  },
  "task_name": "MindSmallReranking"
}