{
  "dataset_revision": "d3c5e1fc0b855ab6097bf1cda04dd73947d7caab",
  "evaluation_time": 63.92331576347351,
  "kg_co2_emissions": null,
  "mteb_version": "1.14.20",
  "scores": {
    "test": [
      {
        "hf_subset": "default",
        "languages": [
          "eng-Latn"
        ],
        "main_score": 0.5211666357592469,
        "map": 0.5211666357592469,
        "mrr": 0.7664416193827959,
        "nAUC_map_diff1": 0.18559771113197276,
        "nAUC_map_max": 0.44381728439707563,
        "nAUC_map_std": 0.36427950167634987,
        "nAUC_mrr_diff1": 0.3680416998838392,
        "nAUC_mrr_max": 0.5288444681175991,
        "nAUC_mrr_std": 0.3450720959598774
      }
    ]
  },
  "task_name": "SciDocsRR"
}