{
  "dataset_revision": "20a6d6f312dd54037fe07a32d58e5e168867909d",
  "evaluation_time": 12.332926750183105,
  "kg_co2_emissions": null,
  "mteb_version": "1.14.20",
  "scores": {
    "test": [
      {
        "cosine_pearson": 0.5953675953676818,
        "cosine_spearman": 0.5622125122448579,
        "euclidean_pearson": 0.5649220380548959,
        "euclidean_spearman": 0.551619349996996,
        "hf_subset": "default",
        "languages": [
          "eng-Latn"
        ],
        "main_score": 0.5622125122448579,
        "manhattan_pearson": 0.5652232307235161,
        "manhattan_spearman": 0.5522438443497145,
        "pearson": 0.5953675953676818,
        "spearman": 0.5622125122448579
      }
    ]
  },
  "task_name": "SICK-R"
}