{
  "dataset_revision": "e185fbe320c72810689fc5848eb6114e1ef5ec69",
  "evaluation_time": 18.5384738445282,
  "kg_co2_emissions": null,
  "mteb_version": "1.14.19",
  "scores": {
    "test": [
      {
        "hf_subset": "default",
        "languages": [
          "eng-Latn"
        ],
        "main_score": 0.3659880478505355,
        "map": 0.3659880478505355,
        "mrr": 0.36508453760292003,
        "nAUC_map_diff1": 0.3216216714634099,
        "nAUC_map_max": 0.20624840673140818,
        "nAUC_map_std": 0.04309569803127796,
        "nAUC_mrr_diff1": 0.3221674266328769,
        "nAUC_mrr_max": 0.22053527407365817,
        "nAUC_mrr_std": 0.0515951868731984
      }
    ]
  },
  "task_name": "StackOverflowDupQuestions"
}