{
  "dataset_revision": "20a6d6f312dd54037fe07a32d58e5e168867909d",
  "evaluation_time": 15.16881012916565,
  "kg_co2_emissions": null,
  "mteb_version": "1.14.20",
  "scores": {
    "test": [
      {
        "cosine_pearson": 0.5972741925587057,
        "cosine_spearman": 0.5578195366176263,
        "euclidean_pearson": 0.5659988221766871,
        "euclidean_spearman": 0.5522295562332333,
        "hf_subset": "default",
        "languages": [
          "eng-Latn"
        ],
        "main_score": 0.5578195366176263,
        "manhattan_pearson": 0.5652683765321072,
        "manhattan_spearman": 0.5514777327694356,
        "pearson": 0.5972741925587057,
        "spearman": 0.5578195366176263
      }
    ]
  },
  "task_name": "SICK-R"
}