{
  "dataset_revision": "e185fbe320c72810689fc5848eb6114e1ef5ec69",
  "evaluation_time": 57.779643058776855,
  "kg_co2_emissions": null,
  "mteb_version": "1.14.20",
  "scores": {
    "test": [
      {
        "hf_subset": "default",
        "languages": [
          "eng-Latn"
        ],
        "main_score": 0.35513010312844306,
        "map": 0.35513010312844306,
        "mrr": 0.3525053582038877,
        "nAUC_map_diff1": 0.29539900154751125,
        "nAUC_map_max": 0.21549800448139897,
        "nAUC_map_std": 0.13576689724452431,
        "nAUC_mrr_diff1": 0.2894585020056574,
        "nAUC_mrr_max": 0.2217453842350546,
        "nAUC_mrr_std": 0.14388073750504643
      }
    ]
  },
  "task_name": "StackOverflowDupQuestions"
}