{
  "dataset_revision": "d3fb88f8f02e40887cd149695127462bbcf29b4a",
  "evaluation_time": 2.403090715408325,
  "kg_co2_emissions": null,
  "mteb_version": "1.14.20",
  "scores": {
    "test": [
      {
        "cosine_pearson": 0.6726648886825325,
        "cosine_spearman": 0.6819974674857916,
        "euclidean_pearson": 0.6452757946099948,
        "euclidean_spearman": 0.6397434926521179,
        "hf_subset": "default",
        "languages": [
          "eng-Latn"
        ],
        "main_score": 0.6819974674857916,
        "manhattan_pearson": 0.6447153837405101,
        "manhattan_spearman": 0.6386350336601881,
        "pearson": 0.6726648886825325,
        "spearman": 0.6819974674857916
      }
    ]
  },
  "task_name": "BIOSSES"
}