{
  "dataset_revision": "7e90230a92c190f1bf69ae9002b8cea547a64cca",
  "evaluation_time": 6.791800260543823,
  "kg_co2_emissions": null,
  "mteb_version": "1.14.20",
  "scores": {
    "test": [
      {
        "cosine_pearson": 0.5202007212175485,
        "cosine_spearman": 0.5274280788400942,
        "euclidean_pearson": 0.523873782443209,
        "euclidean_spearman": 0.5269481614882704,
        "hf_subset": "default",
        "languages": [
          "eng-Latn"
        ],
        "main_score": 0.5274280788400942,
        "manhattan_pearson": 0.526667327599237,
        "manhattan_spearman": 0.5291613542465237,
        "pearson": 0.5202007212175485,
        "spearman": 0.5274280788400942
      }
    ]
  },
  "task_name": "STS13"
}