{
  "dataset_revision": "2000358ca161889fa9c082cb41daa8dcfb161a54",
  "evaluation_time": 7.669297218322754,
  "kg_co2_emissions": null,
  "mteb_version": "1.14.20",
  "scores": {
    "test": [
      {
        "hf_subset": "default",
        "languages": [
          "eng-Latn"
        ],
        "main_score": 0.4716197375451562,
        "map": 0.4716197375451562,
        "mrr": 0.5989403332893638,
        "nAUC_map_diff1": 0.14652806008015115,
        "nAUC_map_max": 0.17970460900138047,
        "nAUC_map_std": 0.08425493661879666,
        "nAUC_mrr_diff1": 0.18163314711145365,
        "nAUC_mrr_max": 0.21235542652737352,
        "nAUC_mrr_std": 0.08030070939495541
      }
    ]
  },
  "task_name": "AskUbuntuDupQuestions"
}