{
  "dataset_revision": "d3fb88f8f02e40887cd149695127462bbcf29b4a",
  "evaluation_time": 1.8639686107635498,
  "kg_co2_emissions": null,
  "mteb_version": "1.14.20",
  "scores": {
    "test": [
      {
        "cosine_pearson": 0.6437724445047764,
        "cosine_spearman": 0.6453821753501959,
        "euclidean_pearson": 0.6184502120710218,
        "euclidean_spearman": 0.6150561831470719,
        "hf_subset": "default",
        "languages": [
          "eng-Latn"
        ],
        "main_score": 0.6453821753501959,
        "manhattan_pearson": 0.6203210808680496,
        "manhattan_spearman": 0.6204719692000334,
        "pearson": 0.6437724445047764,
        "spearman": 0.6453821753501959
      }
    ]
  },
  "task_name": "BIOSSES"
}