{
  "dataset_revision": "d3c5e1fc0b855ab6097bf1cda04dd73947d7caab",
  "evaluation_time": 83.56569266319275,
  "kg_co2_emissions": null,
  "mteb_version": "1.14.20",
  "scores": {
    "test": [
      {
        "hf_subset": "default",
        "languages": [
          "eng-Latn"
        ],
        "main_score": 0.5273208094547716,
        "map": 0.5273208094547716,
        "mrr": 0.7667378917378916,
        "nAUC_map_diff1": 0.18563939456054004,
        "nAUC_map_max": 0.3705154772010168,
        "nAUC_map_std": 0.30822494782096777,
        "nAUC_mrr_diff1": 0.37531039507129554,
        "nAUC_mrr_max": 0.4575771638567082,
        "nAUC_mrr_std": 0.2858376014584132
      }
    ]
  },
  "task_name": "SciDocsRR"
}