{
  "dataset_revision": "d3fb88f8f02e40887cd149695127462bbcf29b4a",
  "evaluation_time": 3.540947437286377,
  "kg_co2_emissions": null,
  "mteb_version": "1.14.20",
  "scores": {
    "test": [
      {
        "cosine_pearson": 0.03468476601345829,
        "cosine_spearman": 0.04658539882931238,
        "euclidean_pearson": 0.023369615095173716,
        "euclidean_spearman": 0.04412751149938099,
        "hf_subset": "default",
        "languages": [
          "eng-Latn"
        ],
        "main_score": 0.04658539882931238,
        "manhattan_pearson": 0.025103607922987464,
        "manhattan_spearman": 0.054338587539169494,
        "pearson": 0.03468476601345829,
        "spearman": 0.04658539882931238
      }
    ]
  },
  "task_name": "BIOSSES"
}