{
  "dataset_revision": "7e90230a92c190f1bf69ae9002b8cea547a64cca",
  "evaluation_time": 7.9266517162323,
  "kg_co2_emissions": null,
  "mteb_version": "1.14.20",
  "scores": {
    "test": [
      {
        "cosine_pearson": 0.1996849356635946,
        "cosine_spearman": 0.24287173923767685,
        "euclidean_pearson": 0.21671776849798963,
        "euclidean_spearman": 0.23719052205065064,
        "hf_subset": "default",
        "languages": [
          "eng-Latn"
        ],
        "main_score": 0.24287173923767685,
        "manhattan_pearson": 0.2168780924992564,
        "manhattan_spearman": 0.23709218327560366,
        "pearson": 0.1996849356635946,
        "spearman": 0.24287173923767685
      }
    ]
  },
  "task_name": "STS13"
}