{
  "dataset_revision": "2000358ca161889fa9c082cb41daa8dcfb161a54",
  "evaluation_time": 4.313883543014526,
  "kg_co2_emissions": null,
  "mteb_version": "1.14.20",
  "scores": {
    "test": [
      {
        "hf_subset": "default",
        "languages": [
          "eng-Latn"
        ],
        "main_score": 0.4722165406037256,
        "map": 0.4722165406037256,
        "mrr": 0.6054192498790836,
        "nAUC_map_diff1": 0.15677237250625303,
        "nAUC_map_max": 0.15636621960393296,
        "nAUC_map_std": 0.08132041569479256,
        "nAUC_mrr_diff1": 0.17578653840437544,
        "nAUC_mrr_max": 0.19292219947403194,
        "nAUC_mrr_std": 0.07697017294409597
      }
    ]
  },
  "task_name": "AskUbuntuDupQuestions"
}