{
  "dataset_revision": "d3c5e1fc0b855ab6097bf1cda04dd73947d7caab",
  "evaluation_time": 29.70305824279785,
  "kg_co2_emissions": null,
  "mteb_version": "1.14.20",
  "scores": {
    "test": [
      {
        "hf_subset": "default",
        "languages": [
          "eng-Latn"
        ],
        "main_score": 0.5091277588863937,
        "map": 0.5091277588863937,
        "mrr": 0.7531591411493372,
        "nAUC_map_diff1": 0.20610295416217372,
        "nAUC_map_max": 0.41317345846524295,
        "nAUC_map_std": 0.261954022210934,
        "nAUC_mrr_diff1": 0.4143059843446855,
        "nAUC_mrr_max": 0.4705049118913827,
        "nAUC_mrr_std": 0.2458179605295526
      }
    ]
  },
  "task_name": "SciDocsRR"
}