{
  "dataset_revision": "ae752c7c21bf194d8b67fd573edf7ae58183cbe3",
  "evaluation_time": 5.2948033809661865,
  "kg_co2_emissions": null,
  "mteb_version": "1.14.20",
  "scores": {
    "test": [
      {
        "cosine_pearson": 0.5067555090972328,
        "cosine_spearman": 0.5282664761767196,
        "euclidean_pearson": 0.5359924993031957,
        "euclidean_spearman": 0.5334817486688006,
        "hf_subset": "default",
        "languages": [
          "eng-Latn"
        ],
        "main_score": 0.5282664761767196,
        "manhattan_pearson": 0.5383322889022026,
        "manhattan_spearman": 0.535786440612291,
        "pearson": 0.5067555090972328,
        "spearman": 0.5282664761767196
      }
    ]
  },
  "task_name": "STS15"
}