{
  "dataset_revision": "d3fb88f8f02e40887cd149695127462bbcf29b4a",
  "evaluation_time": 19.476109743118286,
  "kg_co2_emissions": null,
  "mteb_version": "1.14.21",
  "scores": {
    "test": [
      {
        "cosine_pearson": 0.8143944822444951,
        "cosine_spearman": 0.7955482475884309,
        "euclidean_pearson": 0.7891631094724509,
        "euclidean_spearman": 0.7705537021671431,
        "hf_subset": "default",
        "languages": [
          "eng-Latn"
        ],
        "main_score": 0.7955482475884309,
        "manhattan_pearson": 0.7964007406072771,
        "manhattan_spearman": 0.776632153921802,
        "pearson": 0.8143944822444951,
        "spearman": 0.7955482475884309
      }
    ]
  },
  "task_name": "BIOSSES"
}