{
  "dataset_revision": "59042f120c80e8afa9cdbb224f67076cec0fc9a7",
  "evaluation_time": 603.4910440444946,
  "kg_co2_emissions": null,
  "mteb_version": "1.14.21",
  "scores": {
    "test": [
      {
        "hf_subset": "default",
        "languages": [
          "eng-Latn"
        ],
        "main_score": 0.3144131386001526,
        "map": 0.3144131386001526,
        "mrr": 0.32577260066581726,
        "nAUC_map_diff1": 0.16928191570526405,
        "nAUC_map_max": -0.22570348860974615,
        "nAUC_map_std": -0.005528865250271159,
        "nAUC_mrr_diff1": 0.15507148943002796,
        "nAUC_mrr_max": -0.164776513769905,
        "nAUC_mrr_std": 0.011115564870444006
      }
    ]
  },
  "task_name": "MindSmallReranking"
}