{
  "dataset_revision": "7e90230a92c190f1bf69ae9002b8cea547a64cca",
  "evaluation_time": 71.31109380722046,
  "kg_co2_emissions": null,
  "mteb_version": "1.14.21",
  "scores": {
    "test": [
      {
        "cosine_pearson": 0.6694400563893256,
        "cosine_spearman": 0.6825737439150193,
        "euclidean_pearson": 0.6788482065079808,
        "euclidean_spearman": 0.6833047745418789,
        "hf_subset": "default",
        "languages": [
          "eng-Latn"
        ],
        "main_score": 0.6825737439150193,
        "manhattan_pearson": 0.6832256802729094,
        "manhattan_spearman": 0.6876947574685672,
        "pearson": 0.6694400563893256,
        "spearman": 0.6825737439150193
      }
    ]
  },
  "task_name": "STS13"
}