{
  "dataset_revision": "a0d554a64d88156834ff5ae9920b964011b16384",
  "evaluation_time": 94.03685021400452,
  "kg_co2_emissions": null,
  "mteb_version": "1.14.21",
  "scores": {
    "test": [
      {
        "cosine_pearson": 0.5638696355898731,
        "cosine_spearman": 0.48644917518455405,
        "euclidean_pearson": 0.5300326922108176,
        "euclidean_spearman": 0.46792491345816795,
        "hf_subset": "default",
        "languages": [
          "eng-Latn"
        ],
        "main_score": 0.48644917518455405,
        "manhattan_pearson": 0.5370632837567507,
        "manhattan_spearman": 0.47107877536957216,
        "pearson": 0.5638696355898731,
        "spearman": 0.48644917518455405
      }
    ]
  },
  "task_name": "STS12"
}