{
  "dataset_revision": "b0fddb56ed78048fa8b90373c8a3cfc37b684831",
  "evaluation_time": 58.27587842941284,
  "kg_co2_emissions": null,
  "mteb_version": "1.14.21",
  "scores": {
    "test": [
      {
        "cosine_pearson": 0.747970655477344,
        "cosine_spearman": 0.7407220361509527,
        "euclidean_pearson": 0.7352997900742096,
        "euclidean_spearman": 0.7305378817227617,
        "hf_subset": "default",
        "languages": [
          "eng-Latn"
        ],
        "main_score": 0.7407220361509527,
        "manhattan_pearson": 0.7386821335714987,
        "manhattan_spearman": 0.7341108182919831,
        "pearson": 0.747970655477344,
        "spearman": 0.7407220361509527
      }
    ]
  },
  "task_name": "STSBenchmark"
}