{
  "dataset_revision": "d3fb88f8f02e40887cd149695127462bbcf29b4a",
  "evaluation_time": 1.846801519393921,
  "kg_co2_emissions": null,
  "mteb_version": "1.14.20",
  "scores": {
    "test": [
      {
        "cosine_pearson": 0.6877253382171213,
        "cosine_spearman": 0.7089257919093045,
        "euclidean_pearson": 0.6616313750297342,
        "euclidean_spearman": 0.6738647520558714,
        "hf_subset": "default",
        "languages": [
          "eng-Latn"
        ],
        "main_score": 0.7089257919093045,
        "manhattan_pearson": 0.6571410018897557,
        "manhattan_spearman": 0.6711116772770023,
        "pearson": 0.6877253382171213,
        "spearman": 0.7089257919093045
      }
    ]
  },
  "task_name": "BIOSSES"
}