{
  "dataset_revision": "59042f120c80e8afa9cdbb224f67076cec0fc9a7",
  "evaluation_time": 127.58983325958252,
  "kg_co2_emissions": null,
  "mteb_version": "1.14.20",
  "scores": {
    "test": [
      {
        "hf_subset": "default",
        "languages": [
          "eng-Latn"
        ],
        "main_score": 0.2748760279934659,
        "map": 0.2748760279934659,
        "mrr": 0.2809645254720532,
        "nAUC_map_diff1": 0.16889726555642814,
        "nAUC_map_max": -0.2556979000771172,
        "nAUC_map_std": -0.0951119000736552,
        "nAUC_mrr_diff1": 0.1545695427292308,
        "nAUC_mrr_max": -0.1949998989924246,
        "nAUC_mrr_std": -0.08306706183617493
      }
    ]
  },
  "task_name": "MindSmallReranking"
}