{
  "dataset_revision": "20a6d6f312dd54037fe07a32d58e5e168867909d",
  "evaluation_time": 14.9024338722229,
  "kg_co2_emissions": null,
  "mteb_version": "1.14.20",
  "scores": {
    "test": [
      {
        "cosine_pearson": 0.6170648267464796,
        "cosine_spearman": 0.5687927105064612,
        "euclidean_pearson": 0.5834556166819779,
        "euclidean_spearman": 0.5660514331585254,
        "hf_subset": "default",
        "languages": [
          "eng-Latn"
        ],
        "main_score": 0.5687927105064612,
        "manhattan_pearson": 0.5831411009044679,
        "manhattan_spearman": 0.5657157340526457,
        "pearson": 0.6170648267464796,
        "spearman": 0.5687927105064612
      }
    ]
  },
  "task_name": "SICK-R"
}