{
  "dataset_revision": "2000358ca161889fa9c082cb41daa8dcfb161a54",
  "evaluation_time": 7.038227081298828,
  "kg_co2_emissions": null,
  "mteb_version": "1.14.20",
  "scores": {
    "test": [
      {
        "hf_subset": "default",
        "languages": [
          "eng-Latn"
        ],
        "main_score": 0.4768953786962984,
        "map": 0.4768953786962984,
        "mrr": 0.6000747482741943,
        "nAUC_map_diff1": 0.07022713606129873,
        "nAUC_map_max": 0.1849915682434966,
        "nAUC_map_std": 0.07440325916526927,
        "nAUC_mrr_diff1": 0.1436071053667489,
        "nAUC_mrr_max": 0.22246518921929784,
        "nAUC_mrr_std": 0.09176921241680526
      }
    ]
  },
  "task_name": "AskUbuntuDupQuestions"
}