{
  "dataset_revision": "d3fb88f8f02e40887cd149695127462bbcf29b4a",
  "evaluation_time": 3.014723062515259,
  "kg_co2_emissions": null,
  "mteb_version": "1.14.20",
  "scores": {
    "test": [
      {
        "cosine_pearson": 0.6601997454470454,
        "cosine_spearman": 0.6772865167700898,
        "euclidean_pearson": 0.6244954299012324,
        "euclidean_spearman": 0.635647013768899,
        "hf_subset": "default",
        "languages": [
          "eng-Latn"
        ],
        "main_score": 0.6772865167700898,
        "manhattan_pearson": 0.6237510424784215,
        "manhattan_spearman": 0.6324662184007526,
        "pearson": 0.6601997454470454,
        "spearman": 0.6772865167700898
      }
    ]
  },
  "task_name": "BIOSSES"
}