{
  "dataset_revision": "59042f120c80e8afa9cdbb224f67076cec0fc9a7",
  "evaluation_time": 121.3924171924591,
  "kg_co2_emissions": null,
  "mteb_version": "1.14.20",
  "scores": {
    "test": [
      {
        "hf_subset": "default",
        "languages": [
          "eng-Latn"
        ],
        "main_score": 0.2607517971849719,
        "map": 0.2607517971849719,
        "mrr": 0.26421472114929784,
        "nAUC_map_diff1": 0.19087961961582517,
        "nAUC_map_max": -0.25661587119268126,
        "nAUC_map_std": -0.101302531450032,
        "nAUC_mrr_diff1": 0.1765811212066156,
        "nAUC_mrr_max": -0.19478290372612184,
        "nAUC_mrr_std": -0.08978153094375059
      }
    ]
  },
  "task_name": "MindSmallReranking"
}