{
  "dataset_revision": "2000358ca161889fa9c082cb41daa8dcfb161a54",
  "evaluation_time": 7.3796916007995605,
  "kg_co2_emissions": null,
  "mteb_version": "1.14.20",
  "scores": {
    "test": [
      {
        "hf_subset": "default",
        "languages": [
          "eng-Latn"
        ],
        "main_score": 0.48054157835006267,
        "map": 0.48054157835006267,
        "mrr": 0.6100503451611485,
        "nAUC_map_diff1": 0.12506981737772682,
        "nAUC_map_max": 0.1910192277037448,
        "nAUC_map_std": 0.07411372998106747,
        "nAUC_mrr_diff1": 0.16597766825790222,
        "nAUC_mrr_max": 0.2550298510364204,
        "nAUC_mrr_std": 0.10213927449838857
      }
    ]
  },
  "task_name": "AskUbuntuDupQuestions"
}