{
  "dataset_revision": "59042f120c80e8afa9cdbb224f67076cec0fc9a7",
  "evaluation_time": 113.563645362854,
  "kg_co2_emissions": null,
  "mteb_version": "1.14.20",
  "scores": {
    "test": [
      {
        "hf_subset": "default",
        "languages": [
          "eng-Latn"
        ],
        "main_score": 0.2585294578613248,
        "map": 0.2585294578613248,
        "mrr": 0.26231406745975805,
        "nAUC_map_diff1": 0.1745303098906842,
        "nAUC_map_max": -0.2581759413805,
        "nAUC_map_std": -0.09208012527784504,
        "nAUC_mrr_diff1": 0.15881735725124832,
        "nAUC_mrr_max": -0.19719511382257082,
        "nAUC_mrr_std": -0.08125806551763375
      }
    ]
  },
  "task_name": "MindSmallReranking"
}