{
  "dataset_revision": "20a6d6f312dd54037fe07a32d58e5e168867909d",
  "evaluation_time": 12.665755271911621,
  "kg_co2_emissions": null,
  "mteb_version": "1.14.20",
  "scores": {
    "test": [
      {
        "cosine_pearson": 0.5971869551283299,
        "cosine_spearman": 0.5635059816954517,
        "euclidean_pearson": 0.5644058748763517,
        "euclidean_spearman": 0.5557022301754059,
        "hf_subset": "default",
        "languages": [
          "eng-Latn"
        ],
        "main_score": 0.5635059816954517,
        "manhattan_pearson": 0.564307557454126,
        "manhattan_spearman": 0.5558873564077385,
        "pearson": 0.5971869551283299,
        "spearman": 0.5635059816954517
      }
    ]
  },
  "task_name": "SICK-R"
}