{
  "dataset_revision": "e185fbe320c72810689fc5848eb6114e1ef5ec69",
  "evaluation_time": 44.55991172790527,
  "kg_co2_emissions": null,
  "mteb_version": "1.14.20",
  "scores": {
    "test": [
      {
        "hf_subset": "default",
        "languages": [
          "eng-Latn"
        ],
        "main_score": 0.3557040232020386,
        "map": 0.3557040232020386,
        "mrr": 0.35247153785756724,
        "nAUC_map_diff1": 0.29850061017028395,
        "nAUC_map_max": 0.22069117273642588,
        "nAUC_map_std": 0.1412567588397716,
        "nAUC_mrr_diff1": 0.2955143505019266,
        "nAUC_mrr_max": 0.22772048437240514,
        "nAUC_mrr_std": 0.14559463476922352
      }
    ]
  },
  "task_name": "StackOverflowDupQuestions"
}