{
  "dataset_revision": "a0d554a64d88156834ff5ae9920b964011b16384",
  "evaluation_time": 9.311997890472412,
  "kg_co2_emissions": null,
  "mteb_version": "1.14.20",
  "scores": {
    "test": [
      {
        "cosine_pearson": 0.38444350970946006,
        "cosine_spearman": 0.4058436167294784,
        "euclidean_pearson": 0.385572539539277,
        "euclidean_spearman": 0.3858824376723418,
        "hf_subset": "default",
        "languages": [
          "eng-Latn"
        ],
        "main_score": 0.4058436167294784,
        "manhattan_pearson": 0.38854634799515847,
        "manhattan_spearman": 0.38690376650266883,
        "pearson": 0.38444350970946006,
        "spearman": 0.4058436167294784
      }
    ]
  },
  "task_name": "STS12"
}