{
  "dataset_revision": "b0fddb56ed78048fa8b90373c8a3cfc37b684831",
  "evaluation_time": 5.46108865737915,
  "kg_co2_emissions": null,
  "mteb_version": "1.14.20",
  "scores": {
    "test": [
      {
        "cosine_pearson": 0.4591722391563577,
        "cosine_spearman": 0.45003860517418065,
        "euclidean_pearson": 0.4698424165056606,
        "euclidean_spearman": 0.46782844576472377,
        "hf_subset": "default",
        "languages": [
          "eng-Latn"
        ],
        "main_score": 0.45003860517418065,
        "manhattan_pearson": 0.47027912173801945,
        "manhattan_spearman": 0.46821666476759327,
        "pearson": 0.4591722391563577,
        "spearman": 0.45003860517418065
      }
    ]
  },
  "task_name": "STSBenchmark"
}