{
  "dataset_revision": "d3fb88f8f02e40887cd149695127462bbcf29b4a",
  "evaluation_time": 3.3819196224212646,
  "kg_co2_emissions": null,
  "mteb_version": "1.14.19",
  "scores": {
    "test": [
      {
        "cosine_pearson": 0.6483359241609583,
        "cosine_spearman": 0.7024196195653686,
        "euclidean_pearson": 0.6433528706419925,
        "euclidean_spearman": 0.6790275202954578,
        "hf_subset": "default",
        "languages": [
          "eng-Latn"
        ],
        "main_score": 0.7024196195653686,
        "manhattan_pearson": 0.6589088304754397,
        "manhattan_spearman": 0.6885036398297276,
        "pearson": 0.6483359241609583,
        "spearman": 0.7024196195653686
      }
    ]
  },
  "task_name": "BIOSSES"
}