{
  "dataset_revision": "d66bd1f72af766a5cc4b0ca5e00c162f89e8cc46",
  "evaluation_time": 27.403061866760254,
  "kg_co2_emissions": null,
  "mteb_version": "1.14.19",
  "scores": {
    "test": [
      {
        "cosine_accuracy": 0.9914752475247525,
        "cosine_accuracy_threshold": 0.9149578213691711,
        "cosine_ap": 0.3741764754741785,
        "cosine_f1": 0.43115743280307184,
        "cosine_f1_threshold": 0.8992393016815186,
        "cosine_precision": 0.4775212636695018,
        "cosine_recall": 0.393,
        "dot_accuracy": 0.9902574257425742,
        "dot_accuracy_threshold": 3959.265625,
        "dot_ap": 0.14735741120879728,
        "dot_f1": 0.22905027932960892,
        "dot_f1_threshold": 3744.91796875,
        "dot_precision": 0.25949367088607594,
        "dot_recall": 0.205,
        "euclidean_accuracy": 0.9912871287128713,
        "euclidean_accuracy_threshold": 25.61874008178711,
        "euclidean_ap": 0.3615851883633383,
        "euclidean_f1": 0.42596810933940776,
        "euclidean_f1_threshold": 27.79161834716797,
        "euclidean_precision": 0.4947089947089947,
        "euclidean_recall": 0.374,
        "hf_subset": "default",
        "languages": [
          "eng-Latn"
        ],
        "main_score": 0.37788763102207545,
        "manhattan_accuracy": 0.9913762376237624,
        "manhattan_accuracy_threshold": 647.973388671875,
        "manhattan_ap": 0.37788763102207545,
        "manhattan_f1": 0.43468339988590987,
        "manhattan_f1_threshold": 703.2333984375,
        "manhattan_precision": 0.5059760956175299,
        "manhattan_recall": 0.381,
        "max_accuracy": 0.9914752475247525,
        "max_ap": 0.37788763102207545,
        "max_f1": 0.43468339988590987,
        "max_precision": 0.5059760956175299,
        "max_recall": 0.393,
        "similarity_accuracy": 0.9914752475247525,
        "similarity_accuracy_threshold": 0.9149578213691711,
        "similarity_ap": 0.3741764754741785,
        "similarity_f1": 0.43115743280307184,
        "similarity_f1_threshold": 0.8992393016815186,
        "similarity_precision": 0.4775212636695018,
        "similarity_recall": 0.393
      }
    ],
    "validation": [
      {
        "cosine_accuracy": 0.9906930693069307,
        "cosine_accuracy_threshold": 0.9184088706970215,
        "cosine_ap": 0.28636796822775973,
        "cosine_f1": 0.3447653429602889,
        "cosine_f1_threshold": 0.886765718460083,
        "cosine_precision": 0.31414473684210525,
        "cosine_recall": 0.382,
        "dot_accuracy": 0.9901980198019802,
        "dot_accuracy_threshold": 4061.401611328125,
        "dot_ap": 0.11284683625538242,
        "dot_f1": 0.18935392117025596,
        "dot_f1_threshold": 3654.65283203125,
        "dot_precision": 0.1594798083504449,
        "dot_recall": 0.233,
        "euclidean_accuracy": 0.9906930693069307,
        "euclidean_accuracy_threshold": 25.0810546875,
        "euclidean_ap": 0.2733886007791252,
        "euclidean_f1": 0.33374844333748444,
        "euclidean_f1_threshold": 28.21619415283203,
        "euclidean_precision": 0.44224422442244227,
        "euclidean_recall": 0.268,
        "hf_subset": "default",
        "languages": [
          "eng-Latn"
        ],
        "main_score": 0.2910319063029277,
        "manhattan_accuracy": 0.9907326732673267,
        "manhattan_accuracy_threshold": 633.9723510742188,
        "manhattan_ap": 0.2910319063029277,
        "manhattan_f1": 0.34246575342465757,
        "manhattan_f1_threshold": 736.3316650390625,
        "manhattan_precision": 0.3619153674832962,
        "manhattan_recall": 0.325,
        "max_accuracy": 0.9907326732673267,
        "max_ap": 0.2910319063029277,
        "max_f1": 0.3447653429602889,
        "max_precision": 0.44224422442244227,
        "max_recall": 0.382,
        "similarity_accuracy": 0.9906930693069307,
        "similarity_accuracy_threshold": 0.9184088706970215,
        "similarity_ap": 0.28636796822775973,
        "similarity_f1": 0.3447653429602889,
        "similarity_f1_threshold": 0.886765718460083,
        "similarity_precision": 0.31414473684210525,
        "similarity_recall": 0.382
      }
    ]
  },
  "task_name": "SprintDuplicateQuestions"
}