{
  "dataset_revision": "a0d554a64d88156834ff5ae9920b964011b16384",
  "evaluation_time": 12.898176908493042,
  "kg_co2_emissions": null,
  "mteb_version": "1.14.19",
  "scores": {
    "test": [
      {
        "cosine_pearson": 0.4093248845669334,
        "cosine_spearman": 0.4315336118061039,
        "euclidean_pearson": 0.4053731440127238,
        "euclidean_spearman": 0.40991900701959877,
        "hf_subset": "default",
        "languages": [
          "eng-Latn"
        ],
        "main_score": 0.4315336118061039,
        "manhattan_pearson": 0.4096125450658068,
        "manhattan_spearman": 0.4107646081428786,
        "pearson": 0.4093248845669334,
        "spearman": 0.4315336118061039
      }
    ]
  },
  "task_name": "STS12"
}