{
  "dataset_revision": "59042f120c80e8afa9cdbb224f67076cec0fc9a7",
  "evaluation_time": 111.70441722869873,
  "kg_co2_emissions": null,
  "mteb_version": "1.14.20",
  "scores": {
    "test": [
      {
        "hf_subset": "default",
        "languages": [
          "eng-Latn"
        ],
        "main_score": 0.2653649303489475,
        "map": 0.2653649303489475,
        "mrr": 0.2696028042820312,
        "nAUC_map_diff1": 0.20281592640209611,
        "nAUC_map_max": -0.27047994486763416,
        "nAUC_map_std": -0.17418509721473946,
        "nAUC_mrr_diff1": 0.18383758398478253,
        "nAUC_mrr_max": -0.2134411853022929,
        "nAUC_mrr_std": -0.1502375196262899
      }
    ]
  },
  "task_name": "MindSmallReranking"
}