{
  "dataset_revision": "d3c5e1fc0b855ab6097bf1cda04dd73947d7caab",
  "evaluation_time": 36.26708173751831,
  "kg_co2_emissions": null,
  "mteb_version": "1.14.20",
  "scores": {
    "test": [
      {
        "hf_subset": "default",
        "languages": [
          "eng-Latn"
        ],
        "main_score": 0.5107753424468265,
        "map": 0.5107753424468265,
        "mrr": 0.7547182120711533,
        "nAUC_map_diff1": 0.20266526219259,
        "nAUC_map_max": 0.4227166084647877,
        "nAUC_map_std": 0.2975544980994214,
        "nAUC_mrr_diff1": 0.42861023396401915,
        "nAUC_mrr_max": 0.4853014911318979,
        "nAUC_mrr_std": 0.28685536306832543
      }
    ]
  },
  "task_name": "SciDocsRR"
}