{
  "dataset_revision": "e185fbe320c72810689fc5848eb6114e1ef5ec69",
  "evaluation_time": 84.33699560165405,
  "kg_co2_emissions": null,
  "mteb_version": "1.14.20",
  "scores": {
    "test": [
      {
        "hf_subset": "default",
        "languages": [
          "eng-Latn"
        ],
        "main_score": 0.2589038473889621,
        "map": 0.2589038473889621,
        "mrr": 0.24510055916305917,
        "nAUC_map_diff1": 0.15905926614039906,
        "nAUC_map_max": 0.2546182506706502,
        "nAUC_map_std": 0.06342666491226565,
        "nAUC_mrr_diff1": 0.1555496564602349,
        "nAUC_mrr_max": 0.2538960949274463,
        "nAUC_mrr_std": 0.06307048192163232
      }
    ]
  },
  "task_name": "StackOverflowDupQuestions"
}