{
  "dataset_revision": "d3fb88f8f02e40887cd149695127462bbcf29b4a",
  "evaluation_time": 4.6937479972839355,
  "kg_co2_emissions": null,
  "mteb_version": "1.14.21",
  "scores": {
    "test": [
      {
        "cosine_pearson": 0.7464301866626208,
        "cosine_spearman": 0.717335622087207,
        "euclidean_pearson": 0.6942712632033096,
        "euclidean_spearman": 0.6872265022955475,
        "hf_subset": "default",
        "languages": [
          "eng-Latn"
        ],
        "main_score": 0.717335622087207,
        "manhattan_pearson": 0.6993667827964737,
        "manhattan_spearman": 0.6783949757620195,
        "pearson": 0.7464301866626208,
        "spearman": 0.717335622087207
      }
    ]
  },
  "task_name": "BIOSSES"
}