{
  "dataset_revision": "2000358ca161889fa9c082cb41daa8dcfb161a54",
  "evaluation_time": 93.15104937553406,
  "kg_co2_emissions": null,
  "mteb_version": "1.14.21",
  "scores": {
    "test": [
      {
        "hf_subset": "default",
        "languages": [
          "eng-Latn"
        ],
        "main_score": 0.541537194867422,
        "map": 0.541537194867422,
        "mrr": 0.6796047135382316,
        "nAUC_map_diff1": 0.11067487925891378,
        "nAUC_map_max": 0.2136997994461093,
        "nAUC_map_std": 0.1709288601654727,
        "nAUC_mrr_diff1": 0.13622485197532333,
        "nAUC_mrr_max": 0.26220098615714743,
        "nAUC_mrr_std": 0.1778269332541742
      }
    ]
  },
  "task_name": "AskUbuntuDupQuestions"
}