{
  "dataset_revision": "e185fbe320c72810689fc5848eb6114e1ef5ec69",
  "evaluation_time": 1066.4944984912872,
  "kg_co2_emissions": null,
  "mteb_version": "1.14.21",
  "scores": {
    "test": [
      {
        "hf_subset": "default",
        "languages": [
          "eng-Latn"
        ],
        "main_score": 0.4771075839412859,
        "map": 0.4771075839412859,
        "mrr": 0.4836725978270096,
        "nAUC_map_diff1": 0.33297451110341303,
        "nAUC_map_max": 0.14289338234186477,
        "nAUC_map_std": 0.05920114392990613,
        "nAUC_mrr_diff1": 0.33765737518978406,
        "nAUC_mrr_max": 0.1543798067763803,
        "nAUC_mrr_std": 0.06738080701296645
      }
    ]
  },
  "task_name": "StackOverflowDupQuestions"
}