{
  "dataset_revision": "2000358ca161889fa9c082cb41daa8dcfb161a54",
  "evaluation_time": 20.209296703338623,
  "kg_co2_emissions": null,
  "mteb_version": "1.14.19",
  "scores": {
    "test": [
      {
        "hf_subset": "default",
        "languages": [
          "eng-Latn"
        ],
        "main_score": 0.4762131289612336,
        "map": 0.4762131289612336,
        "mrr": 0.6199489952952556,
        "nAUC_map_diff1": 0.09897621685776296,
        "nAUC_map_max": 0.10729087600755575,
        "nAUC_map_std": 0.01970888621917164,
        "nAUC_mrr_diff1": 0.1070310179376572,
        "nAUC_mrr_max": 0.14546215249214917,
        "nAUC_mrr_std": -0.02906123581831166
      }
    ]
  },
  "task_name": "AskUbuntuDupQuestions"
}