{
  "dataset_revision": "59042f120c80e8afa9cdbb224f67076cec0fc9a7",
  "evaluation_time": 208.53363680839539,
  "kg_co2_emissions": null,
  "mteb_version": "1.14.19",
  "scores": {
    "test": [
      {
        "hf_subset": "default",
        "languages": [
          "eng-Latn"
        ],
        "main_score": 0.28622500043378624,
        "map": 0.28622500043378624,
        "mrr": 0.29323216853348794,
        "nAUC_map_diff1": 0.23482774921096358,
        "nAUC_map_max": -0.2483560076084017,
        "nAUC_map_std": -0.050270920884181725,
        "nAUC_mrr_diff1": 0.20951094198253084,
        "nAUC_mrr_max": -0.19467173386214234,
        "nAUC_mrr_std": -0.04801992055869298
      }
    ]
  },
  "task_name": "MindSmallReranking"
}