{
  "dataset_revision": "d66bd1f72af766a5cc4b0ca5e00c162f89e8cc46",
  "evaluation_time": 33.96685481071472,
  "kg_co2_emissions": null,
  "mteb_version": "1.14.19",
  "scores": {
    "test": [
      {
        "cosine_accuracy": 0.9918217821782178,
        "cosine_accuracy_threshold": 0.9246984720230103,
        "cosine_ap": 0.3959684876470832,
        "cosine_f1": 0.41648822269807284,
        "cosine_f1_threshold": 0.9010892510414124,
        "cosine_precision": 0.44815668202764974,
        "cosine_recall": 0.389,
        "dot_accuracy": 0.9902574257425742,
        "dot_accuracy_threshold": 274.42620849609375,
        "dot_ap": 0.11604511402132142,
        "dot_f1": 0.17927170868347342,
        "dot_f1_threshold": 249.77255249023438,
        "dot_precision": 0.20382165605095542,
        "dot_recall": 0.16,
        "euclidean_accuracy": 0.9915841584158416,
        "euclidean_accuracy_threshold": 6.026278972625732,
        "euclidean_ap": 0.3771277709488368,
        "euclidean_f1": 0.4059171597633136,
        "euclidean_f1_threshold": 6.9254069328308105,
        "euclidean_precision": 0.4971014492753623,
        "euclidean_recall": 0.343,
        "hf_subset": "default",
        "languages": [
          "eng-Latn"
        ],
        "main_score": 0.5109398173419432,
        "manhattan_accuracy": 0.9922871287128713,
        "manhattan_accuracy_threshold": 122.24004364013672,
        "manhattan_ap": 0.5109398173419432,
        "manhattan_f1": 0.5027876330461227,
        "manhattan_f1_threshold": 139.90484619140625,
        "manhattan_precision": 0.5097636176772867,
        "manhattan_recall": 0.496,
        "max_accuracy": 0.9922871287128713,
        "max_ap": 0.5109398173419432,
        "max_f1": 0.5027876330461227,
        "max_precision": 0.5097636176772867,
        "max_recall": 0.496,
        "similarity_accuracy": 0.9918217821782178,
        "similarity_accuracy_threshold": 0.9246984720230103,
        "similarity_ap": 0.3959684876470832,
        "similarity_f1": 0.41648822269807284,
        "similarity_f1_threshold": 0.9010892510414124,
        "similarity_precision": 0.44815668202764974,
        "similarity_recall": 0.389
      }
    ],
    "validation": [
      {
        "cosine_accuracy": 0.9911485148514851,
        "cosine_accuracy_threshold": 0.9177953004837036,
        "cosine_ap": 0.3030037511223937,
        "cosine_f1": 0.3465346534653465,
        "cosine_f1_threshold": 0.893937349319458,
        "cosine_precision": 0.3431372549019608,
        "cosine_recall": 0.35,
        "dot_accuracy": 0.9902079207920792,
        "dot_accuracy_threshold": 279.48236083984375,
        "dot_ap": 0.09297046685598445,
        "dot_f1": 0.1689567430025445,
        "dot_f1_threshold": 246.46466064453125,
        "dot_precision": 0.17202072538860103,
        "dot_recall": 0.166,
        "euclidean_accuracy": 0.9910891089108911,
        "euclidean_accuracy_threshold": 6.242071628570557,
        "euclidean_ap": 0.29060327245063716,
        "euclidean_f1": 0.34300254452926215,
        "euclidean_f1_threshold": 7.313142776489258,
        "euclidean_precision": 0.34922279792746114,
        "euclidean_recall": 0.337,
        "hf_subset": "default",
        "languages": [
          "eng-Latn"
        ],
        "main_score": 0.43761588830554626,
        "manhattan_accuracy": 0.9918613861386139,
        "manhattan_accuracy_threshold": 125.39236450195312,
        "manhattan_ap": 0.43761588830554626,
        "manhattan_f1": 0.4628014366341714,
        "manhattan_f1_threshold": 141.91024780273438,
        "manhattan_precision": 0.47523709167544786,
        "manhattan_recall": 0.451,
        "max_accuracy": 0.9918613861386139,
        "max_ap": 0.43761588830554626,
        "max_f1": 0.4628014366341714,
        "max_precision": 0.47523709167544786,
        "max_recall": 0.451,
        "similarity_accuracy": 0.9911485148514851,
        "similarity_accuracy_threshold": 0.9177953004837036,
        "similarity_ap": 0.3030037511223937,
        "similarity_f1": 0.3465346534653465,
        "similarity_f1_threshold": 0.893937349319458,
        "similarity_precision": 0.3431372549019608,
        "similarity_recall": 0.35
      }
    ]
  },
  "task_name": "SprintDuplicateQuestions"
}