{
  "dataset_revision": "ae752c7c21bf194d8b67fd573edf7ae58183cbe3",
  "evaluation_time": 16.417218685150146,
  "kg_co2_emissions": null,
  "mteb_version": "1.14.19",
  "scores": {
    "test": [
      {
        "cosine_pearson": 0.52973766010071,
        "cosine_spearman": 0.5609956048696991,
        "euclidean_pearson": 0.5285884117544919,
        "euclidean_spearman": 0.5427455801734664,
        "hf_subset": "default",
        "languages": [
          "eng-Latn"
        ],
        "main_score": 0.5609956048696991,
        "manhattan_pearson": 0.5686314569373545,
        "manhattan_spearman": 0.58333286115556,
        "pearson": 0.52973766010071,
        "spearman": 0.5609956048696991
      }
    ]
  },
  "task_name": "STS15"
}