{
  "dataset_revision": "6031580fec1f6af667f0bd2da0a551cf4f0b2375",
  "evaluation_time": 19.91379714012146,
  "kg_co2_emissions": null,
  "mteb_version": "1.14.19",
  "scores": {
    "test": [
      {
        "cosine_pearson": 0.4515202574679232,
        "cosine_spearman": 0.43577657807010495,
        "euclidean_pearson": 0.49116063179846514,
        "euclidean_spearman": 0.4650967534177838,
        "hf_subset": "default",
        "languages": [
          "eng-Latn"
        ],
        "main_score": 0.43577657807010495,
        "manhattan_pearson": 0.5161483015341046,
        "manhattan_spearman": 0.489641848304779,
        "pearson": 0.4515202574679232,
        "spearman": 0.43577657807010495
      }
    ]
  },
  "task_name": "STS14"
}