{
  "dataset_revision": "a0d554a64d88156834ff5ae9920b964011b16384",
  "evaluation_time": 13.563012838363647,
  "kg_co2_emissions": null,
  "mteb_version": "1.14.19",
  "scores": {
    "test": [
      {
        "cosine_pearson": 0.3394839030114656,
        "cosine_spearman": 0.38010114993530025,
        "euclidean_pearson": 0.34828331234891763,
        "euclidean_spearman": 0.3507167626265803,
        "hf_subset": "default",
        "languages": [
          "eng-Latn"
        ],
        "main_score": 0.38010114993530025,
        "manhattan_pearson": 0.3756735782338738,
        "manhattan_spearman": 0.37144051462229793,
        "pearson": 0.3394839030114656,
        "spearman": 0.38010114993530025
      }
    ]
  },
  "task_name": "STS12"
}