{
  "dataset_revision": "d3fb88f8f02e40887cd149695127462bbcf29b4a",
  "evaluation_time": 4.151182174682617,
  "kg_co2_emissions": null,
  "mteb_version": "1.14.20",
  "scores": {
    "test": [
      {
        "cosine_pearson": 0.3899587445083929,
        "cosine_spearman": 0.6525931830313918,
        "euclidean_pearson": 0.5270782083664411,
        "euclidean_spearman": 0.6080379509427335,
        "hf_subset": "default",
        "languages": [
          "eng-Latn"
        ],
        "main_score": 0.6525931830313918,
        "manhattan_pearson": 0.7022033582333178,
        "manhattan_spearman": 0.680732378418915,
        "pearson": 0.3899587445083929,
        "spearman": 0.6525931830313918
      }
    ]
  },
  "task_name": "BIOSSES"
}