{
  "dataset_revision": "a0d554a64d88156834ff5ae9920b964011b16384",
  "evaluation_time": 10.790655851364136,
  "kg_co2_emissions": null,
  "mteb_version": "1.14.20",
  "scores": {
    "test": [
      {
        "cosine_pearson": 0.43482588808841344,
        "cosine_spearman": 0.47602435097984214,
        "euclidean_pearson": 0.4350849992858372,
        "euclidean_spearman": 0.45530249643786147,
        "hf_subset": "default",
        "languages": [
          "eng-Latn"
        ],
        "main_score": 0.47602435097984214,
        "manhattan_pearson": 0.46228424109497085,
        "manhattan_spearman": 0.4708884381974528,
        "pearson": 0.43482588808841344,
        "spearman": 0.47602435097984214
      }
    ]
  },
  "task_name": "STS12"
}