{
  "dataset_revision": "d66bd1f72af766a5cc4b0ca5e00c162f89e8cc46",
  "evaluation_time": 28.643184423446655,
  "kg_co2_emissions": null,
  "mteb_version": "1.14.19",
  "scores": {
    "test": [
      {
        "cosine_accuracy": 0.9914554455445544,
        "cosine_accuracy_threshold": 0.9216276407241821,
        "cosine_ap": 0.3896343462382987,
        "cosine_f1": 0.44075067024128683,
        "cosine_f1_threshold": 0.9016314148902893,
        "cosine_precision": 0.4751445086705202,
        "cosine_recall": 0.411,
        "dot_accuracy": 0.9901386138613861,
        "dot_accuracy_threshold": 4063.947265625,
        "dot_ap": 0.10475647379636141,
        "dot_f1": 0.19147961520842877,
        "dot_f1_threshold": 3616.337890625,
        "dot_precision": 0.17666948436179206,
        "dot_recall": 0.209,
        "euclidean_accuracy": 0.9914059405940594,
        "euclidean_accuracy_threshold": 24.75497817993164,
        "euclidean_ap": 0.38078853303107457,
        "euclidean_f1": 0.43494196701282833,
        "euclidean_f1_threshold": 26.447463989257812,
        "euclidean_precision": 0.5588697017268446,
        "euclidean_recall": 0.356,
        "hf_subset": "default",
        "languages": [
          "eng-Latn"
        ],
        "main_score": 0.3943546004837344,
        "manhattan_accuracy": 0.9915445544554455,
        "manhattan_accuracy_threshold": 628.9302978515625,
        "manhattan_ap": 0.3943546004837344,
        "manhattan_f1": 0.4448336252189142,
        "manhattan_f1_threshold": 678.1231079101562,
        "manhattan_precision": 0.5343618513323983,
        "manhattan_recall": 0.381,
        "max_accuracy": 0.9915445544554455,
        "max_ap": 0.3943546004837344,
        "max_f1": 0.4448336252189142,
        "max_precision": 0.5588697017268446,
        "max_recall": 0.411,
        "similarity_accuracy": 0.9914554455445544,
        "similarity_accuracy_threshold": 0.9216276407241821,
        "similarity_ap": 0.3896343462382987,
        "similarity_f1": 0.44075067024128683,
        "similarity_f1_threshold": 0.9016314148902893,
        "similarity_precision": 0.4751445086705202,
        "similarity_recall": 0.411
      }
    ],
    "validation": [
      {
        "cosine_accuracy": 0.9907920792079208,
        "cosine_accuracy_threshold": 0.9209513664245605,
        "cosine_ap": 0.2996560555650457,
        "cosine_f1": 0.35919540229885055,
        "cosine_f1_threshold": 0.891613245010376,
        "cosine_precision": 0.3446691176470588,
        "cosine_recall": 0.375,
        "dot_accuracy": 0.9901188118811881,
        "dot_accuracy_threshold": 4256.12353515625,
        "dot_ap": 0.07742131335773439,
        "dot_f1": 0.15748031496062995,
        "dot_f1_threshold": 3543.74755859375,
        "dot_precision": 0.12263099219620958,
        "dot_recall": 0.22,
        "euclidean_accuracy": 0.9907623762376238,
        "euclidean_accuracy_threshold": 24.305789947509766,
        "euclidean_ap": 0.28654249985618785,
        "euclidean_f1": 0.33877901977644026,
        "euclidean_f1_threshold": 29.0672607421875,
        "euclidean_precision": 0.2971342383107089,
        "euclidean_recall": 0.394,
        "hf_subset": "default",
        "languages": [
          "eng-Latn"
        ],
        "main_score": 0.30005924651646265,
        "manhattan_accuracy": 0.9907821782178218,
        "manhattan_accuracy_threshold": 618.6867065429688,
        "manhattan_ap": 0.30005924651646265,
        "manhattan_f1": 0.35119825708061003,
        "manhattan_f1_threshold": 735.8905029296875,
        "manhattan_precision": 0.3111969111969112,
        "manhattan_recall": 0.403,
        "max_accuracy": 0.9907920792079208,
        "max_ap": 0.30005924651646265,
        "max_f1": 0.35919540229885055,
        "max_precision": 0.3446691176470588,
        "max_recall": 0.403,
        "similarity_accuracy": 0.9907920792079208,
        "similarity_accuracy_threshold": 0.9209513664245605,
        "similarity_ap": 0.2996560555650457,
        "similarity_f1": 0.35919540229885055,
        "similarity_f1_threshold": 0.891613245010376,
        "similarity_precision": 0.3446691176470588,
        "similarity_recall": 0.375
      }
    ]
  },
  "task_name": "SprintDuplicateQuestions"
}