{
  "dataset_revision": "6031580fec1f6af667f0bd2da0a551cf4f0b2375",
  "evaluation_time": 15.867498874664307,
  "kg_co2_emissions": null,
  "mteb_version": "1.14.19",
  "scores": {
    "test": [
      {
        "cosine_pearson": 0.5261083730918688,
        "cosine_spearman": 0.49374600297330873,
        "euclidean_pearson": 0.5213931836339724,
        "euclidean_spearman": 0.4981601381771099,
        "hf_subset": "default",
        "languages": [
          "eng-Latn"
        ],
        "main_score": 0.49374600297330873,
        "manhattan_pearson": 0.5240254933058152,
        "manhattan_spearman": 0.5006149070707312,
        "pearson": 0.5261083730918688,
        "spearman": 0.49374600297330873
      }
    ]
  },
  "task_name": "STS14"
}