{
  "dataset_revision": "e185fbe320c72810689fc5848eb6114e1ef5ec69",
  "evaluation_time": 69.8236780166626,
  "kg_co2_emissions": null,
  "mteb_version": "1.14.20",
  "scores": {
    "test": [
      {
        "hf_subset": "default",
        "languages": [
          "eng-Latn"
        ],
        "main_score": 0.3458889129198843,
        "map": 0.3458889129198843,
        "mrr": 0.34305953441982856,
        "nAUC_map_diff1": 0.2670402033491066,
        "nAUC_map_max": 0.21072090550520697,
        "nAUC_map_std": 0.12102727228561641,
        "nAUC_mrr_diff1": 0.26366268941583754,
        "nAUC_mrr_max": 0.21780774014618803,
        "nAUC_mrr_std": 0.12347537739903679
      }
    ]
  },
  "task_name": "StackOverflowDupQuestions"
}