{
  "dataset_revision": "e185fbe320c72810689fc5848eb6114e1ef5ec69",
  "evaluation_time": 73.85422611236572,
  "kg_co2_emissions": null,
  "mteb_version": "1.14.20",
  "scores": {
    "test": [
      {
        "hf_subset": "default",
        "languages": [
          "eng-Latn"
        ],
        "main_score": 0.35804137074395803,
        "map": 0.35804137074395803,
        "mrr": 0.35812377981495624,
        "nAUC_map_diff1": 0.27613228939458356,
        "nAUC_map_max": 0.21796386704807164,
        "nAUC_map_std": 0.10267495754851247,
        "nAUC_mrr_diff1": 0.2710656885169952,
        "nAUC_mrr_max": 0.22393364995287096,
        "nAUC_mrr_std": 0.1091437088074408
      }
    ]
  },
  "task_name": "StackOverflowDupQuestions"
}