{
  "dataset_revision": "6031580fec1f6af667f0bd2da0a551cf4f0b2375",
  "evaluation_time": 12.308420419692993,
  "kg_co2_emissions": null,
  "mteb_version": "1.14.20",
  "scores": {
    "test": [
      {
        "cosine_pearson": 0.529234134232523,
        "cosine_spearman": 0.4918578729054937,
        "euclidean_pearson": 0.5154945427361832,
        "euclidean_spearman": 0.49457995625783646,
        "hf_subset": "default",
        "languages": [
          "eng-Latn"
        ],
        "main_score": 0.4918578729054937,
        "manhattan_pearson": 0.518727346920155,
        "manhattan_spearman": 0.497279410706004,
        "pearson": 0.529234134232523,
        "spearman": 0.4918578729054937
      }
    ]
  },
  "task_name": "STS14"
}