{
  "dataset_revision": "d3fb88f8f02e40887cd149695127462bbcf29b4a",
  "evaluation_time": 2.262443780899048,
  "kg_co2_emissions": null,
  "mteb_version": "1.14.20",
  "scores": {
    "test": [
      {
        "cosine_pearson": 0.7413432221980193,
        "cosine_spearman": 0.7245044601328403,
        "euclidean_pearson": 0.7245826914947141,
        "euclidean_spearman": 0.7204381024178803,
        "hf_subset": "default",
        "languages": [
          "eng-Latn"
        ],
        "main_score": 0.7245044601328403,
        "manhattan_pearson": 0.7240294221138615,
        "manhattan_spearman": 0.7184621537800923,
        "pearson": 0.7413432221980193,
        "spearman": 0.7245044601328403
      }
    ]
  },
  "task_name": "BIOSSES"
}