{
  "dataset_revision": "20a6d6f312dd54037fe07a32d58e5e168867909d",
  "evaluation_time": 15.68867301940918,
  "kg_co2_emissions": null,
  "mteb_version": "1.14.20",
  "scores": {
    "test": [
      {
        "cosine_pearson": 0.24272273488466356,
        "cosine_spearman": 0.28744900143868696,
        "euclidean_pearson": 0.27082420051561706,
        "euclidean_spearman": 0.2840115835651823,
        "hf_subset": "default",
        "languages": [
          "eng-Latn"
        ],
        "main_score": 0.28744900143868696,
        "manhattan_pearson": 0.2713738183943137,
        "manhattan_spearman": 0.28405556340838417,
        "pearson": 0.24272273488466356,
        "spearman": 0.28744900143868696
      }
    ]
  },
  "task_name": "SICK-R"
}