{
  "dataset_revision": "4d8694f8f0e0100860b497b999b3dbed754a0513",
  "evaluation_time": 7.744677305221558,
  "kg_co2_emissions": null,
  "mteb_version": "1.14.20",
  "scores": {
    "test": [
      {
        "cosine_pearson": 0.280497689323054,
        "cosine_spearman": 0.29730431973039456,
        "euclidean_pearson": 0.29433397847848847,
        "euclidean_spearman": 0.28903772940889494,
        "hf_subset": "default",
        "languages": [
          "eng-Latn"
        ],
        "main_score": 0.29730431973039456,
        "manhattan_pearson": 0.2949084027539059,
        "manhattan_spearman": 0.29022123860941634,
        "pearson": 0.280497689323054,
        "spearman": 0.29730431973039456
      }
    ]
  },
  "task_name": "STS16"
}