{
  "dataset_revision": "a0d554a64d88156834ff5ae9920b964011b16384",
  "evaluation_time": 11.251225709915161,
  "kg_co2_emissions": null,
  "mteb_version": "1.14.20",
  "scores": {
    "test": [
      {
        "cosine_pearson": 0.06514655867303604,
        "cosine_spearman": 0.18017306151803766,
        "euclidean_pearson": 0.11878281438591042,
        "euclidean_spearman": 0.17500345813438156,
        "hf_subset": "default",
        "languages": [
          "eng-Latn"
        ],
        "main_score": 0.18017306151803766,
        "manhattan_pearson": 0.11821958106195946,
        "manhattan_spearman": 0.1747825819478382,
        "pearson": 0.06514655867303604,
        "spearman": 0.18017306151803766
      }
    ]
  },
  "task_name": "STS12"
}