{
  "dataset_revision": "59042f120c80e8afa9cdbb224f67076cec0fc9a7",
  "evaluation_time": 136.57863974571228,
  "kg_co2_emissions": null,
  "mteb_version": "1.14.19",
  "scores": {
    "test": [
      {
        "hf_subset": "default",
        "languages": [
          "eng-Latn"
        ],
        "main_score": 0.2567068020315498,
        "map": 0.2567068020315498,
        "mrr": 0.26085024727606987,
        "nAUC_map_diff1": 0.217190286454278,
        "nAUC_map_max": -0.24039682592644143,
        "nAUC_map_std": -0.034534217840725974,
        "nAUC_mrr_diff1": 0.19500361046895148,
        "nAUC_mrr_max": -0.1823525960305427,
        "nAUC_mrr_std": -0.023402857886413036
      }
    ]
  },
  "task_name": "MindSmallReranking"
}