{
  "dataset_revision": "ae752c7c21bf194d8b67fd573edf7ae58183cbe3",
  "evaluation_time": 7.503798246383667,
  "kg_co2_emissions": null,
  "mteb_version": "1.14.19",
  "scores": {
    "test": [
      {
        "cosine_pearson": 0.5775079344313503,
        "cosine_spearman": 0.596239604498721,
        "euclidean_pearson": 0.5819400198924065,
        "euclidean_spearman": 0.5815901473792019,
        "hf_subset": "default",
        "languages": [
          "eng-Latn"
        ],
        "main_score": 0.596239604498721,
        "manhattan_pearson": 0.5880565123455396,
        "manhattan_spearman": 0.5893948423735629,
        "pearson": 0.5775079344313503,
        "spearman": 0.596239604498721
      }
    ]
  },
  "task_name": "STS15"
}