{
  "dataset_revision": "4d8694f8f0e0100860b497b999b3dbed754a0513",
  "evaluation_time": 5.528811931610107,
  "kg_co2_emissions": null,
  "mteb_version": "1.14.19",
  "scores": {
    "test": [
      {
        "cosine_pearson": 0.5047101084888501,
        "cosine_spearman": 0.5406288180479019,
        "euclidean_pearson": 0.5288194073583489,
        "euclidean_spearman": 0.5236600575486506,
        "hf_subset": "default",
        "languages": [
          "eng-Latn"
        ],
        "main_score": 0.5406288180479019,
        "manhattan_pearson": 0.5313743465570836,
        "manhattan_spearman": 0.5275287750547825,
        "pearson": 0.5047101084888501,
        "spearman": 0.5406288180479019
      }
    ]
  },
  "task_name": "STS16"
}