{
  "dataset_revision": "2000358ca161889fa9c082cb41daa8dcfb161a54",
  "evaluation_time": 7.511149644851685,
  "kg_co2_emissions": null,
  "mteb_version": "1.14.20",
  "scores": {
    "test": [
      {
        "hf_subset": "default",
        "languages": [
          "eng-Latn"
        ],
        "main_score": 0.4713931732012494,
        "map": 0.4713931732012494,
        "mrr": 0.5960064635272392,
        "nAUC_map_diff1": 0.15948387745291576,
        "nAUC_map_max": 0.1939082145209191,
        "nAUC_map_std": 0.09566267488939101,
        "nAUC_mrr_diff1": 0.18648356521882295,
        "nAUC_mrr_max": 0.2539576983691438,
        "nAUC_mrr_std": 0.10782845613297348
      }
    ]
  },
  "task_name": "AskUbuntuDupQuestions"
}