{
  "dataset_revision": "ae752c7c21bf194d8b67fd573edf7ae58183cbe3",
  "evaluation_time": 12.787482976913452,
  "kg_co2_emissions": null,
  "mteb_version": "1.14.20",
  "scores": {
    "test": [
      {
        "cosine_pearson": 0.6063507470927352,
        "cosine_spearman": 0.6094563865647952,
        "euclidean_pearson": 0.5729617573045646,
        "euclidean_spearman": 0.5774171867869162,
        "hf_subset": "default",
        "languages": [
          "eng-Latn"
        ],
        "main_score": 0.6094563865647952,
        "manhattan_pearson": 0.5741006798247977,
        "manhattan_spearman": 0.5784389712620155,
        "pearson": 0.6063507470927352,
        "spearman": 0.6094563865647952
      }
    ]
  },
  "task_name": "STS15"
}