{
  "dataset_revision": "e185fbe320c72810689fc5848eb6114e1ef5ec69",
  "evaluation_time": 156.8845510482788,
  "kg_co2_emissions": null,
  "mteb_version": "1.14.19",
  "scores": {
    "test": [
      {
        "hf_subset": "default",
        "languages": [
          "eng-Latn"
        ],
        "main_score": 0.357837384437908,
        "map": 0.357837384437908,
        "mrr": 0.35683117944147347,
        "nAUC_map_diff1": 0.298616558996713,
        "nAUC_map_max": 0.2025357814126946,
        "nAUC_map_std": 0.029712558107507902,
        "nAUC_mrr_diff1": 0.29139136079547917,
        "nAUC_mrr_max": 0.20977428537747536,
        "nAUC_mrr_std": 0.038704151848133674
      }
    ]
  },
  "task_name": "StackOverflowDupQuestions"
}