{
  "dataset_revision": "ae752c7c21bf194d8b67fd573edf7ae58183cbe3",
  "evaluation_time": 10.701200008392334,
  "kg_co2_emissions": null,
  "mteb_version": "1.14.20",
  "scores": {
    "test": [
      {
        "cosine_pearson": 0.634335217037368,
        "cosine_spearman": 0.640172588893395,
        "euclidean_pearson": 0.6202666448880823,
        "euclidean_spearman": 0.6269351085312005,
        "hf_subset": "default",
        "languages": [
          "eng-Latn"
        ],
        "main_score": 0.640172588893395,
        "manhattan_pearson": 0.6198599230089604,
        "manhattan_spearman": 0.6263994407253917,
        "pearson": 0.634335217037368,
        "spearman": 0.640172588893395
      }
    ]
  },
  "task_name": "STS15"
}