{
  "dataset_revision": "d3c5e1fc0b855ab6097bf1cda04dd73947d7caab",
  "evaluation_time": 35.64327621459961,
  "kg_co2_emissions": null,
  "mteb_version": "1.14.20",
  "scores": {
    "test": [
      {
        "hf_subset": "default",
        "languages": [
          "eng-Latn"
        ],
        "main_score": 0.5154982712649222,
        "map": 0.5154982712649222,
        "mrr": 0.7607074026191673,
        "nAUC_map_diff1": 0.20416142091335612,
        "nAUC_map_max": 0.43407808512207113,
        "nAUC_map_std": 0.3774095020893845,
        "nAUC_mrr_diff1": 0.4094935994908128,
        "nAUC_mrr_max": 0.4972980130426697,
        "nAUC_mrr_std": 0.3489280080752581
      }
    ]
  },
  "task_name": "SciDocsRR"
}