{
  "dataset_revision": "59042f120c80e8afa9cdbb224f67076cec0fc9a7",
  "evaluation_time": 129.75820469856262,
  "kg_co2_emissions": null,
  "mteb_version": "1.14.20",
  "scores": {
    "test": [
      {
        "hf_subset": "default",
        "languages": [
          "eng-Latn"
        ],
        "main_score": 0.28548295984076677,
        "map": 0.28548295984076677,
        "mrr": 0.2927573071857517,
        "nAUC_map_diff1": 0.18594155162693432,
        "nAUC_map_max": -0.28079975827929715,
        "nAUC_map_std": -0.13693531889891294,
        "nAUC_mrr_diff1": 0.16675393757951631,
        "nAUC_mrr_max": -0.21901535767649744,
        "nAUC_mrr_std": -0.11929809860737488
      }
    ]
  },
  "task_name": "MindSmallReranking"
}