{
  "dataset_revision": "ae752c7c21bf194d8b67fd573edf7ae58183cbe3",
  "evaluation_time": 10.399980545043945,
  "kg_co2_emissions": null,
  "mteb_version": "1.14.20",
  "scores": {
    "test": [
      {
        "cosine_pearson": 0.630578994142889,
        "cosine_spearman": 0.6406504334334079,
        "euclidean_pearson": 0.6233602041241646,
        "euclidean_spearman": 0.6317111638397022,
        "hf_subset": "default",
        "languages": [
          "eng-Latn"
        ],
        "main_score": 0.6406504334334079,
        "manhattan_pearson": 0.6232812857899683,
        "manhattan_spearman": 0.631516369496187,
        "pearson": 0.630578994142889,
        "spearman": 0.6406504334334079
      }
    ]
  },
  "task_name": "STS15"
}