{
  "dataset_revision": "e185fbe320c72810689fc5848eb6114e1ef5ec69",
  "evaluation_time": 53.46087312698364,
  "kg_co2_emissions": null,
  "mteb_version": "1.14.19",
  "scores": {
    "test": [
      {
        "hf_subset": "default",
        "languages": [
          "eng-Latn"
        ],
        "main_score": 0.34120539672196654,
        "map": 0.34120539672196654,
        "mrr": 0.3373895202020202,
        "nAUC_map_diff1": 0.30687395597749134,
        "nAUC_map_max": 0.24974446406782128,
        "nAUC_map_std": 0.09341963915823195,
        "nAUC_mrr_diff1": 0.29778083814257855,
        "nAUC_mrr_max": 0.258476360902334,
        "nAUC_mrr_std": 0.09791467499278471
      }
    ]
  },
  "task_name": "StackOverflowDupQuestions"
}