{
  "dataset_revision": "7e90230a92c190f1bf69ae9002b8cea547a64cca",
  "evaluation_time": 7.07462477684021,
  "kg_co2_emissions": null,
  "mteb_version": "1.14.19",
  "scores": {
    "test": [
      {
        "cosine_pearson": 0.5111369270479255,
        "cosine_spearman": 0.5629442629493197,
        "euclidean_pearson": 0.536610670690752,
        "euclidean_spearman": 0.5598299597262288,
        "hf_subset": "default",
        "languages": [
          "eng-Latn"
        ],
        "main_score": 0.5629442629493197,
        "manhattan_pearson": 0.5868736599545176,
        "manhattan_spearman": 0.5935052914913826,
        "pearson": 0.5111369270479255,
        "spearman": 0.5629442629493197
      }
    ]
  },
  "task_name": "STS13"
}