{
  "dataset_revision": "a0d554a64d88156834ff5ae9920b964011b16384",
  "evaluation_time": 8.630959272384644,
  "kg_co2_emissions": null,
  "mteb_version": "1.14.19",
  "scores": {
    "test": [
      {
        "cosine_pearson": 0.2363257509948516,
        "cosine_spearman": 0.32075642570799096,
        "euclidean_pearson": 0.26139889289226265,
        "euclidean_spearman": 0.2953444281761932,
        "hf_subset": "default",
        "languages": [
          "eng-Latn"
        ],
        "main_score": 0.32075642570799096,
        "manhattan_pearson": 0.29299017624002655,
        "manhattan_spearman": 0.30745500824529626,
        "pearson": 0.2363257509948516,
        "spearman": 0.32075642570799096
      }
    ]
  },
  "task_name": "STS12"
}