{
  "dataset_revision": "59042f120c80e8afa9cdbb224f67076cec0fc9a7",
  "evaluation_time": 137.69236183166504,
  "kg_co2_emissions": null,
  "mteb_version": "1.14.19",
  "scores": {
    "test": [
      {
        "hf_subset": "default",
        "languages": [
          "eng-Latn"
        ],
        "main_score": 0.2723976765669585,
        "map": 0.2723976765669585,
        "mrr": 0.2774579758223926,
        "nAUC_map_diff1": 0.23172444586799587,
        "nAUC_map_max": -0.27337705853472977,
        "nAUC_map_std": -0.15270066269329577,
        "nAUC_mrr_diff1": 0.20906750611540093,
        "nAUC_mrr_max": -0.21507026665605694,
        "nAUC_mrr_std": -0.13888782351431195
      }
    ]
  },
  "task_name": "MindSmallReranking"
}