{
  "dataset_revision": "b0fddb56ed78048fa8b90373c8a3cfc37b684831",
  "evaluation_time": 6.348569869995117,
  "kg_co2_emissions": null,
  "mteb_version": "1.14.19",
  "scores": {
    "test": [
      {
        "cosine_pearson": 0.4375487261355102,
        "cosine_spearman": 0.42971513576544,
        "euclidean_pearson": 0.4297340623928288,
        "euclidean_spearman": 0.427962082143258,
        "hf_subset": "default",
        "languages": [
          "eng-Latn"
        ],
        "main_score": 0.42971513576544,
        "manhattan_pearson": 0.4336957659573251,
        "manhattan_spearman": 0.43116349166724993,
        "pearson": 0.4375487261355102,
        "spearman": 0.42971513576544
      }
    ]
  },
  "task_name": "STSBenchmark"
}