{
  "dataset_revision": "d3fb88f8f02e40887cd149695127462bbcf29b4a",
  "evaluation_time": 2.4654173851013184,
  "kg_co2_emissions": null,
  "mteb_version": "1.14.20",
  "scores": {
    "test": [
      {
        "cosine_pearson": 0.6495798657373879,
        "cosine_spearman": 0.6577137816354155,
        "euclidean_pearson": 0.5970477948922402,
        "euclidean_spearman": 0.5954111572085761,
        "hf_subset": "default",
        "languages": [
          "eng-Latn"
        ],
        "main_score": 0.6577137816354155,
        "manhattan_pearson": 0.5980607550924866,
        "manhattan_spearman": 0.5903447767074185,
        "pearson": 0.6495798657373879,
        "spearman": 0.6577137816354155
      }
    ]
  },
  "task_name": "BIOSSES"
}