{
  "dataset_revision": "e185fbe320c72810689fc5848eb6114e1ef5ec69",
  "evaluation_time": 48.07824683189392,
  "kg_co2_emissions": null,
  "mteb_version": "1.14.20",
  "scores": {
    "test": [
      {
        "hf_subset": "default",
        "languages": [
          "eng-Latn"
        ],
        "main_score": 0.34329551098832745,
        "map": 0.34329551098832745,
        "mrr": 0.33901249893896956,
        "nAUC_map_diff1": 0.29528974318633944,
        "nAUC_map_max": 0.2310555180238787,
        "nAUC_map_std": 0.13515197684893768,
        "nAUC_mrr_diff1": 0.2945440736298005,
        "nAUC_mrr_max": 0.23996256801238372,
        "nAUC_mrr_std": 0.13809268722799564
      }
    ]
  },
  "task_name": "StackOverflowDupQuestions"
}