{
  "dataset_revision": "7e90230a92c190f1bf69ae9002b8cea547a64cca",
  "evaluation_time": 6.937337398529053,
  "kg_co2_emissions": null,
  "mteb_version": "1.14.20",
  "scores": {
    "test": [
      {
        "cosine_pearson": 0.49826193079159137,
        "cosine_spearman": 0.5024187433606676,
        "euclidean_pearson": 0.5049087421539303,
        "euclidean_spearman": 0.5033742023509474,
        "hf_subset": "default",
        "languages": [
          "eng-Latn"
        ],
        "main_score": 0.5024187433606676,
        "manhattan_pearson": 0.5063264678354121,
        "manhattan_spearman": 0.5044282332266653,
        "pearson": 0.49826193079159137,
        "spearman": 0.5024187433606676
      }
    ]
  },
  "task_name": "STS13"
}