{
  "dataset_revision": "d3fb88f8f02e40887cd149695127462bbcf29b4a",
  "evaluation_time": 1.9922401905059814,
  "kg_co2_emissions": null,
  "mteb_version": "1.14.20",
  "scores": {
    "test": [
      {
        "cosine_pearson": 0.6796294094787686,
        "cosine_spearman": 0.7033714484823518,
        "euclidean_pearson": 0.6523862642752858,
        "euclidean_spearman": 0.6594547851607835,
        "hf_subset": "default",
        "languages": [
          "eng-Latn"
        ],
        "main_score": 0.7033714484823518,
        "manhattan_pearson": 0.6504717634922585,
        "manhattan_spearman": 0.6582860838323358,
        "pearson": 0.6796294094787686,
        "spearman": 0.7033714484823518
      }
    ]
  },
  "task_name": "BIOSSES"
}