{
  "dataset_revision": "e185fbe320c72810689fc5848eb6114e1ef5ec69",
  "evaluation_time": 31.852355241775513,
  "kg_co2_emissions": null,
  "mteb_version": "1.14.19",
  "scores": {
    "test": [
      {
        "hf_subset": "default",
        "languages": [
          "eng-Latn"
        ],
        "main_score": 0.2607379416670103,
        "map": 0.2607379416670103,
        "mrr": 0.24981710487225192,
        "nAUC_map_diff1": 0.2206396007434286,
        "nAUC_map_max": 0.07301032124380533,
        "nAUC_map_std": -0.014161113917710712,
        "nAUC_mrr_diff1": 0.21306976536010555,
        "nAUC_mrr_max": 0.07215073772667738,
        "nAUC_mrr_std": -0.01904565814563284
      }
    ]
  },
  "task_name": "StackOverflowDupQuestions"
}