{
  "dataset_revision": "b0fddb56ed78048fa8b90373c8a3cfc37b684831",
  "evaluation_time": 4.0582115650177,
  "kg_co2_emissions": null,
  "mteb_version": "1.14.19",
  "scores": {
    "test": [
      {
        "cosine_pearson": 0.12906437284524222,
        "cosine_spearman": 0.17488269563532796,
        "euclidean_pearson": 0.1610057995229615,
        "euclidean_spearman": 0.17706429590443334,
        "hf_subset": "default",
        "languages": [
          "eng-Latn"
        ],
        "main_score": 0.17488269563532796,
        "manhattan_pearson": 0.17957375453564794,
        "manhattan_spearman": 0.1813615269282556,
        "pearson": 0.12906437284524222,
        "spearman": 0.17488269563532796
      }
    ]
  },
  "task_name": "STSBenchmark"
}