{
  "dataset_revision": "59042f120c80e8afa9cdbb224f67076cec0fc9a7",
  "evaluation_time": 126.18202257156372,
  "kg_co2_emissions": null,
  "mteb_version": "1.14.20",
  "scores": {
    "test": [
      {
        "hf_subset": "default",
        "languages": [
          "eng-Latn"
        ],
        "main_score": 0.27585804284112037,
        "map": 0.27585804284112037,
        "mrr": 0.2822186387218528,
        "nAUC_map_diff1": 0.16559397062704562,
        "nAUC_map_max": -0.24704496853405947,
        "nAUC_map_std": -0.09461038324190356,
        "nAUC_mrr_diff1": 0.15101251948987954,
        "nAUC_mrr_max": -0.1861729362095993,
        "nAUC_mrr_std": -0.08322407138287864
      }
    ]
  },
  "task_name": "MindSmallReranking"
}