{
  "dataset_revision": "e185fbe320c72810689fc5848eb6114e1ef5ec69",
  "evaluation_time": 64.00497126579285,
  "kg_co2_emissions": null,
  "mteb_version": "1.14.20",
  "scores": {
    "test": [
      {
        "hf_subset": "default",
        "languages": [
          "eng-Latn"
        ],
        "main_score": 0.3533748113653448,
        "map": 0.3533748113653448,
        "mrr": 0.35234262265512273,
        "nAUC_map_diff1": 0.2853321475511219,
        "nAUC_map_max": 0.20664570415073424,
        "nAUC_map_std": 0.10444470310895192,
        "nAUC_mrr_diff1": 0.2787823259030546,
        "nAUC_mrr_max": 0.21212574711355947,
        "nAUC_mrr_std": 0.10956746153393704
      }
    ]
  },
  "task_name": "StackOverflowDupQuestions"
}