{
  "dataset_revision": "7e90230a92c190f1bf69ae9002b8cea547a64cca",
  "evaluation_time": 7.268751859664917,
  "kg_co2_emissions": null,
  "mteb_version": "1.14.20",
  "scores": {
    "test": [
      {
        "cosine_pearson": 0.5320300552482972,
        "cosine_spearman": 0.5394917568837918,
        "euclidean_pearson": 0.5486249714423896,
        "euclidean_spearman": 0.5516803215950672,
        "hf_subset": "default",
        "languages": [
          "eng-Latn"
        ],
        "main_score": 0.5394917568837918,
        "manhattan_pearson": 0.5511634666257266,
        "manhattan_spearman": 0.5546589243141631,
        "pearson": 0.5320300552482972,
        "spearman": 0.5394917568837918
      }
    ]
  },
  "task_name": "STS13"
}