{
  "dataset_revision": "a0d554a64d88156834ff5ae9920b964011b16384",
  "evaluation_time": 10.47956109046936,
  "kg_co2_emissions": null,
  "mteb_version": "1.14.20",
  "scores": {
    "test": [
      {
        "cosine_pearson": 0.4136522591426134,
        "cosine_spearman": 0.41906635990674096,
        "euclidean_pearson": 0.4222070446410548,
        "euclidean_spearman": 0.42032194143522894,
        "hf_subset": "default",
        "languages": [
          "eng-Latn"
        ],
        "main_score": 0.41906635990674096,
        "manhattan_pearson": 0.42426239623185,
        "manhattan_spearman": 0.41995411885265965,
        "pearson": 0.4136522591426134,
        "spearman": 0.41906635990674096
      }
    ]
  },
  "task_name": "STS12"
}