{
  "dataset_revision": "b0fddb56ed78048fa8b90373c8a3cfc37b684831",
  "evaluation_time": 6.157432794570923,
  "kg_co2_emissions": null,
  "mteb_version": "1.14.20",
  "scores": {
    "test": [
      {
        "cosine_pearson": 0.5120054262330663,
        "cosine_spearman": 0.4961105460166819,
        "euclidean_pearson": 0.5063449103497435,
        "euclidean_spearman": 0.5023006713929951,
        "hf_subset": "default",
        "languages": [
          "eng-Latn"
        ],
        "main_score": 0.4961105460166819,
        "manhattan_pearson": 0.5063954504441553,
        "manhattan_spearman": 0.5026647210570283,
        "pearson": 0.5120054262330663,
        "spearman": 0.4961105460166819
      }
    ]
  },
  "task_name": "STSBenchmark"
}