{
  "dataset_revision": "6031580fec1f6af667f0bd2da0a551cf4f0b2375",
  "evaluation_time": 11.195026874542236,
  "kg_co2_emissions": null,
  "mteb_version": "1.14.20",
  "scores": {
    "test": [
      {
        "cosine_pearson": 0.528638159479309,
        "cosine_spearman": 0.4934681246100536,
        "euclidean_pearson": 0.5231572696510811,
        "euclidean_spearman": 0.5025488314853453,
        "hf_subset": "default",
        "languages": [
          "eng-Latn"
        ],
        "main_score": 0.4934681246100536,
        "manhattan_pearson": 0.5260380709779313,
        "manhattan_spearman": 0.5054106853506515,
        "pearson": 0.528638159479309,
        "spearman": 0.4934681246100536
      }
    ]
  },
  "task_name": "STS14"
}