{
  "dataset_revision": "d3c5e1fc0b855ab6097bf1cda04dd73947d7caab",
  "evaluation_time": 34.080599308013916,
  "kg_co2_emissions": null,
  "mteb_version": "1.14.20",
  "scores": {
    "test": [
      {
        "hf_subset": "default",
        "languages": [
          "eng-Latn"
        ],
        "main_score": 0.522219399582887,
        "map": 0.522219399582887,
        "mrr": 0.7612103673378183,
        "nAUC_map_diff1": 0.2042683864401328,
        "nAUC_map_max": 0.4436124852995732,
        "nAUC_map_std": 0.44606602431254905,
        "nAUC_mrr_diff1": 0.405699917464711,
        "nAUC_mrr_max": 0.5196495597378389,
        "nAUC_mrr_std": 0.41219842497009496
      }
    ]
  },
  "task_name": "SciDocsRR"
}