{
  "dataset_revision": "d3fb88f8f02e40887cd149695127462bbcf29b4a",
  "evaluation_time": 3.9584450721740723,
  "kg_co2_emissions": null,
  "mteb_version": "1.14.20",
  "scores": {
    "test": [
      {
        "cosine_pearson": 0.5231277105437206,
        "cosine_spearman": 0.595242478666326,
        "euclidean_pearson": 0.5414243746640501,
        "euclidean_spearman": 0.5723323180885586,
        "hf_subset": "default",
        "languages": [
          "eng-Latn"
        ],
        "main_score": 0.595242478666326,
        "manhattan_pearson": 0.6363558597184784,
        "manhattan_spearman": 0.6329300843919407,
        "pearson": 0.5231277105437206,
        "spearman": 0.595242478666326
      }
    ]
  },
  "task_name": "BIOSSES"
}