{
  "dataset_revision": "e185fbe320c72810689fc5848eb6114e1ef5ec69",
  "evaluation_time": 211.18202924728394,
  "kg_co2_emissions": null,
  "mteb_version": "1.14.20",
  "scores": {
    "test": [
      {
        "hf_subset": "default",
        "languages": [
          "eng-Latn"
        ],
        "main_score": 0.3374263572188716,
        "map": 0.3374263572188716,
        "mrr": 0.3326797385620915,
        "nAUC_map_diff1": 0.27381415725418234,
        "nAUC_map_max": 0.22049832017998716,
        "nAUC_map_std": 0.0777524269968227,
        "nAUC_mrr_diff1": 0.2698149553340744,
        "nAUC_mrr_max": 0.2285439745882558,
        "nAUC_mrr_std": 0.07760083709215314
      }
    ]
  },
  "task_name": "StackOverflowDupQuestions"
}