{
  "dataset_revision": "6031580fec1f6af667f0bd2da0a551cf4f0b2375",
  "evaluation_time": 38.26486682891846,
  "kg_co2_emissions": null,
  "mteb_version": "1.14.20",
  "scores": {
    "test": [
      {
        "cosine_pearson": 0.41065813009988217,
        "cosine_spearman": 0.4044342969739441,
        "euclidean_pearson": 0.4392187289704971,
        "euclidean_spearman": 0.4258269378069806,
        "hf_subset": "default",
        "languages": [
          "eng-Latn"
        ],
        "main_score": 0.4044342969739441,
        "manhattan_pearson": 0.47759915748895154,
        "manhattan_spearman": 0.45919016331597784,
        "pearson": 0.41065813009988217,
        "spearman": 0.4044342969739441
      }
    ]
  },
  "task_name": "STS14"
}