{
  "dataset_revision": "d3fb88f8f02e40887cd149695127462bbcf29b4a",
  "evaluation_time": 2.7186646461486816,
  "kg_co2_emissions": null,
  "mteb_version": "1.14.19",
  "scores": {
    "test": [
      {
        "cosine_pearson": 0.48364286180582094,
        "cosine_spearman": 0.49063166130294694,
        "euclidean_pearson": 0.48240474925974236,
        "euclidean_spearman": 0.47258305728217626,
        "hf_subset": "default",
        "languages": [
          "eng-Latn"
        ],
        "main_score": 0.49063166130294694,
        "manhattan_pearson": 0.5008655851004885,
        "manhattan_spearman": 0.49503537610240733,
        "pearson": 0.48364286180582094,
        "spearman": 0.49063166130294694
      }
    ]
  },
  "task_name": "BIOSSES"
}