{
  "dataset_revision": "d3c5e1fc0b855ab6097bf1cda04dd73947d7caab",
  "evaluation_time": 123.81265783309937,
  "kg_co2_emissions": null,
  "mteb_version": "1.14.20",
  "scores": {
    "test": [
      {
        "hf_subset": "default",
        "languages": [
          "eng-Latn"
        ],
        "main_score": 0.5520971785957087,
        "map": 0.5520971785957087,
        "mrr": 0.7914435147278285,
        "nAUC_map_diff1": 0.15768973409046028,
        "nAUC_map_max": 0.358996574717333,
        "nAUC_map_std": 0.30013903785962537,
        "nAUC_mrr_diff1": 0.33367159971671195,
        "nAUC_mrr_max": 0.49048425777493204,
        "nAUC_mrr_std": 0.2880129156291727
      }
    ]
  },
  "task_name": "SciDocsRR"
}