{
  "dataset_revision": "20a6d6f312dd54037fe07a32d58e5e168867909d",
  "evaluation_time": 17.834365606307983,
  "kg_co2_emissions": null,
  "mteb_version": "1.14.20",
  "scores": {
    "test": [
      {
        "cosine_pearson": 0.5883755658981342,
        "cosine_spearman": 0.5281239713558611,
        "euclidean_pearson": 0.5561274126663392,
        "euclidean_spearman": 0.527144403711718,
        "hf_subset": "default",
        "languages": [
          "eng-Latn"
        ],
        "main_score": 0.5281239713558611,
        "manhattan_pearson": 0.5569802122043266,
        "manhattan_spearman": 0.5283959513743368,
        "pearson": 0.5883755658981342,
        "spearman": 0.5281239713558611
      }
    ]
  },
  "task_name": "SICK-R"
}