{
  "dataset_revision": "6031580fec1f6af667f0bd2da0a551cf4f0b2375",
  "evaluation_time": 13.816059112548828,
  "kg_co2_emissions": null,
  "mteb_version": "1.14.20",
  "scores": {
    "test": [
      {
        "cosine_pearson": 0.46974740507203916,
        "cosine_spearman": 0.4485898025859181,
        "euclidean_pearson": 0.4668979374454443,
        "euclidean_spearman": 0.45298645285886185,
        "hf_subset": "default",
        "languages": [
          "eng-Latn"
        ],
        "main_score": 0.4485898025859181,
        "manhattan_pearson": 0.47113771435668533,
        "manhattan_spearman": 0.45646954739717877,
        "pearson": 0.46974740507203916,
        "spearman": 0.4485898025859181
      }
    ]
  },
  "task_name": "STS14"
}