{
  "dataset_revision": "d3fb88f8f02e40887cd149695127462bbcf29b4a",
  "evaluation_time": 2.0103209018707275,
  "kg_co2_emissions": null,
  "mteb_version": "1.14.20",
  "scores": {
    "test": [
      {
        "cosine_pearson": 0.5705456841428329,
        "cosine_spearman": 0.6130440891073732,
        "euclidean_pearson": 0.5929188641907139,
        "euclidean_spearman": 0.6015618997670564,
        "hf_subset": "default",
        "languages": [
          "eng-Latn"
        ],
        "main_score": 0.6130440891073732,
        "manhattan_pearson": 0.6865536829585112,
        "manhattan_spearman": 0.6580933083554784,
        "pearson": 0.5705456841428329,
        "spearman": 0.6130440891073732
      }
    ]
  },
  "task_name": "BIOSSES"
}