{
  "dataset_revision": "d3c5e1fc0b855ab6097bf1cda04dd73947d7caab",
  "evaluation_time": 99.49149250984192,
  "kg_co2_emissions": null,
  "mteb_version": "1.14.20",
  "scores": {
    "test": [
      {
        "hf_subset": "default",
        "languages": [
          "eng-Latn"
        ],
        "main_score": 0.6218379466318121,
        "map": 0.6218379466318121,
        "mrr": 0.8347056628919375,
        "nAUC_map_diff1": 0.11145412262877238,
        "nAUC_map_max": 0.4997355926323615,
        "nAUC_map_std": 0.4125419938279859,
        "nAUC_mrr_diff1": 0.36421021478218224,
        "nAUC_mrr_max": 0.6051534740766262,
        "nAUC_mrr_std": 0.38157191515306305
      }
    ]
  },
  "task_name": "SciDocsRR"
}