{
  "dataset_revision": "e185fbe320c72810689fc5848eb6114e1ef5ec69",
  "evaluation_time": 76.18323707580566,
  "kg_co2_emissions": null,
  "mteb_version": "1.14.20",
  "scores": {
    "test": [
      {
        "hf_subset": "default",
        "languages": [
          "eng-Latn"
        ],
        "main_score": 0.3631794837471949,
        "map": 0.3631794837471949,
        "mrr": 0.3629588956794839,
        "nAUC_map_diff1": 0.3073760122814516,
        "nAUC_map_max": 0.20719224751156876,
        "nAUC_map_std": 0.054421131961897455,
        "nAUC_mrr_diff1": 0.29726677069939206,
        "nAUC_mrr_max": 0.2116100265661829,
        "nAUC_mrr_std": 0.06189931710794535
      }
    ]
  },
  "task_name": "StackOverflowDupQuestions"
}