{
  "dataset_revision": "2000358ca161889fa9c082cb41daa8dcfb161a54",
  "evaluation_time": 7.5616614818573,
  "kg_co2_emissions": null,
  "mteb_version": "1.14.20",
  "scores": {
    "test": [
      {
        "hf_subset": "default",
        "languages": [
          "eng-Latn"
        ],
        "main_score": 0.46960485945060104,
        "map": 0.46960485945060104,
        "mrr": 0.5945664600096733,
        "nAUC_map_diff1": 0.13948424847598764,
        "nAUC_map_max": 0.18056380989983176,
        "nAUC_map_std": 0.0919766926102444,
        "nAUC_mrr_diff1": 0.18518722846575597,
        "nAUC_mrr_max": 0.20701243938854333,
        "nAUC_mrr_std": 0.09189334209079743
      }
    ]
  },
  "task_name": "AskUbuntuDupQuestions"
}