{
  "dataset_revision": "d3fb88f8f02e40887cd149695127462bbcf29b4a",
  "evaluation_time": 3.1454145908355713,
  "kg_co2_emissions": null,
  "mteb_version": "1.14.20",
  "scores": {
    "test": [
      {
        "cosine_pearson": 0.6496325652747645,
        "cosine_spearman": 0.650496749720568,
        "euclidean_pearson": 0.6225653384213005,
        "euclidean_spearman": 0.626966093076666,
        "hf_subset": "default",
        "languages": [
          "eng-Latn"
        ],
        "main_score": 0.650496749720568,
        "manhattan_pearson": 0.623307227805408,
        "manhattan_spearman": 0.6261227003654148,
        "pearson": 0.6496325652747645,
        "spearman": 0.650496749720568
      }
    ]
  },
  "task_name": "BIOSSES"
}