{
  "dataset_revision": "59042f120c80e8afa9cdbb224f67076cec0fc9a7",
  "evaluation_time": 122.161794424057,
  "kg_co2_emissions": null,
  "mteb_version": "1.14.20",
  "scores": {
    "test": [
      {
        "hf_subset": "default",
        "languages": [
          "eng-Latn"
        ],
        "main_score": 0.2603207481124549,
        "map": 0.2603207481124549,
        "mrr": 0.2633561019302794,
        "nAUC_map_diff1": 0.21039378026459146,
        "nAUC_map_max": -0.25100689376312685,
        "nAUC_map_std": -0.12240472266207882,
        "nAUC_mrr_diff1": 0.1908199534662725,
        "nAUC_mrr_max": -0.18954336836106503,
        "nAUC_mrr_std": -0.10449585224832822
      }
    ]
  },
  "task_name": "MindSmallReranking"
}