{
  "dataset_revision": "20a6d6f312dd54037fe07a32d58e5e168867909d",
  "evaluation_time": 14.354651927947998,
  "kg_co2_emissions": null,
  "mteb_version": "1.14.20",
  "scores": {
    "test": [
      {
        "cosine_pearson": 0.5519336871598242,
        "cosine_spearman": 0.5176579755198454,
        "euclidean_pearson": 0.534203760708448,
        "euclidean_spearman": 0.5158639305779126,
        "hf_subset": "default",
        "languages": [
          "eng-Latn"
        ],
        "main_score": 0.5176579755198454,
        "manhattan_pearson": 0.5338503707285379,
        "manhattan_spearman": 0.5155761607640339,
        "pearson": 0.5519336871598242,
        "spearman": 0.5176579755198454
      }
    ]
  },
  "task_name": "SICK-R"
}