{
  "dataset_revision": "e185fbe320c72810689fc5848eb6114e1ef5ec69",
  "evaluation_time": 56.1613564491272,
  "kg_co2_emissions": null,
  "mteb_version": "1.14.20",
  "scores": {
    "test": [
      {
        "hf_subset": "default",
        "languages": [
          "eng-Latn"
        ],
        "main_score": 0.3407010608638137,
        "map": 0.3407010608638137,
        "mrr": 0.3366759772090654,
        "nAUC_map_diff1": 0.28708021001949474,
        "nAUC_map_max": 0.21352138021274206,
        "nAUC_map_std": 0.12335478649140422,
        "nAUC_mrr_diff1": 0.2856823087350633,
        "nAUC_mrr_max": 0.22167588587313197,
        "nAUC_mrr_std": 0.12744681558238158
      }
    ]
  },
  "task_name": "StackOverflowDupQuestions"
}