{
  "dataset_revision": "a0d554a64d88156834ff5ae9920b964011b16384",
  "evaluation_time": 9.256829738616943,
  "kg_co2_emissions": null,
  "mteb_version": "1.14.20",
  "scores": {
    "test": [
      {
        "cosine_pearson": 0.3178072945435264,
        "cosine_spearman": 0.34835247898643323,
        "euclidean_pearson": 0.3314758237634609,
        "euclidean_spearman": 0.3387851916996787,
        "hf_subset": "default",
        "languages": [
          "eng-Latn"
        ],
        "main_score": 0.34835247898643323,
        "manhattan_pearson": 0.333825773606192,
        "manhattan_spearman": 0.3394882784977695,
        "pearson": 0.3178072945435264,
        "spearman": 0.34835247898643323
      }
    ]
  },
  "task_name": "STS12"
}