{
  "dataset_revision": "b0fddb56ed78048fa8b90373c8a3cfc37b684831",
  "evaluation_time": 5.375969171524048,
  "kg_co2_emissions": null,
  "mteb_version": "1.14.20",
  "scores": {
    "test": [
      {
        "cosine_pearson": 0.4114060091019351,
        "cosine_spearman": 0.3955403448123819,
        "euclidean_pearson": 0.436005675497837,
        "euclidean_spearman": 0.4310871771337475,
        "hf_subset": "default",
        "languages": [
          "eng-Latn"
        ],
        "main_score": 0.3955403448123819,
        "manhattan_pearson": 0.4360491995613315,
        "manhattan_spearman": 0.4308379701986705,
        "pearson": 0.4114060091019351,
        "spearman": 0.3955403448123819
      }
    ]
  },
  "task_name": "STSBenchmark"
}