{
  "dataset_revision": "2000358ca161889fa9c082cb41daa8dcfb161a54",
  "evaluation_time": 25.495052099227905,
  "kg_co2_emissions": null,
  "mteb_version": "1.14.20",
  "scores": {
    "test": [
      {
        "hf_subset": "default",
        "languages": [
          "eng-Latn"
        ],
        "main_score": 0.47720025683956363,
        "map": 0.47720025683956363,
        "mrr": 0.6134579870729455,
        "nAUC_map_diff1": 0.07147697319637601,
        "nAUC_map_max": 0.18805707869406785,
        "nAUC_map_std": -0.05729902810681241,
        "nAUC_mrr_diff1": 0.10954966317286274,
        "nAUC_mrr_max": 0.2304646917415775,
        "nAUC_mrr_std": -0.06141834073056626
      }
    ]
  },
  "task_name": "AskUbuntuDupQuestions"
}