{
  "dataset_revision": "d3fb88f8f02e40887cd149695127462bbcf29b4a",
  "evaluation_time": 3.845485210418701,
  "kg_co2_emissions": null,
  "mteb_version": "1.14.20",
  "scores": {
    "test": [
      {
        "cosine_pearson": 0.41598371511899196,
        "cosine_spearman": 0.6308818449503312,
        "euclidean_pearson": 0.5340133528364117,
        "euclidean_spearman": 0.6123091326018544,
        "hf_subset": "default",
        "languages": [
          "eng-Latn"
        ],
        "main_score": 0.6308818449503312,
        "manhattan_pearson": 0.6962578684051436,
        "manhattan_spearman": 0.6788829386878148,
        "pearson": 0.41598371511899196,
        "spearman": 0.6308818449503312
      }
    ]
  },
  "task_name": "BIOSSES"
}