{
  "dataset_revision": "b0fddb56ed78048fa8b90373c8a3cfc37b684831",
  "evaluation_time": 19.005159616470337,
  "kg_co2_emissions": null,
  "mteb_version": "1.14.20",
  "scores": {
    "test": [
      {
        "cosine_pearson": 0.3750121583533356,
        "cosine_spearman": 0.3976974955276453,
        "euclidean_pearson": 0.386621907208795,
        "euclidean_spearman": 0.4062030938405525,
        "hf_subset": "default",
        "languages": [
          "eng-Latn"
        ],
        "main_score": 0.3976974955276453,
        "manhattan_pearson": 0.4917274655960851,
        "manhattan_spearman": 0.48720007806801796,
        "pearson": 0.3750121583533356,
        "spearman": 0.3976974955276453
      }
    ]
  },
  "task_name": "STSBenchmark"
}