{
  "dataset_revision": "2000358ca161889fa9c082cb41daa8dcfb161a54",
  "evaluation_time": 5.342113971710205,
  "kg_co2_emissions": null,
  "mteb_version": "1.14.19",
  "scores": {
    "test": [
      {
        "hf_subset": "default",
        "languages": [
          "eng-Latn"
        ],
        "main_score": 0.44992757452294185,
        "map": 0.44992757452294185,
        "mrr": 0.5785637338961439,
        "nAUC_map_diff1": 0.0839908859794471,
        "nAUC_map_max": 0.1558717252142086,
        "nAUC_map_std": 0.06283074290922809,
        "nAUC_mrr_diff1": 0.128858914857509,
        "nAUC_mrr_max": 0.19792196429145106,
        "nAUC_mrr_std": 0.06031222502053483
      }
    ]
  },
  "task_name": "AskUbuntuDupQuestions"
}