{
  "dataset_revision": "20a6d6f312dd54037fe07a32d58e5e168867909d",
  "evaluation_time": 8.884508609771729,
  "kg_co2_emissions": null,
  "mteb_version": "1.14.19",
  "scores": {
    "test": [
      {
        "cosine_pearson": 0.3970841392385007,
        "cosine_spearman": 0.3867530507622369,
        "euclidean_pearson": 0.4008765935193889,
        "euclidean_spearman": 0.38696116732796304,
        "hf_subset": "default",
        "languages": [
          "eng-Latn"
        ],
        "main_score": 0.3867530507622369,
        "manhattan_pearson": 0.3998193194609354,
        "manhattan_spearman": 0.3861874326609807,
        "pearson": 0.3970841392385007,
        "spearman": 0.3867530507622369
      }
    ]
  },
  "task_name": "SICK-R"
}