{
  "dataset_revision": "d66bd1f72af766a5cc4b0ca5e00c162f89e8cc46",
  "evaluation_time": 13.469744682312012,
  "kg_co2_emissions": null,
  "mteb_version": "1.14.19",
  "scores": {
    "test": [
      {
        "cosine_accuracy": 0.9902178217821782,
        "cosine_accuracy_threshold": 0.9996446371078491,
        "cosine_ap": 0.06559151450174926,
        "cosine_f1": 0.12168874172185432,
        "cosine_f1_threshold": 0.998950719833374,
        "cosine_precision": 0.1038135593220339,
        "cosine_recall": 0.147,
        "dot_accuracy": 0.9901089108910891,
        "dot_accuracy_threshold": 307128.125,
        "dot_ap": 0.015562899357947371,
        "dot_f1": 0.03715064758009544,
        "dot_f1_threshold": 305626.0,
        "dot_precision": 0.0223911257189811,
        "dot_recall": 0.109,
        "euclidean_accuracy": 0.9902178217821782,
        "euclidean_accuracy_threshold": 14.733389854431152,
        "euclidean_ap": 0.06568417933962298,
        "euclidean_f1": 0.12249897917517354,
        "euclidean_f1_threshold": 25.37607765197754,
        "euclidean_precision": 0.10351966873706005,
        "euclidean_recall": 0.15,
        "hf_subset": "default",
        "languages": [
          "eng-Latn"
        ],
        "main_score": 0.06568417933962298,
        "manhattan_accuracy": 0.9902178217821782,
        "manhattan_accuracy_threshold": 135.40625,
        "manhattan_ap": 0.0648111238915875,
        "manhattan_f1": 0.12041522491349482,
        "manhattan_f1_threshold": 233.125,
        "manhattan_precision": 0.09206349206349207,
        "manhattan_recall": 0.174,
        "max_accuracy": 0.9902178217821782,
        "max_ap": 0.06568417933962298,
        "max_f1": 0.12249897917517354,
        "max_precision": 0.1038135593220339,
        "max_recall": 0.174,
        "similarity_accuracy": 0.9902178217821782,
        "similarity_accuracy_threshold": 0.9996446371078491,
        "similarity_ap": 0.06559151450174926,
        "similarity_f1": 0.12168874172185432,
        "similarity_f1_threshold": 0.998950719833374,
        "similarity_precision": 0.1038135593220339,
        "similarity_recall": 0.147
      }
    ],
    "validation": [
      {
        "cosine_accuracy": 0.9901089108910891,
        "cosine_accuracy_threshold": 0.9996733069419861,
        "cosine_ap": 0.044638755427013274,
        "cosine_f1": 0.10754553339115352,
        "cosine_f1_threshold": 0.998930811882019,
        "cosine_precision": 0.09494640122511486,
        "cosine_recall": 0.124,
        "dot_accuracy": 0.9900990099009901,
        "dot_accuracy_threshold": 307051.25,
        "dot_ap": 0.01583001616664688,
        "dot_f1": 0.043801652892561986,
        "dot_f1_threshold": 306006.15625,
        "dot_precision": 0.03732394366197183,
        "dot_recall": 0.053,
        "euclidean_accuracy": 0.9901089108910891,
        "euclidean_accuracy_threshold": 14.136394500732422,
        "euclidean_ap": 0.04485423305982518,
        "euclidean_f1": 0.10834321866350335,
        "euclidean_f1_threshold": 25.9146728515625,
        "euclidean_precision": 0.08960104643557881,
        "euclidean_recall": 0.137,
        "hf_subset": "default",
        "languages": [
          "eng-Latn"
        ],
        "main_score": 0.04485423305982518,
        "manhattan_accuracy": 0.9901188118811881,
        "manhattan_accuracy_threshold": 129.8125,
        "manhattan_ap": 0.04374641190950957,
        "manhattan_f1": 0.10306406685236767,
        "manhattan_f1_threshold": 236.375,
        "manhattan_precision": 0.07905982905982906,
        "manhattan_recall": 0.148,
        "max_accuracy": 0.9901188118811881,
        "max_ap": 0.04485423305982518,
        "max_f1": 0.10834321866350335,
        "max_precision": 0.09494640122511486,
        "max_recall": 0.148,
        "similarity_accuracy": 0.9901089108910891,
        "similarity_accuracy_threshold": 0.9996733069419861,
        "similarity_ap": 0.044638755427013274,
        "similarity_f1": 0.10754553339115352,
        "similarity_f1_threshold": 0.998930811882019,
        "similarity_precision": 0.09494640122511486,
        "similarity_recall": 0.124
      }
    ]
  },
  "task_name": "SprintDuplicateQuestions"
}