{
  "dataset_revision": "e185fbe320c72810689fc5848eb6114e1ef5ec69",
  "evaluation_time": 22.76848077774048,
  "kg_co2_emissions": null,
  "mteb_version": "1.14.19",
  "scores": {
    "test": [
      {
        "hf_subset": "default",
        "languages": [
          "eng-Latn"
        ],
        "main_score": 0.2739390453376757,
        "map": 0.2739390453376757,
        "mrr": 0.26379976232917407,
        "nAUC_map_diff1": 0.20204455160898271,
        "nAUC_map_max": 0.21315606147675614,
        "nAUC_map_std": 0.07223981063400138,
        "nAUC_mrr_diff1": 0.19998265354766295,
        "nAUC_mrr_max": 0.20939493359968908,
        "nAUC_mrr_std": 0.06612421030448809
      }
    ]
  },
  "task_name": "StackOverflowDupQuestions"
}