{
  "dataset_revision": "4d8694f8f0e0100860b497b999b3dbed754a0513",
  "evaluation_time": 4.637392282485962,
  "kg_co2_emissions": null,
  "mteb_version": "1.14.20",
  "scores": {
    "test": [
      {
        "cosine_pearson": 0.5559896228431825,
        "cosine_spearman": 0.5565567682408011,
        "euclidean_pearson": 0.5416530214060175,
        "euclidean_spearman": 0.5372796725695209,
        "hf_subset": "default",
        "languages": [
          "eng-Latn"
        ],
        "main_score": 0.5565567682408011,
        "manhattan_pearson": 0.5426861370746564,
        "manhattan_spearman": 0.5387922684135817,
        "pearson": 0.5559896228431825,
        "spearman": 0.5565567682408011
      }
    ]
  },
  "task_name": "STS16"
}