{
  "dataset_revision": "20a6d6f312dd54037fe07a32d58e5e168867909d",
  "evaluation_time": 53.09688854217529,
  "kg_co2_emissions": null,
  "mteb_version": "1.14.20",
  "scores": {
    "test": [
      {
        "cosine_pearson": 0.5502488672275131,
        "cosine_spearman": 0.5205723830437395,
        "euclidean_pearson": 0.5373310445152355,
        "euclidean_spearman": 0.5181018832939315,
        "hf_subset": "default",
        "languages": [
          "eng-Latn"
        ],
        "main_score": 0.5205723830437395,
        "manhattan_pearson": 0.562286359444815,
        "manhattan_spearman": 0.5437743271458367,
        "pearson": 0.5502488672275131,
        "spearman": 0.5205723830437395
      }
    ]
  },
  "task_name": "SICK-R"
}