{
  "dataset_revision": "7e90230a92c190f1bf69ae9002b8cea547a64cca",
  "evaluation_time": 22.51720690727234,
  "kg_co2_emissions": null,
  "mteb_version": "1.14.20",
  "scores": {
    "test": [
      {
        "cosine_pearson": 0.45308599900594276,
        "cosine_spearman": 0.47554905528134706,
        "euclidean_pearson": 0.5070811567877395,
        "euclidean_spearman": 0.5097593842310444,
        "hf_subset": "default",
        "languages": [
          "eng-Latn"
        ],
        "main_score": 0.47554905528134706,
        "manhattan_pearson": 0.5251261796250758,
        "manhattan_spearman": 0.5231173503523611,
        "pearson": 0.45308599900594276,
        "spearman": 0.47554905528134706
      }
    ]
  },
  "task_name": "STS13"
}