{
  "dataset_revision": "7e90230a92c190f1bf69ae9002b8cea547a64cca",
  "evaluation_time": 8.316654205322266,
  "kg_co2_emissions": null,
  "mteb_version": "1.14.20",
  "scores": {
    "test": [
      {
        "cosine_pearson": 0.4977341044363071,
        "cosine_spearman": 0.5002934830448975,
        "euclidean_pearson": 0.5110112865236323,
        "euclidean_spearman": 0.5058347328014291,
        "hf_subset": "default",
        "languages": [
          "eng-Latn"
        ],
        "main_score": 0.5002934830448975,
        "manhattan_pearson": 0.536778650341049,
        "manhattan_spearman": 0.5286612239105014,
        "pearson": 0.4977341044363071,
        "spearman": 0.5002934830448975
      }
    ]
  },
  "task_name": "STS13"
}