{
  "dataset_revision": "2000358ca161889fa9c082cb41daa8dcfb161a54",
  "evaluation_time": 6.0303497314453125,
  "kg_co2_emissions": null,
  "mteb_version": "1.14.20",
  "scores": {
    "test": [
      {
        "hf_subset": "default",
        "languages": [
          "eng-Latn"
        ],
        "main_score": 0.4720644560395053,
        "map": 0.4720644560395053,
        "mrr": 0.6001429011124302,
        "nAUC_map_diff1": 0.1246296901693835,
        "nAUC_map_max": 0.18254265097872502,
        "nAUC_map_std": 0.09433786096323458,
        "nAUC_mrr_diff1": 0.18906639776644296,
        "nAUC_mrr_max": 0.22641526157370984,
        "nAUC_mrr_std": 0.08777686647219865
      }
    ]
  },
  "task_name": "AskUbuntuDupQuestions"
}