{
  "dataset_revision": "d3c5e1fc0b855ab6097bf1cda04dd73947d7caab",
  "evaluation_time": 60.64572620391846,
  "kg_co2_emissions": null,
  "mteb_version": "1.14.20",
  "scores": {
    "test": [
      {
        "hf_subset": "default",
        "languages": [
          "eng-Latn"
        ],
        "main_score": 0.5082213562118887,
        "map": 0.5082213562118887,
        "mrr": 0.7518431731667026,
        "nAUC_map_diff1": 0.18705059960117193,
        "nAUC_map_max": 0.3929908176990552,
        "nAUC_map_std": 0.3327261960112739,
        "nAUC_mrr_diff1": 0.3609975018996972,
        "nAUC_mrr_max": 0.4765775168247897,
        "nAUC_mrr_std": 0.3138424040184554
      }
    ]
  },
  "task_name": "SciDocsRR"
}