{
  "dataset_revision": "ae752c7c21bf194d8b67fd573edf7ae58183cbe3",
  "evaluation_time": 9.558193445205688,
  "kg_co2_emissions": null,
  "mteb_version": "1.14.20",
  "scores": {
    "test": [
      {
        "cosine_pearson": 0.562890579318401,
        "cosine_spearman": 0.5645720525632291,
        "euclidean_pearson": 0.5170804641287062,
        "euclidean_spearman": 0.5196647655852074,
        "hf_subset": "default",
        "languages": [
          "eng-Latn"
        ],
        "main_score": 0.5645720525632291,
        "manhattan_pearson": 0.5175387002429874,
        "manhattan_spearman": 0.5197582102239142,
        "pearson": 0.562890579318401,
        "spearman": 0.5645720525632291
      }
    ]
  },
  "task_name": "STS15"
}