{
  "dataset_revision": "d3fb88f8f02e40887cd149695127462bbcf29b4a",
  "evaluation_time": 1.5968689918518066,
  "kg_co2_emissions": null,
  "mteb_version": "1.14.20",
  "scores": {
    "test": [
      {
        "cosine_pearson": 0.4516190847581495,
        "cosine_spearman": 0.4628539199345312,
        "euclidean_pearson": 0.41475116835972253,
        "euclidean_spearman": 0.4311122328232358,
        "hf_subset": "default",
        "languages": [
          "eng-Latn"
        ],
        "main_score": 0.4628539199345312,
        "manhattan_pearson": 0.4137353269314831,
        "manhattan_spearman": 0.42755793496867817,
        "pearson": 0.4516190847581495,
        "spearman": 0.4628539199345312
      }
    ]
  },
  "task_name": "BIOSSES"
}