{
  "dataset_revision": "59042f120c80e8afa9cdbb224f67076cec0fc9a7",
  "evaluation_time": 114.49348044395447,
  "kg_co2_emissions": null,
  "mteb_version": "1.14.20",
  "scores": {
    "test": [
      {
        "hf_subset": "default",
        "languages": [
          "eng-Latn"
        ],
        "main_score": 0.2612945786024449,
        "map": 0.2612945786024449,
        "mrr": 0.26502239044423775,
        "nAUC_map_diff1": 0.17598979717901803,
        "nAUC_map_max": -0.23089604031959246,
        "nAUC_map_std": -0.1530165360472515,
        "nAUC_mrr_diff1": 0.16440916184614043,
        "nAUC_mrr_max": -0.166497042844562,
        "nAUC_mrr_std": -0.13222683526061382
      }
    ]
  },
  "task_name": "MindSmallReranking"
}