{
  "dataset_revision": "20a6d6f312dd54037fe07a32d58e5e168867909d",
  "evaluation_time": 11.834944725036621,
  "kg_co2_emissions": null,
  "mteb_version": "1.14.20",
  "scores": {
    "test": [
      {
        "cosine_pearson": 0.43524399413166165,
        "cosine_spearman": 0.4045733610707782,
        "euclidean_pearson": 0.428072676581917,
        "euclidean_spearman": 0.3999855143393523,
        "hf_subset": "default",
        "languages": [
          "eng-Latn"
        ],
        "main_score": 0.4045733610707782,
        "manhattan_pearson": 0.4282127048844018,
        "manhattan_spearman": 0.4000604296291788,
        "pearson": 0.43524399413166165,
        "spearman": 0.4045733610707782
      }
    ]
  },
  "task_name": "SICK-R"
}