{
  "dataset_revision": "e185fbe320c72810689fc5848eb6114e1ef5ec69",
  "evaluation_time": 31.66266417503357,
  "kg_co2_emissions": null,
  "mteb_version": "1.14.20",
  "scores": {
    "test": [
      {
        "hf_subset": "default",
        "languages": [
          "eng-Latn"
        ],
        "main_score": 0.29386148590447136,
        "map": 0.29386148590447136,
        "mrr": 0.2851292600373483,
        "nAUC_map_diff1": 0.22947744534887735,
        "nAUC_map_max": 0.2283787832879557,
        "nAUC_map_std": 0.12744453200512434,
        "nAUC_mrr_diff1": 0.22232063923883538,
        "nAUC_mrr_max": 0.23150355837097109,
        "nAUC_mrr_std": 0.13171051479082768
      }
    ]
  },
  "task_name": "StackOverflowDupQuestions"
}