{
  "dataset_revision": "ae752c7c21bf194d8b67fd573edf7ae58183cbe3",
  "evaluation_time": 7.180200576782227,
  "kg_co2_emissions": null,
  "mteb_version": "1.14.20",
  "scores": {
    "test": [
      {
        "cosine_pearson": 0.44935684904895923,
        "cosine_spearman": 0.44435823645988387,
        "euclidean_pearson": 0.44060174804587254,
        "euclidean_spearman": 0.42471833646911583,
        "hf_subset": "default",
        "languages": [
          "eng-Latn"
        ],
        "main_score": 0.44435823645988387,
        "manhattan_pearson": 0.43873278021617096,
        "manhattan_spearman": 0.4232085352992294,
        "pearson": 0.44935684904895923,
        "spearman": 0.44435823645988387
      }
    ]
  },
  "task_name": "STS15"
}