{
  "dataset_revision": "4d8694f8f0e0100860b497b999b3dbed754a0513",
  "evaluation_time": 3.5975093841552734,
  "kg_co2_emissions": null,
  "mteb_version": "1.14.20",
  "scores": {
    "test": [
      {
        "cosine_pearson": 0.4061140135494259,
        "cosine_spearman": 0.4144550877823215,
        "euclidean_pearson": 0.39623526102961776,
        "euclidean_spearman": 0.3825297211996493,
        "hf_subset": "default",
        "languages": [
          "eng-Latn"
        ],
        "main_score": 0.4144550877823215,
        "manhattan_pearson": 0.3964687678571448,
        "manhattan_spearman": 0.38275069778882526,
        "pearson": 0.4061140135494259,
        "spearman": 0.4144550877823215
      }
    ]
  },
  "task_name": "STS16"
}