{
  "dataset_revision": "d3fb88f8f02e40887cd149695127462bbcf29b4a",
  "evaluation_time": 1.840256690979004,
  "kg_co2_emissions": null,
  "mteb_version": "1.14.20",
  "scores": {
    "test": [
      {
        "cosine_pearson": 0.5584435219543761,
        "cosine_spearman": 0.5526330740471966,
        "euclidean_pearson": 0.4844010792118242,
        "euclidean_spearman": 0.48360740486495674,
        "hf_subset": "default",
        "languages": [
          "eng-Latn"
        ],
        "main_score": 0.5526330740471966,
        "manhattan_pearson": 0.4962264841083566,
        "manhattan_spearman": 0.4909328729855366,
        "pearson": 0.5584435219543761,
        "spearman": 0.5526330740471966
      }
    ]
  },
  "task_name": "BIOSSES"
}