{
  "dataset_revision": "2000358ca161889fa9c082cb41daa8dcfb161a54",
  "evaluation_time": 13.67162275314331,
  "kg_co2_emissions": null,
  "mteb_version": "1.14.19",
  "scores": {
    "test": [
      {
        "hf_subset": "default",
        "languages": [
          "eng-Latn"
        ],
        "main_score": 0.48594376028467834,
        "map": 0.48594376028467834,
        "mrr": 0.6116277535945126,
        "nAUC_map_diff1": 0.06975934519023488,
        "nAUC_map_max": 0.23027072124904194,
        "nAUC_map_std": 0.11037179350407336,
        "nAUC_mrr_diff1": 0.11421821220180332,
        "nAUC_mrr_max": 0.25626762427273886,
        "nAUC_mrr_std": 0.14245313126664763
      }
    ]
  },
  "task_name": "AskUbuntuDupQuestions"
}