{
  "dataset_revision": "20a6d6f312dd54037fe07a32d58e5e168867909d",
  "evaluation_time": 23.71079111099243,
  "kg_co2_emissions": null,
  "mteb_version": "1.14.19",
  "scores": {
    "test": [
      {
        "cosine_pearson": 0.6070183618410544,
        "cosine_spearman": 0.5457366727572848,
        "euclidean_pearson": 0.5733641954927343,
        "euclidean_spearman": 0.5465693804979425,
        "hf_subset": "default",
        "languages": [
          "eng-Latn"
        ],
        "main_score": 0.5457366727572848,
        "manhattan_pearson": 0.5747353765245807,
        "manhattan_spearman": 0.548315775233187,
        "pearson": 0.6070183618410544,
        "spearman": 0.5457366727572848
      }
    ]
  },
  "task_name": "SICK-R"
}