{
  "dataset_revision": "2000358ca161889fa9c082cb41daa8dcfb161a54",
  "evaluation_time": 7.342485427856445,
  "kg_co2_emissions": null,
  "mteb_version": "1.14.20",
  "scores": {
    "test": [
      {
        "hf_subset": "default",
        "languages": [
          "eng-Latn"
        ],
        "main_score": 0.4692779113956389,
        "map": 0.4692779113956389,
        "mrr": 0.5864276920371103,
        "nAUC_map_diff1": 0.16814354578078403,
        "nAUC_map_max": 0.21199937658077098,
        "nAUC_map_std": 0.08538414502894623,
        "nAUC_mrr_diff1": 0.23507847527274814,
        "nAUC_mrr_max": 0.27512437579440674,
        "nAUC_mrr_std": 0.12261740767322944
      }
    ]
  },
  "task_name": "AskUbuntuDupQuestions"
}