{
  "dataset_revision": "59042f120c80e8afa9cdbb224f67076cec0fc9a7",
  "evaluation_time": 405.71061086654663,
  "kg_co2_emissions": null,
  "mteb_version": "1.14.21",
  "scores": {
    "test": [
      {
        "hf_subset": "default",
        "languages": [
          "eng-Latn"
        ],
        "main_score": 0.29072458273654644,
        "map": 0.29072458273654644,
        "mrr": 0.30033121925831047,
        "nAUC_map_diff1": 0.185679150432269,
        "nAUC_map_max": -0.20576095705217168,
        "nAUC_map_std": 0.022608281588384325,
        "nAUC_mrr_diff1": 0.16793562262615697,
        "nAUC_mrr_max": -0.14807999516740922,
        "nAUC_mrr_std": 0.028842131573298957
      }
    ]
  },
  "task_name": "MindSmallReranking"
}