{
  "dataset_revision": "7e90230a92c190f1bf69ae9002b8cea547a64cca",
  "evaluation_time": 49.06161379814148,
  "kg_co2_emissions": null,
  "mteb_version": "1.14.21",
  "scores": {
    "test": [
      {
        "cosine_pearson": 0.5043154837549028,
        "cosine_spearman": 0.5225548936624863,
        "euclidean_pearson": 0.5154612534821821,
        "euclidean_spearman": 0.5237480269565078,
        "hf_subset": "default",
        "languages": [
          "eng-Latn"
        ],
        "main_score": 0.5225548936624863,
        "manhattan_pearson": 0.5052607824495373,
        "manhattan_spearman": 0.5143839224771414,
        "pearson": 0.5043154837549028,
        "spearman": 0.5225548936624863
      }
    ]
  },
  "task_name": "STS13"
}