{
  "dataset_revision": "a0d554a64d88156834ff5ae9920b964011b16384",
  "evaluation_time": 53.09258317947388,
  "kg_co2_emissions": null,
  "mteb_version": "1.14.21",
  "scores": {
    "test": [
      {
        "cosine_pearson": 0.31188019429273695,
        "cosine_spearman": 0.36044702238502146,
        "euclidean_pearson": 0.3306811024295476,
        "euclidean_spearman": 0.3480849035700784,
        "hf_subset": "default",
        "languages": [
          "eng-Latn"
        ],
        "main_score": 0.36044702238502146,
        "manhattan_pearson": 0.32261892197681985,
        "manhattan_spearman": 0.3413312921754598,
        "pearson": 0.31188019429273695,
        "spearman": 0.36044702238502146
      }
    ]
  },
  "task_name": "STS12"
}