{
  "dataset_revision": "2000358ca161889fa9c082cb41daa8dcfb161a54",
  "evaluation_time": 6.826239585876465,
  "kg_co2_emissions": null,
  "mteb_version": "1.14.20",
  "scores": {
    "test": [
      {
        "hf_subset": "default",
        "languages": [
          "eng-Latn"
        ],
        "main_score": 0.47879755895631626,
        "map": 0.47879755895631626,
        "mrr": 0.6069329024315173,
        "nAUC_map_diff1": 0.17442748781110948,
        "nAUC_map_max": 0.1733994521145531,
        "nAUC_map_std": 0.07401218935109753,
        "nAUC_mrr_diff1": 0.21154263806111054,
        "nAUC_mrr_max": 0.22397345451308237,
        "nAUC_mrr_std": 0.07393279488145271
      }
    ]
  },
  "task_name": "AskUbuntuDupQuestions"
}