{
  "dataset_revision": "d3fb88f8f02e40887cd149695127462bbcf29b4a",
  "evaluation_time": 1.6135728359222412,
  "kg_co2_emissions": null,
  "mteb_version": "1.14.20",
  "scores": {
    "test": [
      {
        "cosine_pearson": 0.620123415928365,
        "cosine_spearman": 0.644074916647757,
        "euclidean_pearson": 0.600268319916174,
        "euclidean_spearman": 0.6099536572440035,
        "hf_subset": "default",
        "languages": [
          "eng-Latn"
        ],
        "main_score": 0.644074916647757,
        "manhattan_pearson": 0.6028605170600881,
        "manhattan_spearman": 0.6096042516921996,
        "pearson": 0.620123415928365,
        "spearman": 0.644074916647757
      }
    ]
  },
  "task_name": "BIOSSES"
}