{
  "dataset_revision": "20a6d6f312dd54037fe07a32d58e5e168867909d",
  "evaluation_time": 12.230175495147705,
  "kg_co2_emissions": null,
  "mteb_version": "1.14.20",
  "scores": {
    "test": [
      {
        "cosine_pearson": 0.6057846840529192,
        "cosine_spearman": 0.5588403534328029,
        "euclidean_pearson": 0.5709265920326808,
        "euclidean_spearman": 0.5527017336424809,
        "hf_subset": "default",
        "languages": [
          "eng-Latn"
        ],
        "main_score": 0.5588403534328029,
        "manhattan_pearson": 0.571463427588031,
        "manhattan_spearman": 0.5538198180172719,
        "pearson": 0.6057846840529192,
        "spearman": 0.5588403534328029
      }
    ]
  },
  "task_name": "SICK-R"
}