{
  "dataset_revision": "e185fbe320c72810689fc5848eb6114e1ef5ec69",
  "evaluation_time": 36.07163429260254,
  "kg_co2_emissions": null,
  "mteb_version": "1.14.20",
  "scores": {
    "test": [
      {
        "hf_subset": "default",
        "languages": [
          "eng-Latn"
        ],
        "main_score": 0.3648243387470987,
        "map": 0.3648243387470987,
        "mrr": 0.3626798446651388,
        "nAUC_map_diff1": 0.30461697892271855,
        "nAUC_map_max": 0.21669448675035455,
        "nAUC_map_std": 0.1247842178661017,
        "nAUC_mrr_diff1": 0.3013742911267446,
        "nAUC_mrr_max": 0.22572778841552357,
        "nAUC_mrr_std": 0.1261104938888917
      }
    ]
  },
  "task_name": "StackOverflowDupQuestions"
}