{
  "dataset_revision": "ae752c7c21bf194d8b67fd573edf7ae58183cbe3",
  "evaluation_time": 7.387867212295532,
  "kg_co2_emissions": null,
  "mteb_version": "1.14.20",
  "scores": {
    "test": [
      {
        "cosine_pearson": 0.6007942041125788,
        "cosine_spearman": 0.6072801190591333,
        "euclidean_pearson": 0.571776548740843,
        "euclidean_spearman": 0.5747537749809775,
        "hf_subset": "default",
        "languages": [
          "eng-Latn"
        ],
        "main_score": 0.6072801190591333,
        "manhattan_pearson": 0.5751179230297949,
        "manhattan_spearman": 0.5775676394567663,
        "pearson": 0.6007942041125788,
        "spearman": 0.6072801190591333
      }
    ]
  },
  "task_name": "STS15"
}