{
  "dataset_revision": "6031580fec1f6af667f0bd2da0a551cf4f0b2375",
  "evaluation_time": 9.450152158737183,
  "kg_co2_emissions": null,
  "mteb_version": "1.14.20",
  "scores": {
    "test": [
      {
        "cosine_pearson": 0.4985640914447922,
        "cosine_spearman": 0.4735512065212156,
        "euclidean_pearson": 0.4997052916265432,
        "euclidean_spearman": 0.48004601282765225,
        "hf_subset": "default",
        "languages": [
          "eng-Latn"
        ],
        "main_score": 0.4735512065212156,
        "manhattan_pearson": 0.5024928700562864,
        "manhattan_spearman": 0.4820179673480985,
        "pearson": 0.4985640914447922,
        "spearman": 0.4735512065212156
      }
    ]
  },
  "task_name": "STS14"
}