{
  "dataset_revision": "b0fddb56ed78048fa8b90373c8a3cfc37b684831",
  "evaluation_time": 5.000315189361572,
  "kg_co2_emissions": null,
  "mteb_version": "1.14.20",
  "scores": {
    "test": [
      {
        "cosine_pearson": 0.4598470592670125,
        "cosine_spearman": 0.4536024086608564,
        "euclidean_pearson": 0.4821799460361304,
        "euclidean_spearman": 0.47689350551483894,
        "hf_subset": "default",
        "languages": [
          "eng-Latn"
        ],
        "main_score": 0.4536024086608564,
        "manhattan_pearson": 0.4834146385922589,
        "manhattan_spearman": 0.4779151943900528,
        "pearson": 0.4598470592670125,
        "spearman": 0.4536024086608564
      }
    ]
  },
  "task_name": "STSBenchmark"
}