{
  "dataset_revision": "d3fb88f8f02e40887cd149695127462bbcf29b4a",
  "evaluation_time": 3.6087119579315186,
  "kg_co2_emissions": null,
  "mteb_version": "1.14.19",
  "scores": {
    "test": [
      {
        "cosine_pearson": 0.6611176927229899,
        "cosine_spearman": 0.7061184990275692,
        "euclidean_pearson": 0.6457473023158198,
        "euclidean_spearman": 0.6829553206364265,
        "hf_subset": "default",
        "languages": [
          "eng-Latn"
        ],
        "main_score": 0.7061184990275692,
        "manhattan_pearson": 0.6557039221078921,
        "manhattan_spearman": 0.6834252108612664,
        "pearson": 0.6611176927229899,
        "spearman": 0.7061184990275692
      }
    ]
  },
  "task_name": "BIOSSES"
}