{
  "dataset_revision": "59042f120c80e8afa9cdbb224f67076cec0fc9a7",
  "evaluation_time": 151.25548839569092,
  "kg_co2_emissions": null,
  "mteb_version": "1.14.19",
  "scores": {
    "test": [
      {
        "hf_subset": "default",
        "languages": [
          "eng-Latn"
        ],
        "main_score": 0.27846310178277345,
        "map": 0.27846310178277345,
        "mrr": 0.2853990876003055,
        "nAUC_map_diff1": 0.19382973744965978,
        "nAUC_map_max": -0.23048810221655636,
        "nAUC_map_std": -0.10008337751865024,
        "nAUC_mrr_diff1": 0.17438778670221544,
        "nAUC_mrr_max": -0.17261436094256696,
        "nAUC_mrr_std": -0.08242773107055719
      }
    ]
  },
  "task_name": "MindSmallReranking"
}