{
  "dataset_revision": "e185fbe320c72810689fc5848eb6114e1ef5ec69",
  "evaluation_time": 67.11260867118835,
  "kg_co2_emissions": null,
  "mteb_version": "1.14.19",
  "scores": {
    "test": [
      {
        "hf_subset": "default",
        "languages": [
          "eng-Latn"
        ],
        "main_score": 0.36611508378817614,
        "map": 0.36611508378817614,
        "mrr": 0.3666095036499448,
        "nAUC_map_diff1": 0.2891734340724153,
        "nAUC_map_max": 0.19892653647001193,
        "nAUC_map_std": 0.11151528949967894,
        "nAUC_mrr_diff1": 0.28266507822079784,
        "nAUC_mrr_max": 0.2033519320739561,
        "nAUC_mrr_std": 0.11410529506782546
      }
    ]
  },
  "task_name": "StackOverflowDupQuestions"
}