{
  "dataset_revision": "ae752c7c21bf194d8b67fd573edf7ae58183cbe3",
  "evaluation_time": 15.152667760848999,
  "kg_co2_emissions": null,
  "mteb_version": "1.14.19",
  "scores": {
    "test": [
      {
        "cosine_pearson": 0.6186535835348438,
        "cosine_spearman": 0.6292255735701123,
        "euclidean_pearson": 0.6000215003000872,
        "euclidean_spearman": 0.6093365782749339,
        "hf_subset": "default",
        "languages": [
          "eng-Latn"
        ],
        "main_score": 0.6292255735701123,
        "manhattan_pearson": 0.6010997280604459,
        "manhattan_spearman": 0.6100269674930983,
        "pearson": 0.6186535835348438,
        "spearman": 0.6292255735701123
      }
    ]
  },
  "task_name": "STS15"
}