{
  "dataset_revision": "d3fb88f8f02e40887cd149695127462bbcf29b4a",
  "evaluation_time": 2.5740578174591064,
  "kg_co2_emissions": null,
  "mteb_version": "1.14.19",
  "scores": {
    "test": [
      {
        "cosine_pearson": 0.4797438009436891,
        "cosine_spearman": 0.5177286642687101,
        "euclidean_pearson": 0.5163816671372159,
        "euclidean_spearman": 0.5280421522805792,
        "hf_subset": "default",
        "languages": [
          "eng-Latn"
        ],
        "main_score": 0.5177286642687101,
        "manhattan_pearson": 0.5168672201918257,
        "manhattan_spearman": 0.5353134022982928,
        "pearson": 0.4797438009436891,
        "spearman": 0.5177286642687101
      }
    ]
  },
  "task_name": "BIOSSES"
}