{
  "dataset_revision": "d66bd1f72af766a5cc4b0ca5e00c162f89e8cc46",
  "evaluation_time": 21.895668029785156,
  "kg_co2_emissions": null,
  "mteb_version": "1.14.19",
  "scores": {
    "test": [
      {
        "cosine_accuracy": 0.9916633663366337,
        "cosine_accuracy_threshold": 0.8857508897781372,
        "cosine_ap": 0.3650147329299977,
        "cosine_f1": 0.4116930572472594,
        "cosine_f1_threshold": 0.8654726147651672,
        "cosine_precision": 0.5264797507788161,
        "cosine_recall": 0.338,
        "dot_accuracy": 0.9903069306930693,
        "dot_accuracy_threshold": 119.45769500732422,
        "dot_ap": 0.15231923435685868,
        "dot_f1": 0.23121387283236994,
        "dot_f1_threshold": 106.57949829101562,
        "dot_precision": 0.22304832713754646,
        "dot_recall": 0.24,
        "euclidean_accuracy": 0.9913465346534653,
        "euclidean_accuracy_threshold": 5.048381328582764,
        "euclidean_ap": 0.3417927412734,
        "euclidean_f1": 0.39887955182072826,
        "euclidean_f1_threshold": 5.725904941558838,
        "euclidean_precision": 0.4535031847133758,
        "euclidean_recall": 0.356,
        "hf_subset": "default",
        "languages": [
          "eng-Latn"
        ],
        "main_score": 0.3650147329299977,
        "manhattan_accuracy": 0.9914059405940594,
        "manhattan_accuracy_threshold": 110.44633483886719,
        "manhattan_ap": 0.34512097468041636,
        "manhattan_f1": 0.4011627906976744,
        "manhattan_f1_threshold": 124.61944580078125,
        "manhattan_precision": 0.4791666666666667,
        "manhattan_recall": 0.345,
        "max_accuracy": 0.9916633663366337,
        "max_ap": 0.3650147329299977,
        "max_f1": 0.4116930572472594,
        "max_precision": 0.5264797507788161,
        "max_recall": 0.356,
        "similarity_accuracy": 0.9916633663366337,
        "similarity_accuracy_threshold": 0.8857508897781372,
        "similarity_ap": 0.3650147329299977,
        "similarity_f1": 0.4116930572472594,
        "similarity_f1_threshold": 0.8654726147651672,
        "similarity_precision": 0.5264797507788161,
        "similarity_recall": 0.338
      }
    ],
    "validation": [
      {
        "cosine_accuracy": 0.9909306930693069,
        "cosine_accuracy_threshold": 0.8799055814743042,
        "cosine_ap": 0.2732176769776045,
        "cosine_f1": 0.3275648949320148,
        "cosine_f1_threshold": 0.8590511679649353,
        "cosine_precision": 0.42880258899676377,
        "cosine_recall": 0.265,
        "dot_accuracy": 0.9904257425742574,
        "dot_accuracy_threshold": 113.55059814453125,
        "dot_ap": 0.15202173499245694,
        "dot_f1": 0.21961620469083154,
        "dot_f1_threshold": 105.61123657226562,
        "dot_precision": 0.23515981735159816,
        "dot_recall": 0.206,
        "euclidean_accuracy": 0.9906237623762376,
        "euclidean_accuracy_threshold": 4.937102317810059,
        "euclidean_ap": 0.24308613687859537,
        "euclidean_f1": 0.3006660323501427,
        "euclidean_f1_threshold": 5.948260307312012,
        "euclidean_precision": 0.2867513611615245,
        "euclidean_recall": 0.316,
        "hf_subset": "default",
        "languages": [
          "eng-Latn"
        ],
        "main_score": 0.2732176769776045,
        "manhattan_accuracy": 0.9906336633663366,
        "manhattan_accuracy_threshold": 111.57988739013672,
        "manhattan_ap": 0.24240116740714296,
        "manhattan_f1": 0.29342620809751857,
        "manhattan_f1_threshold": 131.80706787109375,
        "manhattan_precision": 0.25983037779491136,
        "manhattan_recall": 0.337,
        "max_accuracy": 0.9909306930693069,
        "max_ap": 0.2732176769776045,
        "max_f1": 0.3275648949320148,
        "max_precision": 0.42880258899676377,
        "max_recall": 0.337,
        "similarity_accuracy": 0.9909306930693069,
        "similarity_accuracy_threshold": 0.8799055814743042,
        "similarity_ap": 0.2732176769776045,
        "similarity_f1": 0.3275648949320148,
        "similarity_f1_threshold": 0.8590511679649353,
        "similarity_precision": 0.42880258899676377,
        "similarity_recall": 0.265
      }
    ]
  },
  "task_name": "SprintDuplicateQuestions"
}