{
  "dataset_revision": "e185fbe320c72810689fc5848eb6114e1ef5ec69",
  "evaluation_time": 43.49076771736145,
  "kg_co2_emissions": null,
  "mteb_version": "1.14.19",
  "scores": {
    "test": [
      {
        "hf_subset": "default",
        "languages": [
          "eng-Latn"
        ],
        "main_score": 0.34780086419121087,
        "map": 0.34780086419121087,
        "mrr": 0.3438465537730243,
        "nAUC_map_diff1": 0.27608761273629506,
        "nAUC_map_max": 0.21455979940887135,
        "nAUC_map_std": 0.10241351339833056,
        "nAUC_mrr_diff1": 0.2728053383562964,
        "nAUC_mrr_max": 0.22339294800823672,
        "nAUC_mrr_std": 0.10374507224422264
      }
    ]
  },
  "task_name": "StackOverflowDupQuestions"
}