{
  "dataset_revision": "2000358ca161889fa9c082cb41daa8dcfb161a54",
  "evaluation_time": 8.571135997772217,
  "kg_co2_emissions": null,
  "mteb_version": "1.14.20",
  "scores": {
    "test": [
      {
        "hf_subset": "default",
        "languages": [
          "eng-Latn"
        ],
        "main_score": 0.4750736548270886,
        "map": 0.4750736548270886,
        "mrr": 0.60657015345381,
        "nAUC_map_diff1": 0.11509478464406094,
        "nAUC_map_max": 0.17467057721389873,
        "nAUC_map_std": 0.06418207829090206,
        "nAUC_mrr_diff1": 0.12595484611870048,
        "nAUC_mrr_max": 0.21270491459244403,
        "nAUC_mrr_std": 0.07208282153214123
      }
    ]
  },
  "task_name": "AskUbuntuDupQuestions"
}