{
  "dataset_revision": "20a6d6f312dd54037fe07a32d58e5e168867909d",
  "evaluation_time": 15.443044662475586,
  "kg_co2_emissions": null,
  "mteb_version": "1.14.20",
  "scores": {
    "test": [
      {
        "cosine_pearson": 0.562329730532953,
        "cosine_spearman": 0.5160727291820273,
        "euclidean_pearson": 0.5396705162167884,
        "euclidean_spearman": 0.5104501825892677,
        "hf_subset": "default",
        "languages": [
          "eng-Latn"
        ],
        "main_score": 0.5160727291820273,
        "manhattan_pearson": 0.5391653196946605,
        "manhattan_spearman": 0.5098161451272067,
        "pearson": 0.562329730532953,
        "spearman": 0.5160727291820273
      }
    ]
  },
  "task_name": "SICK-R"
}