{
  "dataset_revision": "e185fbe320c72810689fc5848eb6114e1ef5ec69",
  "evaluation_time": 66.50142550468445,
  "kg_co2_emissions": null,
  "mteb_version": "1.14.20",
  "scores": {
    "test": [
      {
        "hf_subset": "default",
        "languages": [
          "eng-Latn"
        ],
        "main_score": 0.3447696515712722,
        "map": 0.3447696515712722,
        "mrr": 0.34176083312112726,
        "nAUC_map_diff1": 0.2676025424952062,
        "nAUC_map_max": 0.21259779195566497,
        "nAUC_map_std": 0.1284413734821742,
        "nAUC_mrr_diff1": 0.2648923396241899,
        "nAUC_mrr_max": 0.21921187989689175,
        "nAUC_mrr_std": 0.1302441708538208
      }
    ]
  },
  "task_name": "StackOverflowDupQuestions"
}