{
  "dataset_revision": "7e90230a92c190f1bf69ae9002b8cea547a64cca",
  "evaluation_time": 7.403599977493286,
  "kg_co2_emissions": null,
  "mteb_version": "1.14.20",
  "scores": {
    "test": [
      {
        "cosine_pearson": 0.501496789844664,
        "cosine_spearman": 0.5034705837104986,
        "euclidean_pearson": 0.5017352696943295,
        "euclidean_spearman": 0.50083874604385,
        "hf_subset": "default",
        "languages": [
          "eng-Latn"
        ],
        "main_score": 0.5034705837104986,
        "manhattan_pearson": 0.5008636405819121,
        "manhattan_spearman": 0.49960224133666425,
        "pearson": 0.501496789844664,
        "spearman": 0.5034705837104986
      }
    ]
  },
  "task_name": "STS13"
}