{
  "dataset_revision": "b0fddb56ed78048fa8b90373c8a3cfc37b684831",
  "evaluation_time": 5.45237135887146,
  "kg_co2_emissions": null,
  "mteb_version": "1.14.20",
  "scores": {
    "test": [
      {
        "cosine_pearson": 0.4350521364361567,
        "cosine_spearman": 0.41779294352109275,
        "euclidean_pearson": 0.44318065313909555,
        "euclidean_spearman": 0.434936360740926,
        "hf_subset": "default",
        "languages": [
          "eng-Latn"
        ],
        "main_score": 0.41779294352109275,
        "manhattan_pearson": 0.4425543670669917,
        "manhattan_spearman": 0.4332307645227622,
        "pearson": 0.4350521364361567,
        "spearman": 0.41779294352109275
      }
    ]
  },
  "task_name": "STSBenchmark"
}