{
  "dataset_revision": "d3fb88f8f02e40887cd149695127462bbcf29b4a",
  "evaluation_time": 3.403933048248291,
  "kg_co2_emissions": null,
  "mteb_version": "1.14.20",
  "scores": {
    "test": [
      {
        "cosine_pearson": 0.5001524922064733,
        "cosine_spearman": 0.5832964233348211,
        "euclidean_pearson": 0.5268022574498781,
        "euclidean_spearman": 0.560958564953974,
        "hf_subset": "default",
        "languages": [
          "eng-Latn"
        ],
        "main_score": 0.5832964233348211,
        "manhattan_pearson": 0.6057484046867839,
        "manhattan_spearman": 0.5978871172394628,
        "pearson": 0.5001524922064733,
        "spearman": 0.5832964233348211
      }
    ]
  },
  "task_name": "BIOSSES"
}