{
  "dataset_revision": "59042f120c80e8afa9cdbb224f67076cec0fc9a7",
  "evaluation_time": 107.73245120048523,
  "kg_co2_emissions": null,
  "mteb_version": "1.14.19",
  "scores": {
    "test": [
      {
        "hf_subset": "default",
        "languages": [
          "eng-Latn"
        ],
        "main_score": 0.26052679699918585,
        "map": 0.26052679699918585,
        "mrr": 0.26388077762517415,
        "nAUC_map_diff1": 0.22368842628972635,
        "nAUC_map_max": -0.2628265418900293,
        "nAUC_map_std": -0.1819684253267392,
        "nAUC_mrr_diff1": 0.1992242460683814,
        "nAUC_mrr_max": -0.20594494756127182,
        "nAUC_mrr_std": -0.16206218651383097
      }
    ]
  },
  "task_name": "MindSmallReranking"
}