{
  "dataset_revision": "20a6d6f312dd54037fe07a32d58e5e168867909d",
  "evaluation_time": 7.683139324188232,
  "kg_co2_emissions": null,
  "mteb_version": "1.14.19",
  "scores": {
    "test": [
      {
        "cosine_pearson": 0.5724551212499445,
        "cosine_spearman": 0.5133305112465566,
        "euclidean_pearson": 0.5411368362899939,
        "euclidean_spearman": 0.5070346377116318,
        "hf_subset": "default",
        "languages": [
          "eng-Latn"
        ],
        "main_score": 0.5133305112465566,
        "manhattan_pearson": 0.5444070530815038,
        "manhattan_spearman": 0.5114966395752278,
        "pearson": 0.5724551212499445,
        "spearman": 0.5133305112465566
      }
    ]
  },
  "task_name": "SICK-R"
}