{
  "dataset_revision": "6031580fec1f6af667f0bd2da0a551cf4f0b2375",
  "evaluation_time": 5.661633253097534,
  "kg_co2_emissions": null,
  "mteb_version": "1.14.19",
  "scores": {
    "test": [
      {
        "cosine_pearson": 0.4762629963693847,
        "cosine_spearman": 0.4728009847372865,
        "euclidean_pearson": 0.480781603720917,
        "euclidean_spearman": 0.46659812262630906,
        "hf_subset": "default",
        "languages": [
          "eng-Latn"
        ],
        "main_score": 0.4728009847372865,
        "manhattan_pearson": 0.47839648060228973,
        "manhattan_spearman": 0.4654455228905461,
        "pearson": 0.4762629963693847,
        "spearman": 0.4728009847372865
      }
    ]
  },
  "task_name": "STS14"
}