{
  "dataset_revision": "a0d554a64d88156834ff5ae9920b964011b16384",
  "evaluation_time": 6.131319284439087,
  "kg_co2_emissions": null,
  "mteb_version": "1.14.19",
  "scores": {
    "test": [
      {
        "cosine_pearson": 0.3336923634533673,
        "cosine_spearman": 0.3584578803821939,
        "euclidean_pearson": 0.35376990955182785,
        "euclidean_spearman": 0.3460626589335887,
        "hf_subset": "default",
        "languages": [
          "eng-Latn"
        ],
        "main_score": 0.3584578803821939,
        "manhattan_pearson": 0.35897478537636685,
        "manhattan_spearman": 0.35105480896929714,
        "pearson": 0.3336923634533673,
        "spearman": 0.3584578803821939
      }
    ]
  },
  "task_name": "STS12"
}