{
  "dataset_revision": "20a6d6f312dd54037fe07a32d58e5e168867909d",
  "evaluation_time": 11.069929838180542,
  "kg_co2_emissions": null,
  "mteb_version": "1.14.20",
  "scores": {
    "test": [
      {
        "cosine_pearson": 0.5883884710156542,
        "cosine_spearman": 0.5393187862403435,
        "euclidean_pearson": 0.556645623241454,
        "euclidean_spearman": 0.536932370617985,
        "hf_subset": "default",
        "languages": [
          "eng-Latn"
        ],
        "main_score": 0.5393187862403435,
        "manhattan_pearson": 0.557845000988133,
        "manhattan_spearman": 0.5381661639981351,
        "pearson": 0.5883884710156542,
        "spearman": 0.5393187862403435
      }
    ]
  },
  "task_name": "SICK-R"
}