{
  "dataset_revision": "59042f120c80e8afa9cdbb224f67076cec0fc9a7",
  "evaluation_time": 133.34301447868347,
  "kg_co2_emissions": null,
  "mteb_version": "1.14.19",
  "scores": {
    "test": [
      {
        "hf_subset": "default",
        "languages": [
          "eng-Latn"
        ],
        "main_score": 0.21460858915250333,
        "map": 0.21460858915250333,
        "mrr": 0.20590441261696443,
        "nAUC_map_diff1": 0.5276713090749136,
        "nAUC_map_max": -0.34890777910381815,
        "nAUC_map_std": -0.07182052338917533,
        "nAUC_mrr_diff1": 0.47215122939548154,
        "nAUC_mrr_max": -0.30396811796127166,
        "nAUC_mrr_std": -0.06554378227702515
      }
    ]
  },
  "task_name": "MindSmallReranking"
}