{
  "dataset_revision": "e185fbe320c72810689fc5848eb6114e1ef5ec69",
  "evaluation_time": 46.875495195388794,
  "kg_co2_emissions": null,
  "mteb_version": "1.14.19",
  "scores": {
    "test": [
      {
        "hf_subset": "default",
        "languages": [
          "eng-Latn"
        ],
        "main_score": 0.20463430121045195,
        "map": 0.20463430121045195,
        "mrr": 0.18687319624819626,
        "nAUC_map_diff1": 0.11210414634920565,
        "nAUC_map_max": 0.05397736366167048,
        "nAUC_map_std": 0.0027373484399369785,
        "nAUC_mrr_diff1": 0.10715262238182235,
        "nAUC_mrr_max": 0.05666791009266091,
        "nAUC_mrr_std": 0.006063342969293056
      }
    ]
  },
  "task_name": "StackOverflowDupQuestions"
}