{
  "dataset_revision": "2000358ca161889fa9c082cb41daa8dcfb161a54",
  "evaluation_time": 73.92652177810669,
  "kg_co2_emissions": null,
  "mteb_version": "1.14.21",
  "scores": {
    "test": [
      {
        "hf_subset": "default",
        "languages": [
          "eng-Latn"
        ],
        "main_score": 0.527199116874455,
        "map": 0.527199116874455,
        "mrr": 0.6701875302290815,
        "nAUC_map_diff1": 0.057976500659940165,
        "nAUC_map_max": 0.19750758193165208,
        "nAUC_map_std": 0.1387116385051988,
        "nAUC_mrr_diff1": 0.05969911909604908,
        "nAUC_mrr_max": 0.22209911503765262,
        "nAUC_mrr_std": 0.10182957980606851
      }
    ]
  },
  "task_name": "AskUbuntuDupQuestions"
}