{
  "dataset_revision": "d3fb88f8f02e40887cd149695127462bbcf29b4a",
  "evaluation_time": 3.823866367340088,
  "kg_co2_emissions": null,
  "mteb_version": "1.14.20",
  "scores": {
    "test": [
      {
        "cosine_pearson": 0.5170959307596951,
        "cosine_spearman": 0.6213515073131951,
        "euclidean_pearson": 0.5659521041313825,
        "euclidean_spearman": 0.6049234221447566,
        "hf_subset": "default",
        "languages": [
          "eng-Latn"
        ],
        "main_score": 0.6213515073131951,
        "manhattan_pearson": 0.6593889786398486,
        "manhattan_spearman": 0.6555450575207702,
        "pearson": 0.5170959307596951,
        "spearman": 0.6213515073131951
      }
    ]
  },
  "task_name": "BIOSSES"
}