{
  "dataset_revision": "59042f120c80e8afa9cdbb224f67076cec0fc9a7",
  "evaluation_time": 197.17678093910217,
  "kg_co2_emissions": null,
  "mteb_version": "1.14.20",
  "scores": {
    "test": [
      {
        "hf_subset": "default",
        "languages": [
          "eng-Latn"
        ],
        "main_score": 0.2878912223575277,
        "map": 0.2878912223575277,
        "mrr": 0.2951878333729387,
        "nAUC_map_diff1": 0.23416439131377673,
        "nAUC_map_max": -0.23465865155209048,
        "nAUC_map_std": -0.038021394880201925,
        "nAUC_mrr_diff1": 0.20579304132087156,
        "nAUC_mrr_max": -0.17812215149125654,
        "nAUC_mrr_std": -0.041595395614691534
      }
    ]
  },
  "task_name": "MindSmallReranking"
}