{
  "dataset_revision": "d3c5e1fc0b855ab6097bf1cda04dd73947d7caab",
  "evaluation_time": 250.86373615264893,
  "kg_co2_emissions": null,
  "mteb_version": "1.14.20",
  "scores": {
    "test": [
      {
        "hf_subset": "default",
        "languages": [
          "eng-Latn"
        ],
        "main_score": 0.49731563058111555,
        "map": 0.49731563058111555,
        "mrr": 0.7455409514233043,
        "nAUC_map_diff1": 0.08270516746836834,
        "nAUC_map_max": 0.4075717000048431,
        "nAUC_map_std": 0.21588831907617667,
        "nAUC_mrr_diff1": 0.2681629396653031,
        "nAUC_mrr_max": 0.4866922157221516,
        "nAUC_mrr_std": 0.1843904183956112
      }
    ]
  },
  "task_name": "SciDocsRR"
}