{
  "dataset_revision": "6031580fec1f6af667f0bd2da0a551cf4f0b2375",
  "evaluation_time": 38.42918634414673,
  "kg_co2_emissions": null,
  "mteb_version": "1.14.20",
  "scores": {
    "test": [
      {
        "cosine_pearson": 0.4587004837969502,
        "cosine_spearman": 0.4298756621046196,
        "euclidean_pearson": 0.4579200467133833,
        "euclidean_spearman": 0.4350304244114194,
        "hf_subset": "default",
        "languages": [
          "eng-Latn"
        ],
        "main_score": 0.4298756621046196,
        "manhattan_pearson": 0.5057702425035518,
        "manhattan_spearman": 0.4808331648711853,
        "pearson": 0.4587004837969502,
        "spearman": 0.4298756621046196
      }
    ]
  },
  "task_name": "STS14"
}