{
  "dataset_revision": "2000358ca161889fa9c082cb41daa8dcfb161a54",
  "evaluation_time": 7.136322259902954,
  "kg_co2_emissions": null,
  "mteb_version": "1.14.20",
  "scores": {
    "test": [
      {
        "hf_subset": "default",
        "languages": [
          "eng-Latn"
        ],
        "main_score": 0.46781004727359754,
        "map": 0.46781004727359754,
        "mrr": 0.5905256562458778,
        "nAUC_map_diff1": 0.1652573137575961,
        "nAUC_map_max": 0.1629898080001101,
        "nAUC_map_std": 0.11782707262752061,
        "nAUC_mrr_diff1": 0.18067681583540965,
        "nAUC_mrr_max": 0.17013776133492145,
        "nAUC_mrr_std": 0.10773531623952076
      }
    ]
  },
  "task_name": "AskUbuntuDupQuestions"
}