{
  "dataset_revision": "d3c5e1fc0b855ab6097bf1cda04dd73947d7caab",
  "evaluation_time": 42.575411558151245,
  "kg_co2_emissions": null,
  "mteb_version": "1.14.20",
  "scores": {
    "test": [
      {
        "hf_subset": "default",
        "languages": [
          "eng-Latn"
        ],
        "main_score": 0.49757175552032634,
        "map": 0.49757175552032634,
        "mrr": 0.7331295338648279,
        "nAUC_map_diff1": 0.2078563510878636,
        "nAUC_map_max": 0.35758353774536167,
        "nAUC_map_std": 0.31566996615652265,
        "nAUC_mrr_diff1": 0.3666943146933721,
        "nAUC_mrr_max": 0.44147437301549247,
        "nAUC_mrr_std": 0.30205998498447023
      }
    ]
  },
  "task_name": "SciDocsRR"
}