{
  "dataset_revision": "2000358ca161889fa9c082cb41daa8dcfb161a54",
  "evaluation_time": 9.334209442138672,
  "kg_co2_emissions": null,
  "mteb_version": "1.14.20",
  "scores": {
    "test": [
      {
        "hf_subset": "default",
        "languages": [
          "eng-Latn"
        ],
        "main_score": 0.4361926501830718,
        "map": 0.4361926501830718,
        "mrr": 0.5473827111638746,
        "nAUC_map_diff1": 0.16644883419699819,
        "nAUC_map_max": 0.19457134190156752,
        "nAUC_map_std": 0.07662884828433966,
        "nAUC_mrr_diff1": 0.18444950872662347,
        "nAUC_mrr_max": 0.21551247593648296,
        "nAUC_mrr_std": 0.08423915834688812
      }
    ]
  },
  "task_name": "AskUbuntuDupQuestions"
}