{
  "dataset_revision": "59042f120c80e8afa9cdbb224f67076cec0fc9a7",
  "evaluation_time": 121.12998747825623,
  "kg_co2_emissions": null,
  "mteb_version": "1.14.20",
  "scores": {
    "test": [
      {
        "hf_subset": "default",
        "languages": [
          "eng-Latn"
        ],
        "main_score": 0.2668086362374146,
        "map": 0.2668086362374146,
        "mrr": 0.2721575726534282,
        "nAUC_map_diff1": 0.1772320555753487,
        "nAUC_map_max": -0.24891484175053266,
        "nAUC_map_std": -0.07128581442068617,
        "nAUC_mrr_diff1": 0.16185235096938824,
        "nAUC_mrr_max": -0.1875980576828014,
        "nAUC_mrr_std": -0.06230289734178048
      }
    ]
  },
  "task_name": "MindSmallReranking"
}