{
  "dataset_revision": "d3fb88f8f02e40887cd149695127462bbcf29b4a",
  "evaluation_time": 1.8248093128204346,
  "kg_co2_emissions": null,
  "mteb_version": "1.14.20",
  "scores": {
    "test": [
      {
        "cosine_pearson": 0.46065133681449566,
        "cosine_spearman": 0.5352109903262124,
        "euclidean_pearson": 0.499464302057243,
        "euclidean_spearman": 0.5305120880778141,
        "hf_subset": "default",
        "languages": [
          "eng-Latn"
        ],
        "main_score": 0.5352109903262124,
        "manhattan_pearson": 0.6022136395372886,
        "manhattan_spearman": 0.6032306124886029,
        "pearson": 0.46065133681449566,
        "spearman": 0.5352109903262124
      }
    ]
  },
  "task_name": "BIOSSES"
}