{
  "dataset_revision": "e185fbe320c72810689fc5848eb6114e1ef5ec69",
  "evaluation_time": 70.56449007987976,
  "kg_co2_emissions": null,
  "mteb_version": "1.14.20",
  "scores": {
    "test": [
      {
        "hf_subset": "default",
        "languages": [
          "eng-Latn"
        ],
        "main_score": 0.36375128726558204,
        "map": 0.36375128726558204,
        "mrr": 0.36252175112469226,
        "nAUC_map_diff1": 0.29129251688025803,
        "nAUC_map_max": 0.1949785012517191,
        "nAUC_map_std": 0.05729040404715794,
        "nAUC_mrr_diff1": 0.2841631815225318,
        "nAUC_mrr_max": 0.19984584970666835,
        "nAUC_mrr_std": 0.06398521691172822
      }
    ]
  },
  "task_name": "StackOverflowDupQuestions"
}