{
  "dataset_revision": "d3fb88f8f02e40887cd149695127462bbcf29b4a",
  "evaluation_time": 4.150940179824829,
  "kg_co2_emissions": null,
  "mteb_version": "1.14.20",
  "scores": {
    "test": [
      {
        "cosine_pearson": 0.5207032340735251,
        "cosine_spearman": 0.5842121068498937,
        "euclidean_pearson": 0.5354922383759012,
        "euclidean_spearman": 0.5670068955403739,
        "hf_subset": "default",
        "languages": [
          "eng-Latn"
        ],
        "main_score": 0.5842121068498937,
        "manhattan_pearson": 0.6186878109266895,
        "manhattan_spearman": 0.6143212266415531,
        "pearson": 0.5207032340735251,
        "spearman": 0.5842121068498937
      }
    ]
  },
  "task_name": "BIOSSES"
}