{
  "dataset_revision": "2000358ca161889fa9c082cb41daa8dcfb161a54",
  "evaluation_time": 5.67538046836853,
  "kg_co2_emissions": null,
  "mteb_version": "1.14.20",
  "scores": {
    "test": [
      {
        "hf_subset": "default",
        "languages": [
          "eng-Latn"
        ],
        "main_score": 0.48002010888634844,
        "map": 0.48002010888634844,
        "mrr": 0.6148782042826363,
        "nAUC_map_diff1": 0.11603317431928777,
        "nAUC_map_max": 0.18047690571246688,
        "nAUC_map_std": 0.02416360803880092,
        "nAUC_mrr_diff1": 0.1538820287531701,
        "nAUC_mrr_max": 0.19105376165138674,
        "nAUC_mrr_std": 0.01808166451005426
      }
    ]
  },
  "task_name": "AskUbuntuDupQuestions"
}