{
  "dataset_revision": "20a6d6f312dd54037fe07a32d58e5e168867909d",
  "evaluation_time": 15.150962114334106,
  "kg_co2_emissions": null,
  "mteb_version": "1.14.19",
  "scores": {
    "test": [
      {
        "cosine_pearson": 0.617511949639535,
        "cosine_spearman": 0.557475050523656,
        "euclidean_pearson": 0.5710018567812906,
        "euclidean_spearman": 0.5347258831808918,
        "hf_subset": "default",
        "languages": [
          "eng-Latn"
        ],
        "main_score": 0.557475050523656,
        "manhattan_pearson": 0.5759892483890164,
        "manhattan_spearman": 0.5385104151995083,
        "pearson": 0.617511949639535,
        "spearman": 0.557475050523656
      }
    ]
  },
  "task_name": "SICK-R"
}