{
  "dataset_revision": "e185fbe320c72810689fc5848eb6114e1ef5ec69",
  "evaluation_time": 86.50919842720032,
  "kg_co2_emissions": null,
  "mteb_version": "1.14.19",
  "scores": {
    "test": [
      {
        "hf_subset": "default",
        "languages": [
          "eng-Latn"
        ],
        "main_score": 0.39179732450504545,
        "map": 0.39179732450504545,
        "mrr": 0.39261164693149986,
        "nAUC_map_diff1": 0.3311775306334929,
        "nAUC_map_max": 0.22097746505732999,
        "nAUC_map_std": 0.10217854430949418,
        "nAUC_mrr_diff1": 0.32785668582169786,
        "nAUC_mrr_max": 0.23543926740632753,
        "nAUC_mrr_std": 0.11293416176359988
      }
    ]
  },
  "task_name": "StackOverflowDupQuestions"
}