{
  "dataset_revision": "ae752c7c21bf194d8b67fd573edf7ae58183cbe3",
  "evaluation_time": 10.161776781082153,
  "kg_co2_emissions": null,
  "mteb_version": "1.14.19",
  "scores": {
    "test": [
      {
        "cosine_pearson": 0.6339398253312748,
        "cosine_spearman": 0.6435541388657873,
        "euclidean_pearson": 0.5787872248465241,
        "euclidean_spearman": 0.5861089719604438,
        "hf_subset": "default",
        "languages": [
          "eng-Latn"
        ],
        "main_score": 0.6435541388657873,
        "manhattan_pearson": 0.588277657617031,
        "manhattan_spearman": 0.5967395483373649,
        "pearson": 0.6339398253312748,
        "spearman": 0.6435541388657873
      }
    ]
  },
  "task_name": "STS15"
}