{
  "dataset_revision": "70970daeab8776df92f5ea462b6173c0b46fd2d1",
  "evaluation_time": 12.76063084602356,
  "kg_co2_emissions": null,
  "mteb_version": "1.14.19",
  "scores": {
    "test": [
      {
        "cosine_accuracy": 0.8021100315908685,
        "cosine_accuracy_threshold": 0.7433817386627197,
        "cosine_ap": 0.49981059542835926,
        "cosine_f1": 0.48659340659340655,
        "cosine_f1_threshold": 0.6441651582717896,
        "cosine_precision": 0.41694915254237286,
        "cosine_recall": 0.5841688654353562,
        "dot_accuracy": 0.7758836502354414,
        "dot_accuracy_threshold": 228.41824340820312,
        "dot_ap": 0.31702852877309534,
        "dot_f1": 0.37991858887381275,
        "dot_f1_threshold": 138.19256591796875,
        "dot_precision": 0.27234237326925276,
        "dot_recall": 0.6279683377308707,
        "euclidean_accuracy": 0.7990105501579543,
        "euclidean_accuracy_threshold": 10.199075698852539,
        "euclidean_ap": 0.49876299156496384,
        "euclidean_f1": 0.4892052748278679,
        "euclidean_f1_threshold": 12.648683547973633,
        "euclidean_precision": 0.43858547813350074,
        "euclidean_recall": 0.5530343007915567,
        "hf_subset": "default",
        "languages": [
          "eng-Latn"
        ],
        "main_score": 0.5041930392557429,
        "manhattan_accuracy": 0.7999642367526971,
        "manhattan_accuracy_threshold": 360.629150390625,
        "manhattan_ap": 0.5041930392557429,
        "manhattan_f1": 0.4946923631866433,
        "manhattan_f1_threshold": 462.0158386230469,
        "manhattan_precision": 0.4058853373921867,
        "manhattan_recall": 0.633245382585752,
        "max_accuracy": 0.8021100315908685,
        "max_ap": 0.5041930392557429,
        "max_f1": 0.4946923631866433,
        "max_precision": 0.43858547813350074,
        "max_recall": 0.633245382585752,
        "similarity_accuracy": 0.8021100315908685,
        "similarity_accuracy_threshold": 0.7433817386627197,
        "similarity_ap": 0.49981059542835926,
        "similarity_f1": 0.48659340659340655,
        "similarity_f1_threshold": 0.6441651582717896,
        "similarity_precision": 0.41694915254237286,
        "similarity_recall": 0.5841688654353562
      }
    ]
  },
  "task_name": "TwitterSemEval2015"
}