{
  "dataset_revision": "d3fb88f8f02e40887cd149695127462bbcf29b4a",
  "evaluation_time": 2.763404607772827,
  "kg_co2_emissions": null,
  "mteb_version": "1.14.19",
  "scores": {
    "test": [
      {
        "cosine_pearson": 0.5046456812941245,
        "cosine_spearman": 0.530168706759662,
        "euclidean_pearson": 0.4839279128242829,
        "euclidean_spearman": 0.5010475612868964,
        "hf_subset": "default",
        "languages": [
          "eng-Latn"
        ],
        "main_score": 0.530168706759662,
        "manhattan_pearson": 0.5108803553190466,
        "manhattan_spearman": 0.520319084738981,
        "pearson": 0.5046456812941245,
        "spearman": 0.530168706759662
      }
    ]
  },
  "task_name": "BIOSSES"
}