{
  "dataset_revision": "59042f120c80e8afa9cdbb224f67076cec0fc9a7",
  "evaluation_time": 126.08476305007935,
  "kg_co2_emissions": null,
  "mteb_version": "1.14.19",
  "scores": {
    "test": [
      {
        "hf_subset": "default",
        "languages": [
          "eng-Latn"
        ],
        "main_score": 0.25824376412238237,
        "map": 0.25824376412238237,
        "mrr": 0.2617272035450586,
        "nAUC_map_diff1": 0.20362379042267376,
        "nAUC_map_max": -0.23828315578193648,
        "nAUC_map_std": -0.1235292455683475,
        "nAUC_mrr_diff1": 0.18362324689711662,
        "nAUC_mrr_max": -0.18309186988913653,
        "nAUC_mrr_std": -0.11259961707988674
      }
    ]
  },
  "task_name": "MindSmallReranking"
}