{
  "dataset_revision": "59042f120c80e8afa9cdbb224f67076cec0fc9a7",
  "evaluation_time": 125.43983817100525,
  "kg_co2_emissions": null,
  "mteb_version": "1.14.20",
  "scores": {
    "test": [
      {
        "hf_subset": "default",
        "languages": [
          "eng-Latn"
        ],
        "main_score": 0.2629361634070963,
        "map": 0.2629361634070963,
        "mrr": 0.2685029504861612,
        "nAUC_map_diff1": 0.12479517007970786,
        "nAUC_map_max": -0.20590237493995095,
        "nAUC_map_std": -0.08009092782223631,
        "nAUC_mrr_diff1": 0.11387605081958248,
        "nAUC_mrr_max": -0.13449147275812037,
        "nAUC_mrr_std": -0.036423334004426086
      }
    ]
  },
  "task_name": "MindSmallReranking"
}