{
  "dataset_revision": "d3c5e1fc0b855ab6097bf1cda04dd73947d7caab",
  "evaluation_time": 117.4227409362793,
  "kg_co2_emissions": null,
  "mteb_version": "1.14.20",
  "scores": {
    "test": [
      {
        "hf_subset": "default",
        "languages": [
          "eng-Latn"
        ],
        "main_score": 0.30810269099569604,
        "map": 0.30810269099569604,
        "mrr": 0.4809540767874102,
        "nAUC_map_diff1": 0.22710037309751135,
        "nAUC_map_max": 0.4028325206343651,
        "nAUC_map_std": 0.3201458972867265,
        "nAUC_mrr_diff1": 0.318457950471257,
        "nAUC_mrr_max": 0.43579455256521327,
        "nAUC_mrr_std": 0.33563769464935167
      }
    ]
  },
  "task_name": "SciDocsRR"
}