{
  "dataset_revision": "6031580fec1f6af667f0bd2da0a551cf4f0b2375",
  "evaluation_time": 13.25751280784607,
  "kg_co2_emissions": null,
  "mteb_version": "1.14.20",
  "scores": {
    "test": [
      {
        "cosine_pearson": 0.13924234235786595,
        "cosine_spearman": 0.200806648331813,
        "euclidean_pearson": 0.15452466749540908,
        "euclidean_spearman": 0.19514443159518677,
        "hf_subset": "default",
        "languages": [
          "eng-Latn"
        ],
        "main_score": 0.200806648331813,
        "manhattan_pearson": 0.15421620476329564,
        "manhattan_spearman": 0.19400363985408095,
        "pearson": 0.13924234235786595,
        "spearman": 0.200806648331813
      }
    ]
  },
  "task_name": "STS14"
}