{
  "dataset_revision": "59042f120c80e8afa9cdbb224f67076cec0fc9a7",
  "evaluation_time": 122.64723420143127,
  "kg_co2_emissions": null,
  "mteb_version": "1.14.19",
  "scores": {
    "test": [
      {
        "hf_subset": "default",
        "languages": [
          "eng-Latn"
        ],
        "main_score": 0.2628326120560404,
        "map": 0.2628326120560404,
        "mrr": 0.2667241559474918,
        "nAUC_map_diff1": 0.21528362677038745,
        "nAUC_map_max": -0.28388188175584,
        "nAUC_map_std": -0.2023259711416026,
        "nAUC_mrr_diff1": 0.1947477411368825,
        "nAUC_mrr_max": -0.22707977728958706,
        "nAUC_mrr_std": -0.16969450824203156
      }
    ]
  },
  "task_name": "MindSmallReranking"
}