{
  "dataset_revision": "e185fbe320c72810689fc5848eb6114e1ef5ec69",
  "evaluation_time": 21.657306671142578,
  "kg_co2_emissions": null,
  "mteb_version": "1.14.19",
  "scores": {
    "test": [
      {
        "hf_subset": "default",
        "languages": [
          "eng-Latn"
        ],
        "main_score": 0.38236123304775205,
        "map": 0.38236123304775205,
        "mrr": 0.38229763496307617,
        "nAUC_map_diff1": 0.30581711157616837,
        "nAUC_map_max": 0.23354063281295384,
        "nAUC_map_std": 0.10292780021700645,
        "nAUC_mrr_diff1": 0.3024877330702894,
        "nAUC_mrr_max": 0.2461217569299608,
        "nAUC_mrr_std": 0.10566342654274796
      }
    ]
  },
  "task_name": "StackOverflowDupQuestions"
}