{
  "dataset_revision": "7e90230a92c190f1bf69ae9002b8cea547a64cca",
  "evaluation_time": 4.843626260757446,
  "kg_co2_emissions": null,
  "mteb_version": "1.14.19",
  "scores": {
    "test": [
      {
        "cosine_pearson": 0.5412250959647041,
        "cosine_spearman": 0.5488422001748681,
        "euclidean_pearson": 0.5592269519933505,
        "euclidean_spearman": 0.5581556965440352,
        "hf_subset": "default",
        "languages": [
          "eng-Latn"
        ],
        "main_score": 0.5488422001748681,
        "manhattan_pearson": 0.5701292423164759,
        "manhattan_spearman": 0.5676130349691544,
        "pearson": 0.5412250959647041,
        "spearman": 0.5488422001748681
      }
    ]
  },
  "task_name": "STS13"
}