{
  "dataset_revision": "a0d554a64d88156834ff5ae9920b964011b16384",
  "evaluation_time": 5.481533050537109,
  "kg_co2_emissions": null,
  "mteb_version": "1.14.19",
  "scores": {
    "test": [
      {
        "cosine_pearson": 0.3551394258678384,
        "cosine_spearman": 0.37961868921060754,
        "euclidean_pearson": 0.3858909962612791,
        "euclidean_spearman": 0.3717388403300439,
        "hf_subset": "default",
        "languages": [
          "eng-Latn"
        ],
        "main_score": 0.37961868921060754,
        "manhattan_pearson": 0.397085134712664,
        "manhattan_spearman": 0.3835972654229849,
        "pearson": 0.3551394258678384,
        "spearman": 0.37961868921060754
      }
    ]
  },
  "task_name": "STS12"
}