{
  "dataset_revision": "20a6d6f312dd54037fe07a32d58e5e168867909d",
  "evaluation_time": 208.8058204650879,
  "kg_co2_emissions": null,
  "mteb_version": "1.14.21",
  "scores": {
    "test": [
      {
        "cosine_pearson": 0.7967433991007083,
        "cosine_spearman": 0.7135418320160124,
        "euclidean_pearson": 0.7529927546143568,
        "euclidean_spearman": 0.7076334875604073,
        "hf_subset": "default",
        "languages": [
          "eng-Latn"
        ],
        "main_score": 0.7135418320160124,
        "manhattan_pearson": 0.7531804219201784,
        "manhattan_spearman": 0.7076302294804584,
        "pearson": 0.7967433991007083,
        "spearman": 0.7135418320160124
      }
    ]
  },
  "task_name": "SICK-R"
}