{
  "dataset_revision": "20a6d6f312dd54037fe07a32d58e5e168867909d",
  "evaluation_time": 11.132162809371948,
  "kg_co2_emissions": null,
  "mteb_version": "1.14.19",
  "scores": {
    "test": [
      {
        "cosine_pearson": 0.5728910367728307,
        "cosine_spearman": 0.5244559462353348,
        "euclidean_pearson": 0.5660019353579453,
        "euclidean_spearman": 0.5281579362809958,
        "hf_subset": "default",
        "languages": [
          "eng-Latn"
        ],
        "main_score": 0.5244559462353348,
        "manhattan_pearson": 0.5881778290858785,
        "manhattan_spearman": 0.5472210049551606,
        "pearson": 0.5728910367728307,
        "spearman": 0.5244559462353348
      }
    ]
  },
  "task_name": "SICK-R"
}