{
  "dataset_revision": "7e90230a92c190f1bf69ae9002b8cea547a64cca",
  "evaluation_time": 5.297892332077026,
  "kg_co2_emissions": null,
  "mteb_version": "1.14.19",
  "scores": {
    "test": [
      {
        "cosine_pearson": 0.4261154652116119,
        "cosine_spearman": 0.4465522237156441,
        "euclidean_pearson": 0.5465730281581609,
        "euclidean_spearman": 0.5518934236406406,
        "hf_subset": "default",
        "languages": [
          "eng-Latn"
        ],
        "main_score": 0.4465522237156441,
        "manhattan_pearson": 0.5847712897711284,
        "manhattan_spearman": 0.5826314060481425,
        "pearson": 0.4261154652116119,
        "spearman": 0.4465522237156441
      }
    ]
  },
  "task_name": "STS13"
}