{
  "dataset_revision": "b0fddb56ed78048fa8b90373c8a3cfc37b684831",
  "evaluation_time": 4.902431964874268,
  "kg_co2_emissions": null,
  "mteb_version": "1.14.19",
  "scores": {
    "test": [
      {
        "cosine_pearson": 0.29732091380179065,
        "cosine_spearman": 0.3787585550437987,
        "euclidean_pearson": 0.4664541955750411,
        "euclidean_spearman": 0.47364525724587264,
        "hf_subset": "default",
        "languages": [
          "eng-Latn"
        ],
        "main_score": 0.3787585550437987,
        "manhattan_pearson": 0.5240767823991769,
        "manhattan_spearman": 0.5177426294267882,
        "pearson": 0.29732091380179065,
        "spearman": 0.3787585550437987
      }
    ]
  },
  "task_name": "STSBenchmark"
}