{"train_loss": 1.9243481159210205, "train_loss_step": 1.6317756175994873, "train_acc1": 50.542686462402344, "train_acc1_step": 59.375, "train_acc5": 77.32005310058594, "train_acc5_step": 80.46875, "val_loss": 1.6197136640548706, "val_acc1": 56.00961685180664, "val_acc5": 83.3934326171875, "train_loss_epoch": 1.9243481159210205, "train_acc1_epoch": 50.542686462402344, "train_acc5_epoch": 77.32005310058594}