{"train_loss": 1.2402081489562988, "train_loss_step": 0.7528256773948669, "train_acc1": 66.56266021728516, "train_acc1_step": 78.90625, "train_acc5": 88.74336242675781, "train_acc5_step": 92.96875, "val_loss": 1.0626499652862549, "val_acc1": 71.69470977783203, "val_acc5": 92.06730651855469, "train_loss_epoch": 1.2402081489562988, "train_acc1_epoch": 66.56266021728516, "train_acc5_epoch": 88.74336242675781}