{"train_loss": 1.302510142326355, "train_loss_step": 0.9149647355079651, "train_acc1": 68.75157928466797, "train_acc1_step": 75.78125, "train_acc5": 89.47090148925781, "train_acc5_step": 92.96875, "val_loss": 0.9052482843399048, "val_acc1": 74.81970977783203, "val_acc5": 93.77003479003906, "train_loss_epoch": 1.302510142326355, "train_acc1_epoch": 68.75157928466797, "train_acc5_epoch": 89.47090148925781}