{"train_loss": 0.733039915561676, "train_loss_step": 0.2849392890930176, "train_acc1": 84.11827087402344, "train_acc1_step": 89.84375, "train_acc5": 95.89705657958984, "train_acc5_step": 99.21875, "val_loss": 0.4308399260044098, "val_acc1": 87.70032501220703, "val_acc5": 98.19711303710938, "train_loss_epoch": 0.733039915561676, "train_acc1_epoch": 84.11827087402344, "train_acc5_epoch": 95.89705657958984}