{"train_loss": 1.4893414974212646, "train_loss_step": 1.368209958076477, "train_acc1": 60.759761810302734, "train_acc1_step": 65.625, "train_acc5": 84.65542602539062, "train_acc5_step": 85.15625, "val_loss": 1.2111040353775024, "val_acc1": 66.72676086425781, "val_acc5": 90.0040054321289, "train_loss_epoch": 1.4893414974212646, "train_acc1_epoch": 60.759761810302734, "train_acc5_epoch": 84.65542602539062}