{"train_loss": 0.6935299634933472, "train_loss_step": 0.35604187846183777, "train_acc1": 85.63337707519531, "train_acc1_step": 92.1875, "train_acc5": 96.54796600341797, "train_acc5_step": 98.4375, "val_loss": 0.4111020565032959, "val_acc1": 88.06089782714844, "val_acc5": 98.31730651855469, "train_loss_epoch": 0.6935299634933472, "train_acc1_epoch": 85.63337707519531, "train_acc5_epoch": 96.54796600341797}