{"train_loss": 2.1211819648742676, "train_loss_step": 1.9747294187545776, "train_acc1": 46.02897644042969, "train_acc1_step": 53.90625, "train_acc5": 73.8016586303711, "train_acc5_step": 74.21875, "val_loss": 1.9311599731445312, "val_acc1": 49.43910217285156, "val_acc5": 78.68589782714844, "train_loss_epoch": 2.1211819648742676, "train_acc1_epoch": 46.02897644042969, "train_acc5_epoch": 73.8016586303711}