{"train_loss": 1.3545522689819336, "train_loss_step": 1.2049812078475952, "train_acc1": 63.756004333496094, "train_acc1_step": 74.21875, "train_acc5": 87.10028839111328, "train_acc5_step": 90.625, "val_loss": 1.1121865510940552, "val_acc1": 69.73157501220703, "val_acc5": 91.26602935791016, "train_loss_epoch": 1.3545522689819336, "train_acc1_epoch": 63.756004333496094, "train_acc5_epoch": 87.10028839111328}