{"train_loss": 0.7590472102165222, "train_loss_step": 0.3527008295059204, "train_acc1": 84.83079528808594, "train_acc1_step": 91.40625, "train_acc5": 96.29834747314453, "train_acc5_step": 98.4375, "val_loss": 0.4319472312927246, "val_acc1": 87.78044891357422, "val_acc5": 98.29727935791016, "train_loss_epoch": 0.7590472102165222, "train_acc1_epoch": 84.83079528808594, "train_acc5_epoch": 96.29834747314453}