{"train_loss": 0.7806993126869202, "train_loss_step": 0.45068681240081787, "train_acc1": 84.78340148925781, "train_acc1_step": 86.71875, "train_acc5": 96.40814208984375, "train_acc5_step": 96.875, "val_loss": 0.4201800525188446, "val_acc1": 87.60015869140625, "val_acc5": 98.37740325927734, "train_loss_epoch": 0.7806993126869202, "train_acc1_epoch": 84.78340148925781, "train_acc5_epoch": 96.40814208984375}