{"train_loss": 0.5054638981819153, "train_loss_step": 0.3232663571834564, "train_acc1": 86.27559661865234, "train_acc1_step": 89.84375, "train_acc5": 97.07722473144531, "train_acc5_step": 97.65625, "val_loss": 0.4055061638355255, "val_acc1": 88.60176086425781, "val_acc5": 98.35737609863281, "train_loss_epoch": 0.5054638981819153, "train_acc1_epoch": 86.27559661865234, "train_acc5_epoch": 97.07722473144531}