{"train_loss": 1.5811452865600586, "train_loss_step": 0.5666341781616211, "train_acc1": 72.478515625, "train_acc1_step": 82.8125, "train_acc5": 91.19612884521484, "train_acc5_step": 96.875, "val_loss": 0.7609437108039856, "val_acc1": 78.10496520996094, "val_acc5": 95.43269348144531, "train_loss_epoch": 1.5811452865600586, "train_acc1_epoch": 72.478515625, "train_acc5_epoch": 91.19612884521484}