{"train_loss": 0.7652917504310608, "train_loss_step": 0.36156418919563293, "train_acc1": 84.85054016113281, "train_acc1_step": 91.40625, "train_acc5": 96.27385711669922, "train_acc5_step": 97.65625, "val_loss": 0.40809303522109985, "val_acc1": 87.90064239501953, "val_acc5": 98.37740325927734, "train_loss_epoch": 0.7652917504310608, "train_acc1_epoch": 84.85054016113281, "train_acc5_epoch": 96.27385711669922}