{"train_loss": 2.337327003479004, "train_loss_step": 0.6776149272918701, "train_acc1": 80.277587890625, "train_acc1_step": 89.84375, "train_acc5": 93.81082153320312, "train_acc5_step": 99.21875, "val_loss": 0.9409003853797913, "val_acc1": 83.73397827148438, "val_acc5": 97.4959945678711, "train_loss_epoch": 2.337327003479004, "train_acc1_epoch": 80.277587890625, "train_acc5_epoch": 93.81082153320312}