{"train_loss": 0.6384986042976379, "train_loss_step": 0.2814396023750305, "train_acc1": 85.8087387084961, "train_acc1_step": 88.28125, "train_acc5": 96.64038848876953, "train_acc5_step": 100.0, "val_loss": 0.4712158739566803, "val_acc1": 86.99919891357422, "val_acc5": 98.31730651855469, "train_loss_epoch": 0.6384986042976379, "train_acc1_epoch": 85.8087387084961, "train_acc5_epoch": 96.64038848876953}