{"train_loss": 0.9916830062866211, "train_loss_step": 0.5861193537712097, "train_acc1": 75.57270812988281, "train_acc1_step": 85.15625, "train_acc5": 93.01456451416016, "train_acc5_step": 95.3125, "val_loss": 0.6412507891654968, "val_acc1": 81.10977935791016, "val_acc5": 96.09375, "train_loss_epoch": 0.9916830062866211, "train_acc1_epoch": 75.57270812988281, "train_acc5_epoch": 93.01456451416016}