{"train_loss": 1.0335819721221924, "train_loss_step": 0.5163738131523132, "train_acc1": 81.81954956054688, "train_acc1_step": 84.375, "train_acc5": 95.25957489013672, "train_acc5_step": 97.65625, "val_loss": 0.47789597511291504, "val_acc1": 85.81730651855469, "val_acc5": 98.05689239501953, "train_loss_epoch": 1.0335819721221924, "train_acc1_epoch": 81.81954956054688, "train_acc5_epoch": 95.25957489013672}