{
  "dataset_revision": "20a6d6f312dd54037fe07a32d58e5e168867909d",
  "evaluation_time": 16.757970809936523,
  "kg_co2_emissions": null,
  "mteb_version": "1.14.20",
  "scores": {
    "test": [
      {
        "cosine_pearson": 0.6018470054222964,
        "cosine_spearman": 0.534570196998399,
        "euclidean_pearson": 0.5723293176697849,
        "euclidean_spearman": 0.5462918138021435,
        "hf_subset": "default",
        "languages": [
          "eng-Latn"
        ],
        "main_score": 0.534570196998399,
        "manhattan_pearson": 0.5772450753836279,
        "manhattan_spearman": 0.5517155687995053,
        "pearson": 0.6018470054222964,
        "spearman": 0.534570196998399
      }
    ]
  },
  "task_name": "SICK-R"
}