{
  "dataset_revision": "4d8694f8f0e0100860b497b999b3dbed754a0513",
  "evaluation_time": 9.568955659866333,
  "kg_co2_emissions": null,
  "mteb_version": "1.14.20",
  "scores": {
    "test": [
      {
        "cosine_pearson": 0.5248200548182547,
        "cosine_spearman": 0.5460349979468451,
        "euclidean_pearson": 0.5328478123174859,
        "euclidean_spearman": 0.5277637715153981,
        "hf_subset": "default",
        "languages": [
          "eng-Latn"
        ],
        "main_score": 0.5460349979468451,
        "manhattan_pearson": 0.5478107413292446,
        "manhattan_spearman": 0.5401900927356789,
        "pearson": 0.5248200548182547,
        "spearman": 0.5460349979468451
      }
    ]
  },
  "task_name": "STS16"
}