{
  "dataset_revision": "2000358ca161889fa9c082cb41daa8dcfb161a54",
  "evaluation_time": 7.9952967166900635,
  "kg_co2_emissions": null,
  "mteb_version": "1.14.20",
  "scores": {
    "test": [
      {
        "hf_subset": "default",
        "languages": [
          "eng-Latn"
        ],
        "main_score": 0.4737970961358402,
        "map": 0.4737970961358402,
        "mrr": 0.6017840654267246,
        "nAUC_map_diff1": 0.14379573338441606,
        "nAUC_map_max": 0.18647610883673,
        "nAUC_map_std": 0.11001488147914515,
        "nAUC_mrr_diff1": 0.1982958616531453,
        "nAUC_mrr_max": 0.23440487622099593,
        "nAUC_mrr_std": 0.1254308294819522
      }
    ]
  },
  "task_name": "AskUbuntuDupQuestions"
}