{
  "dataset_revision": "59042f120c80e8afa9cdbb224f67076cec0fc9a7",
  "evaluation_time": 119.63459300994873,
  "kg_co2_emissions": null,
  "mteb_version": "1.14.20",
  "scores": {
    "test": [
      {
        "hf_subset": "default",
        "languages": [
          "eng-Latn"
        ],
        "main_score": 0.25700218336893293,
        "map": 0.25700218336893293,
        "mrr": 0.25965346667579603,
        "nAUC_map_diff1": 0.2128620385135974,
        "nAUC_map_max": -0.255900708128153,
        "nAUC_map_std": -0.1199032211941198,
        "nAUC_mrr_diff1": 0.19220356563838614,
        "nAUC_mrr_max": -0.19457282319053462,
        "nAUC_mrr_std": -0.10416485045575123
      }
    ]
  },
  "task_name": "MindSmallReranking"
}