{
  "dataset_revision": "6031580fec1f6af667f0bd2da0a551cf4f0b2375",
  "evaluation_time": 11.472275972366333,
  "kg_co2_emissions": null,
  "mteb_version": "1.14.20",
  "scores": {
    "test": [
      {
        "cosine_pearson": 0.4517685883798209,
        "cosine_spearman": 0.4303386438278473,
        "euclidean_pearson": 0.45669447563131715,
        "euclidean_spearman": 0.4396650483093732,
        "hf_subset": "default",
        "languages": [
          "eng-Latn"
        ],
        "main_score": 0.4303386438278473,
        "manhattan_pearson": 0.45834191951066827,
        "manhattan_spearman": 0.44104892805995516,
        "pearson": 0.4517685883798209,
        "spearman": 0.4303386438278473
      }
    ]
  },
  "task_name": "STS14"
}