{
  "dataset_revision": "2000358ca161889fa9c082cb41daa8dcfb161a54",
  "evaluation_time": 6.549712657928467,
  "kg_co2_emissions": null,
  "mteb_version": "1.14.19",
  "scores": {
    "test": [
      {
        "hf_subset": "default",
        "languages": [
          "eng-Latn"
        ],
        "main_score": 0.4966792574977805,
        "map": 0.4966792574977805,
        "mrr": 0.6435793430945785,
        "nAUC_map_diff1": 0.1422870827993915,
        "nAUC_map_max": 0.13146734888315717,
        "nAUC_map_std": 0.08393585446148556,
        "nAUC_mrr_diff1": 0.17632551498554194,
        "nAUC_mrr_max": 0.1920488295883325,
        "nAUC_mrr_std": 0.08041696052601721
      }
    ]
  },
  "task_name": "AskUbuntuDupQuestions"
}