{
  "dataset_revision": "59042f120c80e8afa9cdbb224f67076cec0fc9a7",
  "evaluation_time": 128.19854068756104,
  "kg_co2_emissions": null,
  "mteb_version": "1.14.19",
  "scores": {
    "test": [
      {
        "hf_subset": "default",
        "languages": [
          "eng-Latn"
        ],
        "main_score": 0.2744201577069016,
        "map": 0.2744201577069016,
        "mrr": 0.2806191031112794,
        "nAUC_map_diff1": 0.15954197475234114,
        "nAUC_map_max": -0.2804934794376651,
        "nAUC_map_std": -0.16957284502489983,
        "nAUC_mrr_diff1": 0.14772782031157916,
        "nAUC_mrr_max": -0.21231065193955903,
        "nAUC_mrr_std": -0.13451773144667586
      }
    ]
  },
  "task_name": "MindSmallReranking"
}