{
  "dataset_revision": "d3c5e1fc0b855ab6097bf1cda04dd73947d7caab",
  "evaluation_time": 103.58271551132202,
  "kg_co2_emissions": null,
  "mteb_version": "1.14.20",
  "scores": {
    "test": [
      {
        "hf_subset": "default",
        "languages": [
          "eng-Latn"
        ],
        "main_score": 0.4833069473001585,
        "map": 0.4833069473001585,
        "mrr": 0.7173646524136721,
        "nAUC_map_diff1": 0.1848175601604082,
        "nAUC_map_max": 0.3058358523730546,
        "nAUC_map_std": 0.2442468790839517,
        "nAUC_mrr_diff1": 0.34483649510341585,
        "nAUC_mrr_max": 0.3818056153666312,
        "nAUC_mrr_std": 0.21795047130870654
      }
    ]
  },
  "task_name": "SciDocsRR"
}