{
  "dataset_revision": "20a6d6f312dd54037fe07a32d58e5e168867909d",
  "evaluation_time": 10.817498445510864,
  "kg_co2_emissions": null,
  "mteb_version": "1.14.20",
  "scores": {
    "test": [
      {
        "cosine_pearson": 0.506220749828369,
        "cosine_spearman": 0.46790449047105453,
        "euclidean_pearson": 0.4837541193018357,
        "euclidean_spearman": 0.45689805466447553,
        "hf_subset": "default",
        "languages": [
          "eng-Latn"
        ],
        "main_score": 0.46790449047105453,
        "manhattan_pearson": 0.483082230181149,
        "manhattan_spearman": 0.4563279726703569,
        "pearson": 0.506220749828369,
        "spearman": 0.46790449047105453
      }
    ]
  },
  "task_name": "SICK-R"
}