{
  "dataset_revision": "b0fddb56ed78048fa8b90373c8a3cfc37b684831",
  "evaluation_time": 3.0752034187316895,
  "kg_co2_emissions": null,
  "mteb_version": "1.14.20",
  "scores": {
    "test": [
      {
        "cosine_pearson": 0.3376243184851687,
        "cosine_spearman": 0.3278461752176905,
        "euclidean_pearson": 0.3533827369000722,
        "euclidean_spearman": 0.343133798587968,
        "hf_subset": "default",
        "languages": [
          "eng-Latn"
        ],
        "main_score": 0.3278461752176905,
        "manhattan_pearson": 0.3534488027209144,
        "manhattan_spearman": 0.3429727406745722,
        "pearson": 0.3376243184851687,
        "spearman": 0.3278461752176905
      }
    ]
  },
  "task_name": "STSBenchmark"
}