{
  "dataset_revision": "2000358ca161889fa9c082cb41daa8dcfb161a54",
  "evaluation_time": 3.1680595874786377,
  "kg_co2_emissions": null,
  "mteb_version": "1.14.19",
  "scores": {
    "test": [
      {
        "hf_subset": "default",
        "languages": [
          "eng-Latn"
        ],
        "main_score": 0.4722555475359703,
        "map": 0.4722555475359703,
        "mrr": 0.5955755617112958,
        "nAUC_map_diff1": 0.16980108823545376,
        "nAUC_map_max": 0.1593331140426505,
        "nAUC_map_std": 0.02794656180448862,
        "nAUC_mrr_diff1": 0.1948635425513256,
        "nAUC_mrr_max": 0.23421453982760274,
        "nAUC_mrr_std": 0.05469004319911693
      }
    ]
  },
  "task_name": "AskUbuntuDupQuestions"
}