{
  "dataset_revision": "20a6d6f312dd54037fe07a32d58e5e168867909d",
  "evaluation_time": 5.80361270904541,
  "kg_co2_emissions": null,
  "mteb_version": "1.14.19",
  "scores": {
    "test": [
      {
        "cosine_pearson": 0.5636898178847767,
        "cosine_spearman": 0.5191886555482192,
        "euclidean_pearson": 0.5495142565298727,
        "euclidean_spearman": 0.5173526165204385,
        "hf_subset": "default",
        "languages": [
          "eng-Latn"
        ],
        "main_score": 0.5191886555482192,
        "manhattan_pearson": 0.561620369216113,
        "manhattan_spearman": 0.5282289102051626,
        "pearson": 0.5636898178847767,
        "spearman": 0.5191886555482192
      }
    ]
  },
  "task_name": "SICK-R"
}