{
  "dataset_revision": "2000358ca161889fa9c082cb41daa8dcfb161a54",
  "evaluation_time": 7.500528335571289,
  "kg_co2_emissions": null,
  "mteb_version": "1.14.19",
  "scores": {
    "test": [
      {
        "hf_subset": "default",
        "languages": [
          "eng-Latn"
        ],
        "main_score": 0.45945403654287936,
        "map": 0.45945403654287936,
        "mrr": 0.601360858286066,
        "nAUC_map_diff1": 0.07651360170139636,
        "nAUC_map_max": 0.19145381286363577,
        "nAUC_map_std": 0.028811085619052053,
        "nAUC_mrr_diff1": 0.08815667172536251,
        "nAUC_mrr_max": 0.22471745604092092,
        "nAUC_mrr_std": 0.03756014289561296
      }
    ]
  },
  "task_name": "AskUbuntuDupQuestions"
}