{
  "dataset_revision": "d66bd1f72af766a5cc4b0ca5e00c162f89e8cc46",
  "evaluation_time": 24.975725173950195,
  "kg_co2_emissions": null,
  "mteb_version": "1.14.19",
  "scores": {
    "test": [
      {
        "cosine_accuracy": 0.991980198019802,
        "cosine_accuracy_threshold": 0.9889087677001953,
        "cosine_ap": 0.4198342556050894,
        "cosine_f1": 0.4553846153846154,
        "cosine_f1_threshold": 0.9875644445419312,
        "cosine_precision": 0.592,
        "cosine_recall": 0.37,
        "dot_accuracy": 0.9901386138613861,
        "dot_accuracy_threshold": 592.9544067382812,
        "dot_ap": 0.037938971784981596,
        "dot_f1": 0.08649093904448106,
        "dot_f1_threshold": 571.9769287109375,
        "dot_precision": 0.07352941176470588,
        "dot_recall": 0.105,
        "euclidean_accuracy": 0.9919306930693069,
        "euclidean_accuracy_threshold": 3.428730010986328,
        "euclidean_ap": 0.4140696048143894,
        "euclidean_f1": 0.4534313725490196,
        "euclidean_f1_threshold": 3.7574450969696045,
        "euclidean_precision": 0.5854430379746836,
        "euclidean_recall": 0.37,
        "hf_subset": "default",
        "languages": [
          "eng-Latn"
        ],
        "main_score": 0.4444593464146154,
        "manhattan_accuracy": 0.9921386138613861,
        "manhattan_accuracy_threshold": 72.79850006103516,
        "manhattan_ap": 0.4444593464146154,
        "manhattan_f1": 0.47330960854092524,
        "manhattan_f1_threshold": 79.73645782470703,
        "manhattan_precision": 0.5816326530612245,
        "manhattan_recall": 0.399,
        "max_accuracy": 0.9921386138613861,
        "max_ap": 0.4444593464146154,
        "max_f1": 0.47330960854092524,
        "max_precision": 0.592,
        "max_recall": 0.399,
        "similarity_accuracy": 0.991980198019802,
        "similarity_accuracy_threshold": 0.9889087677001953,
        "similarity_ap": 0.4198342556050894,
        "similarity_f1": 0.4553846153846154,
        "similarity_f1_threshold": 0.9875644445419312,
        "similarity_precision": 0.592,
        "similarity_recall": 0.37
      }
    ],
    "validation": [
      {
        "cosine_accuracy": 0.990990099009901,
        "cosine_accuracy_threshold": 0.9892168045043945,
        "cosine_ap": 0.2962603710565763,
        "cosine_f1": 0.36424957841483985,
        "cosine_f1_threshold": 0.9863028526306152,
        "cosine_precision": 0.4159178433889602,
        "cosine_recall": 0.324,
        "dot_accuracy": 0.9901386138613861,
        "dot_accuracy_threshold": 594.152587890625,
        "dot_ap": 0.034061356636691104,
        "dot_f1": 0.07080459770114943,
        "dot_f1_threshold": 572.6470947265625,
        "dot_precision": 0.06553191489361702,
        "dot_recall": 0.077,
        "euclidean_accuracy": 0.990990099009901,
        "euclidean_accuracy_threshold": 3.461642265319824,
        "euclidean_ap": 0.2930868943438186,
        "euclidean_f1": 0.35780315388798256,
        "euclidean_f1_threshold": 3.9580607414245605,
        "euclidean_precision": 0.39213349225268174,
        "euclidean_recall": 0.329,
        "hf_subset": "default",
        "languages": [
          "eng-Latn"
        ],
        "main_score": 0.33462322738262334,
        "manhattan_accuracy": 0.9910990099009901,
        "manhattan_accuracy_threshold": 74.25552368164062,
        "manhattan_ap": 0.33462322738262334,
        "manhattan_f1": 0.399586990191017,
        "manhattan_f1_threshold": 83.83010864257812,
        "manhattan_precision": 0.41302027748132336,
        "manhattan_recall": 0.387,
        "max_accuracy": 0.9910990099009901,
        "max_ap": 0.33462322738262334,
        "max_f1": 0.399586990191017,
        "max_precision": 0.4159178433889602,
        "max_recall": 0.387,
        "similarity_accuracy": 0.990990099009901,
        "similarity_accuracy_threshold": 0.9892168045043945,
        "similarity_ap": 0.2962603710565763,
        "similarity_f1": 0.36424957841483985,
        "similarity_f1_threshold": 0.9863028526306152,
        "similarity_precision": 0.4159178433889602,
        "similarity_recall": 0.324
      }
    ]
  },
  "task_name": "SprintDuplicateQuestions"
}