{
  "dataset_revision": "2000358ca161889fa9c082cb41daa8dcfb161a54",
  "evaluation_time": 29.06724524497986,
  "kg_co2_emissions": null,
  "mteb_version": "1.14.20",
  "scores": {
    "test": [
      {
        "hf_subset": "default",
        "languages": [
          "eng-Latn"
        ],
        "main_score": 0.46037842943435514,
        "map": 0.46037842943435514,
        "mrr": 0.5869553269137756,
        "nAUC_map_diff1": 0.03481806133688034,
        "nAUC_map_max": 0.17212656896794032,
        "nAUC_map_std": -0.025572659050234457,
        "nAUC_mrr_diff1": 0.060127825647745735,
        "nAUC_mrr_max": 0.22806055228455685,
        "nAUC_mrr_std": -0.002920107611713117
      }
    ]
  },
  "task_name": "AskUbuntuDupQuestions"
}