{
  "dataset_revision": "d3fb88f8f02e40887cd149695127462bbcf29b4a",
  "evaluation_time": 4.5943379402160645,
  "kg_co2_emissions": null,
  "mteb_version": "1.14.20",
  "scores": {
    "test": [
      {
        "cosine_pearson": 0.5263580749971429,
        "cosine_spearman": 0.5903447767074185,
        "euclidean_pearson": 0.5288400240544899,
        "euclidean_spearman": 0.5784529394787798,
        "hf_subset": "default",
        "languages": [
          "eng-Latn"
        ],
        "main_score": 0.5903447767074185,
        "manhattan_pearson": 0.6077316743312062,
        "manhattan_spearman": 0.6118512908443182,
        "pearson": 0.5263580749971429,
        "spearman": 0.5903447767074185
      }
    ]
  },
  "task_name": "BIOSSES"
}