{
  "dataset_revision": "7e90230a92c190f1bf69ae9002b8cea547a64cca",
  "evaluation_time": 28.474095582962036,
  "kg_co2_emissions": null,
  "mteb_version": "1.14.20",
  "scores": {
    "test": [
      {
        "cosine_pearson": 0.43100134229508835,
        "cosine_spearman": 0.45697984099658223,
        "euclidean_pearson": 0.47648114369542544,
        "euclidean_spearman": 0.4822495323111226,
        "hf_subset": "default",
        "languages": [
          "eng-Latn"
        ],
        "main_score": 0.45697984099658223,
        "manhattan_pearson": 0.489745789541055,
        "manhattan_spearman": 0.4906521560489376,
        "pearson": 0.43100134229508835,
        "spearman": 0.45697984099658223
      }
    ]
  },
  "task_name": "STS13"
}