{
  "dataset_revision": "59042f120c80e8afa9cdbb224f67076cec0fc9a7",
  "evaluation_time": 141.52036929130554,
  "kg_co2_emissions": null,
  "mteb_version": "1.14.19",
  "scores": {
    "test": [
      {
        "hf_subset": "default",
        "languages": [
          "eng-Latn"
        ],
        "main_score": 0.2662876410202474,
        "map": 0.2662876410202474,
        "mrr": 0.2706627338784997,
        "nAUC_map_diff1": 0.23379851372369664,
        "nAUC_map_max": -0.29036768963914034,
        "nAUC_map_std": -0.21014028555221403,
        "nAUC_mrr_diff1": 0.210489394189768,
        "nAUC_mrr_max": -0.23713942655807543,
        "nAUC_mrr_std": -0.18843964066188837
      }
    ]
  },
  "task_name": "MindSmallReranking"
}