{
  "dataset_revision": "d66bd1f72af766a5cc4b0ca5e00c162f89e8cc46",
  "evaluation_time": 22.680307865142822,
  "kg_co2_emissions": null,
  "mteb_version": "1.14.19",
  "scores": {
    "test": [
      {
        "cosine_accuracy": 0.9915742574257426,
        "cosine_accuracy_threshold": 0.9580553770065308,
        "cosine_ap": 0.3799314043052919,
        "cosine_f1": 0.4093437152391546,
        "cosine_f1_threshold": 0.9464000463485718,
        "cosine_precision": 0.46115288220551376,
        "cosine_recall": 0.368,
        "dot_accuracy": 0.9900891089108911,
        "dot_accuracy_threshold": 909.6566162109375,
        "dot_ap": 0.023587040998132816,
        "dot_f1": 0.06044376434583015,
        "dot_f1_threshold": 732.2789916992188,
        "dot_precision": 0.04894671623296159,
        "dot_recall": 0.079,
        "euclidean_accuracy": 0.9918613861386139,
        "euclidean_accuracy_threshold": 7.369256973266602,
        "euclidean_ap": 0.41206689215975023,
        "euclidean_f1": 0.4306930693069307,
        "euclidean_f1_threshold": 8.501272201538086,
        "euclidean_precision": 0.564935064935065,
        "euclidean_recall": 0.348,
        "hf_subset": "default",
        "languages": [
          "eng-Latn"
        ],
        "main_score": 0.5242040704594945,
        "manhattan_accuracy": 0.9925940594059406,
        "manhattan_accuracy_threshold": 176.9127655029297,
        "manhattan_ap": 0.5242040704594945,
        "manhattan_f1": 0.5222457627118644,
        "manhattan_f1_threshold": 203.69947814941406,
        "manhattan_precision": 0.5551801801801802,
        "manhattan_recall": 0.493,
        "max_accuracy": 0.9925940594059406,
        "max_ap": 0.5242040704594945,
        "max_f1": 0.5222457627118644,
        "max_precision": 0.564935064935065,
        "max_recall": 0.493,
        "similarity_accuracy": 0.9915742574257426,
        "similarity_accuracy_threshold": 0.9580553770065308,
        "similarity_ap": 0.3799314043052919,
        "similarity_f1": 0.4093437152391546,
        "similarity_f1_threshold": 0.9464000463485718,
        "similarity_precision": 0.46115288220551376,
        "similarity_recall": 0.368
      }
    ],
    "validation": [
      {
        "cosine_accuracy": 0.9910792079207921,
        "cosine_accuracy_threshold": 0.9625039100646973,
        "cosine_ap": 0.30762910739877364,
        "cosine_f1": 0.3554603854389721,
        "cosine_f1_threshold": 0.9449645280838013,
        "cosine_precision": 0.3824884792626728,
        "cosine_recall": 0.332,
        "dot_accuracy": 0.9900891089108911,
        "dot_accuracy_threshold": 905.388427734375,
        "dot_ap": 0.0235934146355323,
        "dot_f1": 0.06179903868162052,
        "dot_f1_threshold": 712.71484375,
        "dot_precision": 0.04007123775601069,
        "dot_recall": 0.135,
        "euclidean_accuracy": 0.9913663366336634,
        "euclidean_accuracy_threshold": 7.999395847320557,
        "euclidean_ap": 0.34630159878698985,
        "euclidean_f1": 0.3969548667754214,
        "euclidean_f1_threshold": 8.936838150024414,
        "euclidean_precision": 0.43504171632896305,
        "euclidean_recall": 0.365,
        "hf_subset": "default",
        "languages": [
          "eng-Latn"
        ],
        "main_score": 0.4565741526400181,
        "manhattan_accuracy": 0.992049504950495,
        "manhattan_accuracy_threshold": 190.63027954101562,
        "manhattan_ap": 0.4565741526400181,
        "manhattan_f1": 0.487225193107546,
        "manhattan_f1_threshold": 200.45697021484375,
        "manhattan_precision": 0.6002928257686676,
        "manhattan_recall": 0.41,
        "max_accuracy": 0.992049504950495,
        "max_ap": 0.4565741526400181,
        "max_f1": 0.487225193107546,
        "max_precision": 0.6002928257686676,
        "max_recall": 0.41,
        "similarity_accuracy": 0.9910792079207921,
        "similarity_accuracy_threshold": 0.9625039100646973,
        "similarity_ap": 0.30762910739877364,
        "similarity_f1": 0.3554603854389721,
        "similarity_f1_threshold": 0.9449645280838013,
        "similarity_precision": 0.3824884792626728,
        "similarity_recall": 0.332
      }
    ]
  },
  "task_name": "SprintDuplicateQuestions"
}