{
  "dataset_revision": "b0fddb56ed78048fa8b90373c8a3cfc37b684831",
  "evaluation_time": 5.873046398162842,
  "kg_co2_emissions": null,
  "mteb_version": "1.14.19",
  "scores": {
    "test": [
      {
        "cosine_pearson": 0.3133845685625287,
        "cosine_spearman": 0.3876772234650144,
        "euclidean_pearson": 0.4555440263136895,
        "euclidean_spearman": 0.46389921131259126,
        "hf_subset": "default",
        "languages": [
          "eng-Latn"
        ],
        "main_score": 0.3876772234650144,
        "manhattan_pearson": 0.5200759954174374,
        "manhattan_spearman": 0.5142530382489248,
        "pearson": 0.3133845685625287,
        "spearman": 0.3876772234650144
      }
    ]
  },
  "task_name": "STSBenchmark"
}