{
  "dataset_revision": "7e90230a92c190f1bf69ae9002b8cea547a64cca",
  "evaluation_time": 12.399397373199463,
  "kg_co2_emissions": null,
  "mteb_version": "1.14.19",
  "scores": {
    "test": [
      {
        "cosine_pearson": 0.4671398883865465,
        "cosine_spearman": 0.4771460371606591,
        "euclidean_pearson": 0.5278171214605742,
        "euclidean_spearman": 0.5280006121958424,
        "hf_subset": "default",
        "languages": [
          "eng-Latn"
        ],
        "main_score": 0.4771460371606591,
        "manhattan_pearson": 0.5661165338065389,
        "manhattan_spearman": 0.5603836617496524,
        "pearson": 0.4671398883865465,
        "spearman": 0.4771460371606591
      }
    ]
  },
  "task_name": "STS13"
}