{
  "dataset_revision": "70970daeab8776df92f5ea462b6173c0b46fd2d1",
  "evaluation_time": 24.884554386138916,
  "kg_co2_emissions": null,
  "mteb_version": "1.14.19",
  "scores": {
    "test": [
      {
        "cosine_accuracy": 0.7906061870417834,
        "cosine_accuracy_threshold": 0.9460374712944031,
        "cosine_ap": 0.436166729388922,
        "cosine_f1": 0.43815555115772803,
        "cosine_f1_threshold": 0.8935554027557373,
        "cosine_precision": 0.35053831538948704,
        "cosine_recall": 0.5841688654353562,
        "dot_accuracy": 0.7740954878702986,
        "dot_accuracy_threshold": 1144.02392578125,
        "dot_ap": 0.2128058697718648,
        "dot_f1": 0.3685874057865305,
        "dot_f1_threshold": 440.68792724609375,
        "dot_precision": 0.22593144560357675,
        "dot_recall": 1.0,
        "euclidean_accuracy": 0.795315014603326,
        "euclidean_accuracy_threshold": 10.640024185180664,
        "euclidean_ap": 0.4657916996269008,
        "euclidean_f1": 0.4595168300818761,
        "euclidean_f1_threshold": 13.656272888183594,
        "euclidean_precision": 0.3724397837129281,
        "euclidean_recall": 0.5997361477572559,
        "hf_subset": "default",
        "languages": [
          "eng-Latn"
        ],
        "main_score": 0.49640388759504456,
        "manhattan_accuracy": 0.797699231090183,
        "manhattan_accuracy_threshold": 239.61141967773438,
        "manhattan_ap": 0.49640388759504456,
        "manhattan_f1": 0.4871821701370723,
        "manhattan_f1_threshold": 299.0865478515625,
        "manhattan_precision": 0.4036760880873938,
        "manhattan_recall": 0.6142480211081794,
        "max_accuracy": 0.797699231090183,
        "max_ap": 0.49640388759504456,
        "max_f1": 0.4871821701370723,
        "max_precision": 0.4036760880873938,
        "max_recall": 1.0,
        "similarity_accuracy": 0.7906061870417834,
        "similarity_accuracy_threshold": 0.9460374712944031,
        "similarity_ap": 0.436166729388922,
        "similarity_f1": 0.43815555115772803,
        "similarity_f1_threshold": 0.8935554027557373,
        "similarity_precision": 0.35053831538948704,
        "similarity_recall": 0.5841688654353562
      }
    ]
  },
  "task_name": "TwitterSemEval2015"
}