{
  "dataset_revision": "e185fbe320c72810689fc5848eb6114e1ef5ec69",
  "evaluation_time": 62.829265832901,
  "kg_co2_emissions": null,
  "mteb_version": "1.14.20",
  "scores": {
    "test": [
      {
        "hf_subset": "default",
        "languages": [
          "eng-Latn"
        ],
        "main_score": 0.3621224664325347,
        "map": 0.3621224664325347,
        "mrr": 0.3617953431372549,
        "nAUC_map_diff1": 0.30130674880203595,
        "nAUC_map_max": 0.21083820347078852,
        "nAUC_map_std": 0.12449867302712529,
        "nAUC_mrr_diff1": 0.29332407909411745,
        "nAUC_mrr_max": 0.21544154233301432,
        "nAUC_mrr_std": 0.12857978149237873
      }
    ]
  },
  "task_name": "StackOverflowDupQuestions"
}