{
  "dataset_revision": "7e90230a92c190f1bf69ae9002b8cea547a64cca",
  "evaluation_time": 6.938497304916382,
  "kg_co2_emissions": null,
  "mteb_version": "1.14.20",
  "scores": {
    "test": [
      {
        "cosine_pearson": 0.5665899869633781,
        "cosine_spearman": 0.5762032113644376,
        "euclidean_pearson": 0.5789242456724275,
        "euclidean_spearman": 0.5827990956825198,
        "hf_subset": "default",
        "languages": [
          "eng-Latn"
        ],
        "main_score": 0.5762032113644376,
        "manhattan_pearson": 0.5804018706696891,
        "manhattan_spearman": 0.5842450655730841,
        "pearson": 0.5665899869633781,
        "spearman": 0.5762032113644376
      }
    ]
  },
  "task_name": "STS13"
}