{
  "dataset_revision": "a0d554a64d88156834ff5ae9920b964011b16384",
  "evaluation_time": 10.491775035858154,
  "kg_co2_emissions": null,
  "mteb_version": "1.14.20",
  "scores": {
    "test": [
      {
        "cosine_pearson": 0.46801940617736465,
        "cosine_spearman": 0.4545516025332789,
        "euclidean_pearson": 0.46196673411413086,
        "euclidean_spearman": 0.45468330045309074,
        "hf_subset": "default",
        "languages": [
          "eng-Latn"
        ],
        "main_score": 0.4545516025332789,
        "manhattan_pearson": 0.46472030536644043,
        "manhattan_spearman": 0.45553212955559447,
        "pearson": 0.46801940617736465,
        "spearman": 0.4545516025332789
      }
    ]
  },
  "task_name": "STS12"
}