{
  "dataset_revision": "2000358ca161889fa9c082cb41daa8dcfb161a54",
  "evaluation_time": 25.19278645515442,
  "kg_co2_emissions": null,
  "mteb_version": "1.14.21",
  "scores": {
    "test": [
      {
        "hf_subset": "default",
        "languages": [
          "eng-Latn"
        ],
        "main_score": 0.5040530660076575,
        "map": 0.5040530660076575,
        "mrr": 0.6337884184144572,
        "nAUC_map_diff1": 0.1277942926172267,
        "nAUC_map_max": 0.19653190816361127,
        "nAUC_map_std": 0.0922940399687211,
        "nAUC_mrr_diff1": 0.16892693391430388,
        "nAUC_mrr_max": 0.24116596474716254,
        "nAUC_mrr_std": 0.11506814709723495
      }
    ]
  },
  "task_name": "AskUbuntuDupQuestions"
}