{
  "dataset_revision": "d3fb88f8f02e40887cd149695127462bbcf29b4a",
  "evaluation_time": 6.004892826080322,
  "kg_co2_emissions": null,
  "mteb_version": "1.14.21",
  "scores": {
    "test": [
      {
        "cosine_pearson": 0.7630886841245469,
        "cosine_spearman": 0.7324504243195549,
        "euclidean_pearson": 0.714717457113583,
        "euclidean_spearman": 0.705311251718229,
        "hf_subset": "default",
        "languages": [
          "eng-Latn"
        ],
        "main_score": 0.7324504243195549,
        "manhattan_pearson": 0.717165171812782,
        "manhattan_spearman": 0.7006063252361789,
        "pearson": 0.7630886841245469,
        "spearman": 0.7324504243195549
      }
    ]
  },
  "task_name": "BIOSSES"
}