{
  "dataset_revision": "d3c5e1fc0b855ab6097bf1cda04dd73947d7caab",
  "evaluation_time": 393.16793608665466,
  "kg_co2_emissions": null,
  "mteb_version": "1.14.21",
  "scores": {
    "test": [
      {
        "hf_subset": "default",
        "languages": [
          "eng-Latn"
        ],
        "main_score": 0.7508973450573814,
        "map": 0.7508973450573814,
        "mrr": 0.9211695076891157,
        "nAUC_map_diff1": 0.08540721423741905,
        "nAUC_map_max": 0.5210573067356048,
        "nAUC_map_std": 0.6144847749551929,
        "nAUC_mrr_diff1": 0.4243845002875544,
        "nAUC_mrr_max": 0.7084800005438703,
        "nAUC_mrr_std": 0.6335494548285519
      }
    ]
  },
  "task_name": "SciDocsRR"
}