{
  "dataset_revision": "ae752c7c21bf194d8b67fd573edf7ae58183cbe3",
  "evaluation_time": 30.419095993041992,
  "kg_co2_emissions": null,
  "mteb_version": "1.14.21",
  "scores": {
    "test": [
      {
        "cosine_pearson": 0.6955663925359371,
        "cosine_spearman": 0.7019590548819906,
        "euclidean_pearson": 0.6713931154524229,
        "euclidean_spearman": 0.6874692856673748,
        "hf_subset": "default",
        "languages": [
          "eng-Latn"
        ],
        "main_score": 0.7019590548819906,
        "manhattan_pearson": 0.6706658025810855,
        "manhattan_spearman": 0.6879314632175556,
        "pearson": 0.6955663925359371,
        "spearman": 0.7019590548819906
      }
    ]
  },
  "task_name": "STS15"
}