{
  "dataset_revision": "59042f120c80e8afa9cdbb224f67076cec0fc9a7",
  "evaluation_time": 122.92999792098999,
  "kg_co2_emissions": null,
  "mteb_version": "1.14.20",
  "scores": {
    "test": [
      {
        "hf_subset": "default",
        "languages": [
          "eng-Latn"
        ],
        "main_score": 0.2762224520435431,
        "map": 0.2762224520435431,
        "mrr": 0.2826693900374438,
        "nAUC_map_diff1": 0.1864267652311837,
        "nAUC_map_max": -0.23177474204398218,
        "nAUC_map_std": -0.06032590128245569,
        "nAUC_mrr_diff1": 0.1680668285856904,
        "nAUC_mrr_max": -0.17453474343870173,
        "nAUC_mrr_std": -0.052342928937587824
      }
    ]
  },
  "task_name": "MindSmallReranking"
}