{
  "dataset_revision": "6031580fec1f6af667f0bd2da0a551cf4f0b2375",
  "evaluation_time": 13.15235948562622,
  "kg_co2_emissions": null,
  "mteb_version": "1.14.20",
  "scores": {
    "test": [
      {
        "cosine_pearson": 0.5228623070947825,
        "cosine_spearman": 0.4873817130324657,
        "euclidean_pearson": 0.5160645945080392,
        "euclidean_spearman": 0.49178806901778543,
        "hf_subset": "default",
        "languages": [
          "eng-Latn"
        ],
        "main_score": 0.4873817130324657,
        "manhattan_pearson": 0.5182621722579764,
        "manhattan_spearman": 0.4942782491123207,
        "pearson": 0.5228623070947825,
        "spearman": 0.4873817130324657
      }
    ]
  },
  "task_name": "STS14"
}