{
  "dataset_revision": "d3fb88f8f02e40887cd149695127462bbcf29b4a",
  "evaluation_time": 14.591824769973755,
  "kg_co2_emissions": null,
  "mteb_version": "1.14.21",
  "scores": {
    "test": [
      {
        "cosine_pearson": 0.7515759322477558,
        "cosine_spearman": 0.7489327275908593,
        "euclidean_pearson": 0.7020763544847453,
        "euclidean_spearman": 0.6989858063838468,
        "hf_subset": "default",
        "languages": [
          "eng-Latn"
        ],
        "main_score": 0.7489327275908593,
        "manhattan_pearson": 0.7044737786652266,
        "manhattan_spearman": 0.7003774043574108,
        "pearson": 0.7515759322477558,
        "spearman": 0.7489327275908593
      }
    ]
  },
  "task_name": "BIOSSES"
}