{
  "dataset_revision": "59042f120c80e8afa9cdbb224f67076cec0fc9a7",
  "evaluation_time": 472.17672324180603,
  "kg_co2_emissions": null,
  "mteb_version": "1.14.21",
  "scores": {
    "test": [
      {
        "hf_subset": "default",
        "languages": [
          "eng-Latn"
        ],
        "main_score": 0.29415507956903186,
        "map": 0.29415507956903186,
        "mrr": 0.303788771281159,
        "nAUC_map_diff1": 0.18797795740067724,
        "nAUC_map_max": -0.2110555014154624,
        "nAUC_map_std": 0.025043399117218743,
        "nAUC_mrr_diff1": 0.16941566934250837,
        "nAUC_mrr_max": -0.15640312141942075,
        "nAUC_mrr_std": 0.03096354386809586
      }
    ]
  },
  "task_name": "MindSmallReranking"
}