{
  "dataset_revision": "d3c5e1fc0b855ab6097bf1cda04dd73947d7caab",
  "evaluation_time": 1098.1747014522552,
  "kg_co2_emissions": null,
  "mteb_version": "1.14.21",
  "scores": {
    "test": [
      {
        "hf_subset": "default",
        "languages": [
          "eng-Latn"
        ],
        "main_score": 0.6734657992678801,
        "map": 0.6734657992678801,
        "mrr": 0.8846080027452575,
        "nAUC_map_diff1": 0.14369456927821264,
        "nAUC_map_max": 0.4603764267547286,
        "nAUC_map_std": 0.479699496976383,
        "nAUC_mrr_diff1": 0.4615946821426319,
        "nAUC_mrr_max": 0.6185994866379546,
        "nAUC_mrr_std": 0.5086945200328079
      }
    ]
  },
  "task_name": "SciDocsRR"
}