{
  "dataset_revision": "6031580fec1f6af667f0bd2da0a551cf4f0b2375",
  "evaluation_time": 42.07176923751831,
  "kg_co2_emissions": null,
  "mteb_version": "1.14.21",
  "scores": {
    "test": [
      {
        "cosine_pearson": 0.5793222269920846,
        "cosine_spearman": 0.5455380531053451,
        "euclidean_pearson": 0.5766283396666908,
        "euclidean_spearman": 0.5533834177256411,
        "hf_subset": "default",
        "languages": [
          "eng-Latn"
        ],
        "main_score": 0.5455380531053451,
        "manhattan_pearson": 0.5791126976155133,
        "manhattan_spearman": 0.556138981291629,
        "pearson": 0.5793222269920846,
        "spearman": 0.5455380531053451
      }
    ]
  },
  "task_name": "STS14"
}