{
  "dataset_revision": "4d8694f8f0e0100860b497b999b3dbed754a0513",
  "evaluation_time": 23.0309898853302,
  "kg_co2_emissions": null,
  "mteb_version": "1.14.21",
  "scores": {
    "test": [
      {
        "cosine_pearson": 0.6368881955531139,
        "cosine_spearman": 0.6359939526933763,
        "euclidean_pearson": 0.6074886075394818,
        "euclidean_spearman": 0.6149710098477694,
        "hf_subset": "default",
        "languages": [
          "eng-Latn"
        ],
        "main_score": 0.6359939526933763,
        "manhattan_pearson": 0.6075254776720721,
        "manhattan_spearman": 0.6157937915467353,
        "pearson": 0.6368881955531139,
        "spearman": 0.6359939526933763
      }
    ]
  },
  "task_name": "STS16"
}