{
  "dataset_revision": "a0d554a64d88156834ff5ae9920b964011b16384",
  "evaluation_time": 40.5068576335907,
  "kg_co2_emissions": null,
  "mteb_version": "1.14.21",
  "scores": {
    "test": [
      {
        "cosine_pearson": 0.47454568066220937,
        "cosine_spearman": 0.4341894010984362,
        "euclidean_pearson": 0.45918394031177706,
        "euclidean_spearman": 0.41902588433755406,
        "hf_subset": "default",
        "languages": [
          "eng-Latn"
        ],
        "main_score": 0.4341894010984362,
        "manhattan_pearson": 0.4638753686438746,
        "manhattan_spearman": 0.4203598737801863,
        "pearson": 0.47454568066220937,
        "spearman": 0.4341894010984362
      }
    ]
  },
  "task_name": "STS12"
}