{
  "dataset_revision": "d3fb88f8f02e40887cd149695127462bbcf29b4a",
  "evaluation_time": 22.330644607543945,
  "kg_co2_emissions": null,
  "mteb_version": "1.14.21",
  "scores": {
    "test": [
      {
        "cosine_pearson": 0.8519347952754556,
        "cosine_spearman": 0.8186873290449663,
        "euclidean_pearson": 0.8217663761736774,
        "euclidean_spearman": 0.7977350444040314,
        "hf_subset": "default",
        "languages": [
          "eng-Latn"
        ],
        "main_score": 0.8186873290449663,
        "manhattan_pearson": 0.8256701688650333,
        "manhattan_spearman": 0.8014640450344912,
        "pearson": 0.8519347952754556,
        "spearman": 0.8186873290449663
      }
    ]
  },
  "task_name": "BIOSSES"
}