{
  "dataset_revision": "d3c5e1fc0b855ab6097bf1cda04dd73947d7caab",
  "evaluation_time": 1739.4124791622162,
  "kg_co2_emissions": null,
  "mteb_version": "1.14.21",
  "scores": {
    "test": [
      {
        "hf_subset": "default",
        "languages": [
          "eng-Latn"
        ],
        "main_score": 0.8403932468356872,
        "map": 0.8403932468356872,
        "mrr": 0.9570439001811551,
        "nAUC_map_diff1": -0.06904909968810967,
        "nAUC_map_max": 0.5273340084722478,
        "nAUC_map_std": 0.6380662321350019,
        "nAUC_mrr_diff1": 0.3479121905721109,
        "nAUC_mrr_max": 0.8072690008638138,
        "nAUC_mrr_std": 0.7395637682106183
      }
    ]
  },
  "task_name": "SciDocsRR"
}