{
  "dataset_revision": "20a6d6f312dd54037fe07a32d58e5e168867909d",
  "evaluation_time": 176.40092301368713,
  "kg_co2_emissions": null,
  "mteb_version": "1.14.21",
  "scores": {
    "test": [
      {
        "cosine_pearson": 0.8033492581092715,
        "cosine_spearman": 0.7217693387891361,
        "euclidean_pearson": 0.7620890419534999,
        "euclidean_spearman": 0.7141837947493476,
        "hf_subset": "default",
        "languages": [
          "eng-Latn"
        ],
        "main_score": 0.7217693387891361,
        "manhattan_pearson": 0.7629355560070633,
        "manhattan_spearman": 0.7145994895769563,
        "pearson": 0.8033492581092715,
        "spearman": 0.7217693387891361
      }
    ]
  },
  "task_name": "SICK-R"
}