{
  "dataset_revision": "20a6d6f312dd54037fe07a32d58e5e168867909d",
  "evaluation_time": 21.49362063407898,
  "kg_co2_emissions": null,
  "mteb_version": "1.14.19",
  "scores": {
    "test": [
      {
        "cosine_pearson": 0.6349187895807585,
        "cosine_spearman": 0.5642057036374855,
        "euclidean_pearson": 0.5981142671264861,
        "euclidean_spearman": 0.5663835489334419,
        "hf_subset": "default",
        "languages": [
          "eng-Latn"
        ],
        "main_score": 0.5642057036374855,
        "manhattan_pearson": 0.5982302129132077,
        "manhattan_spearman": 0.5666386583933475,
        "pearson": 0.6349187895807585,
        "spearman": 0.5642057036374855
      }
    ]
  },
  "task_name": "SICK-R"
}