{
  "dataset_revision": "2000358ca161889fa9c082cb41daa8dcfb161a54",
  "evaluation_time": 3.2999706268310547,
  "kg_co2_emissions": null,
  "mteb_version": "1.14.20",
  "scores": {
    "test": [
      {
        "hf_subset": "default",
        "languages": [
          "eng-Latn"
        ],
        "main_score": 0.48946071395082313,
        "map": 0.48946071395082313,
        "mrr": 0.6133865365167305,
        "nAUC_map_diff1": 0.1780612017034802,
        "nAUC_map_max": 0.2021610652401018,
        "nAUC_map_std": 0.13826088695829805,
        "nAUC_mrr_diff1": 0.205768634986801,
        "nAUC_mrr_max": 0.2544155518436529,
        "nAUC_mrr_std": 0.16358894239410035
      }
    ]
  },
  "task_name": "AskUbuntuDupQuestions"
}