{
  "dataset_revision": "d3fb88f8f02e40887cd149695127462bbcf29b4a",
  "evaluation_time": 2.180323839187622,
  "kg_co2_emissions": null,
  "mteb_version": "1.14.19",
  "scores": {
    "test": [
      {
        "cosine_pearson": -0.03697978982202954,
        "cosine_spearman": -0.02856862045185206,
        "euclidean_pearson": -0.036979789822029534,
        "euclidean_spearman": -0.02856862045185206,
        "hf_subset": "default",
        "languages": [
          "eng-Latn"
        ],
        "main_score": -0.02856862045185206,
        "manhattan_pearson": -0.03697978982202953,
        "manhattan_spearman": -0.02856862045185206,
        "pearson": -0.03697978982202954,
        "spearman": -0.02856862045185206
      }
    ]
  },
  "task_name": "BIOSSES"
}