{
  "dataset_revision": "b0fddb56ed78048fa8b90373c8a3cfc37b684831",
  "evaluation_time": 3.863682985305786,
  "kg_co2_emissions": null,
  "mteb_version": "1.14.19",
  "scores": {
    "test": [
      {
        "cosine_pearson": 0.005855892395863481,
        "cosine_spearman": 0.006302240455741442,
        "euclidean_pearson": 0.005855892395863477,
        "euclidean_spearman": 0.006302240455741442,
        "hf_subset": "default",
        "languages": [
          "eng-Latn"
        ],
        "main_score": 0.006302240455741442,
        "manhattan_pearson": 0.005855892395863477,
        "manhattan_spearman": 0.006302240455741442,
        "pearson": 0.005855892395863481,
        "spearman": 0.006302240455741442
      }
    ]
  },
  "task_name": "STSBenchmark"
}