{
  "dataset_revision": "2000358ca161889fa9c082cb41daa8dcfb161a54",
  "evaluation_time": 9.097582817077637,
  "kg_co2_emissions": null,
  "mteb_version": "1.14.20",
  "scores": {
    "test": [
      {
        "hf_subset": "default",
        "languages": [
          "eng-Latn"
        ],
        "main_score": 0.4764411981679603,
        "map": 0.4764411981679603,
        "mrr": 0.5965132128567032,
        "nAUC_map_diff1": 0.07615251445318724,
        "nAUC_map_max": 0.22405120510260532,
        "nAUC_map_std": 0.07567026847803056,
        "nAUC_mrr_diff1": 0.15252486742786517,
        "nAUC_mrr_max": 0.28241894179511756,
        "nAUC_mrr_std": 0.12289808580833929
      }
    ]
  },
  "task_name": "AskUbuntuDupQuestions"
}