{
  "dataset_revision": "d3fb88f8f02e40887cd149695127462bbcf29b4a",
  "evaluation_time": 2.2614829540252686,
  "kg_co2_emissions": null,
  "mteb_version": "1.14.20",
  "scores": {
    "test": [
      {
        "cosine_pearson": 0.6651038337650315,
        "cosine_spearman": 0.6918350410391689,
        "euclidean_pearson": 0.6680970063272758,
        "euclidean_spearman": 0.7031846972391461,
        "hf_subset": "default",
        "languages": [
          "eng-Latn"
        ],
        "main_score": 0.6918350410391689,
        "manhattan_pearson": 0.6753290854394157,
        "manhattan_spearman": 0.70807035073075,
        "pearson": 0.6651038337650315,
        "spearman": 0.6918350410391689
      }
    ]
  },
  "task_name": "BIOSSES"
}