{
  "dataset_revision": "59042f120c80e8afa9cdbb224f67076cec0fc9a7",
  "evaluation_time": 132.60128140449524,
  "kg_co2_emissions": null,
  "mteb_version": "1.14.20",
  "scores": {
    "test": [
      {
        "hf_subset": "default",
        "languages": [
          "eng-Latn"
        ],
        "main_score": 0.2887624707249713,
        "map": 0.2887624707249713,
        "mrr": 0.295270831179653,
        "nAUC_map_diff1": 0.2197462996760797,
        "nAUC_map_max": -0.2953013585841231,
        "nAUC_map_std": -0.13165699788257484,
        "nAUC_mrr_diff1": 0.1974533168057234,
        "nAUC_mrr_max": -0.2343411864214107,
        "nAUC_mrr_std": -0.11699298851210564
      }
    ]
  },
  "task_name": "MindSmallReranking"
}