{
  "dataset_revision": "20a6d6f312dd54037fe07a32d58e5e168867909d",
  "evaluation_time": 15.611988067626953,
  "kg_co2_emissions": null,
  "mteb_version": "1.14.20",
  "scores": {
    "test": [
      {
        "cosine_pearson": 0.6189309851337217,
        "cosine_spearman": 0.5512404751775295,
        "euclidean_pearson": 0.5854975208494457,
        "euclidean_spearman": 0.5548307461980161,
        "hf_subset": "default",
        "languages": [
          "eng-Latn"
        ],
        "main_score": 0.5512404751775295,
        "manhattan_pearson": 0.5860757358478693,
        "manhattan_spearman": 0.5557186728897853,
        "pearson": 0.6189309851337217,
        "spearman": 0.5512404751775295
      }
    ]
  },
  "task_name": "SICK-R"
}