{
  "dataset_revision": "a0d554a64d88156834ff5ae9920b964011b16384",
  "evaluation_time": 12.010781288146973,
  "kg_co2_emissions": null,
  "mteb_version": "1.14.20",
  "scores": {
    "test": [
      {
        "cosine_pearson": 0.4903057099052708,
        "cosine_spearman": 0.49674984729999816,
        "euclidean_pearson": 0.4833088929463385,
        "euclidean_spearman": 0.4955967853451707,
        "hf_subset": "default",
        "languages": [
          "eng-Latn"
        ],
        "main_score": 0.49674984729999816,
        "manhattan_pearson": 0.4920747275594637,
        "manhattan_spearman": 0.4993654796402615,
        "pearson": 0.4903057099052708,
        "spearman": 0.49674984729999816
      }
    ]
  },
  "task_name": "STS12"
}