{
  "dataset_revision": "ae752c7c21bf194d8b67fd573edf7ae58183cbe3",
  "evaluation_time": 12.051788806915283,
  "kg_co2_emissions": null,
  "mteb_version": "1.14.20",
  "scores": {
    "test": [
      {
        "cosine_pearson": 0.5211598601966546,
        "cosine_spearman": 0.5439250985004729,
        "euclidean_pearson": 0.5781998386808549,
        "euclidean_spearman": 0.5858245349066995,
        "hf_subset": "default",
        "languages": [
          "eng-Latn"
        ],
        "main_score": 0.5439250985004729,
        "manhattan_pearson": 0.5783617436902153,
        "manhattan_spearman": 0.5862797652030475,
        "pearson": 0.5211598601966546,
        "spearman": 0.5439250985004729
      }
    ]
  },
  "task_name": "STS15"
}