{
  "dataset_revision": "d3c5e1fc0b855ab6097bf1cda04dd73947d7caab",
  "evaluation_time": 1314.2911310195923,
  "kg_co2_emissions": null,
  "mteb_version": "1.14.21",
  "scores": {
    "test": [
      {
        "hf_subset": "default",
        "languages": [
          "eng-Latn"
        ],
        "main_score": 0.784499151974149,
        "map": 0.784499151974149,
        "mrr": 0.9422676905520043,
        "nAUC_map_diff1": 0.04923056567364212,
        "nAUC_map_max": 0.5054068231271386,
        "nAUC_map_std": 0.586572315477092,
        "nAUC_mrr_diff1": 0.45832500559737344,
        "nAUC_mrr_max": 0.7244322621573597,
        "nAUC_mrr_std": 0.6087464130180941
      }
    ]
  },
  "task_name": "SciDocsRR"
}