{
  "dataset_revision": "d3c5e1fc0b855ab6097bf1cda04dd73947d7caab",
  "evaluation_time": 27.871978282928467,
  "kg_co2_emissions": null,
  "mteb_version": "1.14.20",
  "scores": {
    "test": [
      {
        "hf_subset": "default",
        "languages": [
          "eng-Latn"
        ],
        "main_score": 0.49983296489429885,
        "map": 0.49983296489429885,
        "mrr": 0.7440496141476532,
        "nAUC_map_diff1": 0.20452453827409547,
        "nAUC_map_max": 0.41074746075628693,
        "nAUC_map_std": 0.2463876781558734,
        "nAUC_mrr_diff1": 0.4093313148643489,
        "nAUC_mrr_max": 0.453255220778728,
        "nAUC_mrr_std": 0.2015593301667818
      }
    ]
  },
  "task_name": "SciDocsRR"
}