{
  "dataset_revision": "20a6d6f312dd54037fe07a32d58e5e168867909d",
  "evaluation_time": 6.656862735748291,
  "kg_co2_emissions": null,
  "mteb_version": "1.14.20",
  "scores": {
    "test": [
      {
        "cosine_pearson": 0.5416797375607482,
        "cosine_spearman": 0.48970320122997624,
        "euclidean_pearson": 0.5226498221167809,
        "euclidean_spearman": 0.4865499297334156,
        "hf_subset": "default",
        "languages": [
          "eng-Latn"
        ],
        "main_score": 0.48970320122997624,
        "manhattan_pearson": 0.5238211778465351,
        "manhattan_spearman": 0.4874879920609561,
        "pearson": 0.5416797375607482,
        "spearman": 0.48970320122997624
      }
    ]
  },
  "task_name": "SICK-R"
}