{
  "dataset_revision": "6031580fec1f6af667f0bd2da0a551cf4f0b2375",
  "evaluation_time": 4.775041580200195,
  "kg_co2_emissions": null,
  "mteb_version": "1.14.20",
  "scores": {
    "test": [
      {
        "cosine_pearson": 0.40491893892045916,
        "cosine_spearman": 0.404213740724697,
        "euclidean_pearson": 0.45494148745635904,
        "euclidean_spearman": 0.4394592134343031,
        "hf_subset": "default",
        "languages": [
          "eng-Latn"
        ],
        "main_score": 0.404213740724697,
        "manhattan_pearson": 0.457700466573415,
        "manhattan_spearman": 0.4418590612083393,
        "pearson": 0.40491893892045916,
        "spearman": 0.404213740724697
      }
    ]
  },
  "task_name": "STS14"
}