{
  "dataset_revision": "e185fbe320c72810689fc5848eb6114e1ef5ec69",
  "evaluation_time": 1199.6192681789398,
  "kg_co2_emissions": null,
  "mteb_version": "1.14.21",
  "scores": {
    "test": [
      {
        "hf_subset": "default",
        "languages": [
          "eng-Latn"
        ],
        "main_score": 0.483051165880952,
        "map": 0.483051165880952,
        "mrr": 0.4901027077497666,
        "nAUC_map_diff1": 0.33815723002488846,
        "nAUC_map_max": 0.13701326698164226,
        "nAUC_map_std": 0.055997133209891234,
        "nAUC_mrr_diff1": 0.34469425057169256,
        "nAUC_mrr_max": 0.14796797840828144,
        "nAUC_mrr_std": 0.06367996142227243
      }
    ]
  },
  "task_name": "StackOverflowDupQuestions"
}