{
  "dataset_revision": "2000358ca161889fa9c082cb41daa8dcfb161a54",
  "evaluation_time": 7.094819068908691,
  "kg_co2_emissions": null,
  "mteb_version": "1.14.19",
  "scores": {
    "test": [
      {
        "hf_subset": "default",
        "languages": [
          "eng-Latn"
        ],
        "main_score": 0.4430545128181168,
        "map": 0.4430545128181168,
        "mrr": 0.561088027085257,
        "nAUC_map_diff1": 0.1517910308878146,
        "nAUC_map_max": 0.20476042822234605,
        "nAUC_map_std": 0.030392719955489728,
        "nAUC_mrr_diff1": 0.16536803901251007,
        "nAUC_mrr_max": 0.2976672205688811,
        "nAUC_mrr_std": 0.013872604733004884
      }
    ]
  },
  "task_name": "AskUbuntuDupQuestions"
}