{
  "dataset_revision": "d3fb88f8f02e40887cd149695127462bbcf29b4a",
  "evaluation_time": 2.3422343730926514,
  "kg_co2_emissions": null,
  "mteb_version": "1.14.19",
  "scores": {
    "test": [
      {
        "cosine_pearson": 0.35546279099211847,
        "cosine_spearman": 0.4208348902132776,
        "euclidean_pearson": 0.3943300426660505,
        "euclidean_spearman": 0.41888906274374854,
        "hf_subset": "default",
        "languages": [
          "eng-Latn"
        ],
        "main_score": 0.4208348902132776,
        "manhattan_pearson": 0.3969639625586277,
        "manhattan_spearman": 0.41798542769597963,
        "pearson": 0.35546279099211847,
        "spearman": 0.4208348902132776
      }
    ]
  },
  "task_name": "BIOSSES"
}