{
  "dataset_revision": "20a6d6f312dd54037fe07a32d58e5e168867909d",
  "evaluation_time": 11.901952028274536,
  "kg_co2_emissions": null,
  "mteb_version": "1.14.19",
  "scores": {
    "test": [
      {
        "cosine_pearson": 0.3785768880251593,
        "cosine_spearman": 0.49699790788565923,
        "euclidean_pearson": 0.4461905124471469,
        "euclidean_spearman": 0.49649928798969484,
        "hf_subset": "default",
        "languages": [
          "eng-Latn"
        ],
        "main_score": 0.49699790788565923,
        "manhattan_pearson": 0.44887085863787146,
        "manhattan_spearman": 0.49720324550890055,
        "pearson": 0.3785768880251593,
        "spearman": 0.49699790788565923
      }
    ]
  },
  "task_name": "SICK-R"
}