{
  "dataset_revision": "e185fbe320c72810689fc5848eb6114e1ef5ec69",
  "evaluation_time": 29.667093992233276,
  "kg_co2_emissions": null,
  "mteb_version": "1.14.19",
  "scores": {
    "test": [
      {
        "hf_subset": "default",
        "languages": [
          "eng-Latn"
        ],
        "main_score": 0.2990328502918038,
        "map": 0.2990328502918038,
        "mrr": 0.29172223813767933,
        "nAUC_map_diff1": 0.1603278933047085,
        "nAUC_map_max": 0.20838334008842144,
        "nAUC_map_std": 0.0036379236448904994,
        "nAUC_mrr_diff1": 0.15894835997881684,
        "nAUC_mrr_max": 0.20838145415377327,
        "nAUC_mrr_std": 0.005618061661426501
      }
    ]
  },
  "task_name": "StackOverflowDupQuestions"
}