{
  "dataset_revision": "b0fddb56ed78048fa8b90373c8a3cfc37b684831",
  "evaluation_time": 4.015219449996948,
  "kg_co2_emissions": null,
  "mteb_version": "1.14.19",
  "scores": {
    "test": [
      {
        "cosine_pearson": 0.18901176320523344,
        "cosine_spearman": 0.313010238129036,
        "euclidean_pearson": 0.2513481825962106,
        "euclidean_spearman": 0.31964899196239865,
        "hf_subset": "default",
        "languages": [
          "eng-Latn"
        ],
        "main_score": 0.313010238129036,
        "manhattan_pearson": 0.2520782499664744,
        "manhattan_spearman": 0.3204786868119066,
        "pearson": 0.18901176320523344,
        "spearman": 0.313010238129036
      }
    ]
  },
  "task_name": "STSBenchmark"
}