{
  "dataset_revision": "70970daeab8776df92f5ea462b6173c0b46fd2d1",
  "evaluation_time": 7.1507391929626465,
  "kg_co2_emissions": null,
  "mteb_version": "1.14.19",
  "scores": {
    "test": [
      {
        "cosine_accuracy": 0.7937056684746975,
        "cosine_accuracy_threshold": 0.9910277128219604,
        "cosine_ap": 0.46609782170614544,
        "cosine_f1": 0.465788628332798,
        "cosine_f1_threshold": 0.9841607809066772,
        "cosine_precision": 0.39196251576860697,
        "cosine_recall": 0.5738786279683378,
        "dot_accuracy": 0.7743339095189843,
        "dot_accuracy_threshold": 320.68536376953125,
        "dot_ap": 0.32267240593362434,
        "dot_f1": 0.40858018386108275,
        "dot_f1_threshold": 306.76495361328125,
        "dot_precision": 0.30158331239004776,
        "dot_recall": 0.633245382585752,
        "euclidean_accuracy": 0.7937652738868689,
        "euclidean_accuracy_threshold": 2.3672585487365723,
        "euclidean_ap": 0.4662271233097812,
        "euclidean_f1": 0.4651063375013359,
        "euclidean_f1_threshold": 3.1495070457458496,
        "euclidean_precision": 0.3908747979162924,
        "euclidean_recall": 0.5741424802110818,
        "hf_subset": "default",
        "languages": [
          "eng-Latn"
        ],
        "main_score": 0.4666301325613521,
        "manhattan_accuracy": 0.7937056684746975,
        "manhattan_accuracy_threshold": 53.32861328125,
        "manhattan_ap": 0.4666301325613521,
        "manhattan_f1": 0.46642272922944467,
        "manhattan_f1_threshold": 69.43002319335938,
        "manhattan_precision": 0.39385677935296254,
        "manhattan_recall": 0.5717678100263852,
        "max_accuracy": 0.7937652738868689,
        "max_ap": 0.4666301325613521,
        "max_f1": 0.46642272922944467,
        "max_precision": 0.39385677935296254,
        "max_recall": 0.633245382585752,
        "similarity_accuracy": 0.7937056684746975,
        "similarity_accuracy_threshold": 0.9910277128219604,
        "similarity_ap": 0.46609782170614544,
        "similarity_f1": 0.465788628332798,
        "similarity_f1_threshold": 0.9841607809066772,
        "similarity_precision": 0.39196251576860697,
        "similarity_recall": 0.5738786279683378
      }
    ]
  },
  "task_name": "TwitterSemEval2015"
}