{
  "dataset_revision": "2000358ca161889fa9c082cb41daa8dcfb161a54",
  "evaluation_time": 67.34811472892761,
  "kg_co2_emissions": null,
  "mteb_version": "1.14.21",
  "scores": {
    "test": [
      {
        "hf_subset": "default",
        "languages": [
          "eng-Latn"
        ],
        "main_score": 0.5203133585761321,
        "map": 0.5203133585761321,
        "mrr": 0.6623367629600316,
        "nAUC_map_diff1": 0.13137332391071377,
        "nAUC_map_max": 0.19332583527790706,
        "nAUC_map_std": 0.09923465798374093,
        "nAUC_mrr_diff1": 0.16896127063151065,
        "nAUC_mrr_max": 0.22984678021678354,
        "nAUC_mrr_std": 0.09082684386113309
      }
    ]
  },
  "task_name": "AskUbuntuDupQuestions"
}