{
  "dataset_revision": "d3fb88f8f02e40887cd149695127462bbcf29b4a",
  "evaluation_time": 3.1543500423431396,
  "kg_co2_emissions": null,
  "mteb_version": "1.14.20",
  "scores": {
    "test": [
      {
        "cosine_pearson": 0.5483166423183742,
        "cosine_spearman": 0.5989232854275712,
        "euclidean_pearson": 0.5536876253752674,
        "euclidean_spearman": 0.5719226702002367,
        "hf_subset": "default",
        "languages": [
          "eng-Latn"
        ],
        "main_score": 0.5989232854275712,
        "manhattan_pearson": 0.6255179326590219,
        "manhattan_spearman": 0.6192490497687195,
        "pearson": 0.5483166423183742,
        "spearman": 0.5989232854275712
      }
    ]
  },
  "task_name": "BIOSSES"
}