{
  "dataset_revision": "20a6d6f312dd54037fe07a32d58e5e168867909d",
  "evaluation_time": 41.19083595275879,
  "kg_co2_emissions": null,
  "mteb_version": "1.14.20",
  "scores": {
    "test": [
      {
        "cosine_pearson": 0.5935609352885763,
        "cosine_spearman": 0.5468691163782492,
        "euclidean_pearson": 0.5588366469390433,
        "euclidean_spearman": 0.5350230821079224,
        "hf_subset": "default",
        "languages": [
          "eng-Latn"
        ],
        "main_score": 0.5468691163782492,
        "manhattan_pearson": 0.5776090436737222,
        "manhattan_spearman": 0.553322124911833,
        "pearson": 0.5935609352885763,
        "spearman": 0.5468691163782492
      }
    ]
  },
  "task_name": "SICK-R"
}