{
  "dataset_revision": "6031580fec1f6af667f0bd2da0a551cf4f0b2375",
  "evaluation_time": 32.9837212562561,
  "kg_co2_emissions": null,
  "mteb_version": "1.14.20",
  "scores": {
    "test": [
      {
        "cosine_pearson": 0.46789101845130193,
        "cosine_spearman": 0.4594618259372589,
        "euclidean_pearson": 0.47092108901296564,
        "euclidean_spearman": 0.4519445825438822,
        "hf_subset": "default",
        "languages": [
          "eng-Latn"
        ],
        "main_score": 0.4594618259372589,
        "manhattan_pearson": 0.4953519305004778,
        "manhattan_spearman": 0.4749709130127636,
        "pearson": 0.46789101845130193,
        "spearman": 0.4594618259372589
      }
    ]
  },
  "task_name": "STS14"
}