{
  "dataset_revision": "2000358ca161889fa9c082cb41daa8dcfb161a54",
  "evaluation_time": 11.347509145736694,
  "kg_co2_emissions": null,
  "mteb_version": "1.14.20",
  "scores": {
    "test": [
      {
        "hf_subset": "default",
        "languages": [
          "eng-Latn"
        ],
        "main_score": 0.4675655546359375,
        "map": 0.4675655546359375,
        "mrr": 0.5913709712878688,
        "nAUC_map_diff1": 0.15316703752367639,
        "nAUC_map_max": 0.16854788870591933,
        "nAUC_map_std": 0.05485742498860176,
        "nAUC_mrr_diff1": 0.17543436414325725,
        "nAUC_mrr_max": 0.2449991983979654,
        "nAUC_mrr_std": 0.1337927079979585
      }
    ]
  },
  "task_name": "AskUbuntuDupQuestions"
}