{
  "dataset_revision": "d3fb88f8f02e40887cd149695127462bbcf29b4a",
  "evaluation_time": 1.976531982421875,
  "kg_co2_emissions": null,
  "mteb_version": "1.14.20",
  "scores": {
    "test": [
      {
        "cosine_pearson": 0.5275256762869313,
        "cosine_spearman": 0.5221143063672152,
        "euclidean_pearson": 0.46181651957832726,
        "euclidean_spearman": 0.4648539655069263,
        "hf_subset": "default",
        "languages": [
          "eng-Latn"
        ],
        "main_score": 0.5221143063672152,
        "manhattan_pearson": 0.49209286200864755,
        "manhattan_spearman": 0.48883041544106093,
        "pearson": 0.5275256762869313,
        "spearman": 0.5221143063672152
      }
    ]
  },
  "task_name": "BIOSSES"
}