{
  "dataset_revision": "ae752c7c21bf194d8b67fd573edf7ae58183cbe3",
  "evaluation_time": 13.429903745651245,
  "kg_co2_emissions": null,
  "mteb_version": "1.14.20",
  "scores": {
    "test": [
      {
        "cosine_pearson": 0.5350277789702801,
        "cosine_spearman": 0.554839462546622,
        "euclidean_pearson": 0.5139831980009919,
        "euclidean_spearman": 0.5174436546907929,
        "hf_subset": "default",
        "languages": [
          "eng-Latn"
        ],
        "main_score": 0.554839462546622,
        "manhattan_pearson": 0.5538152126810141,
        "manhattan_spearman": 0.557857888351442,
        "pearson": 0.5350277789702801,
        "spearman": 0.554839462546622
      }
    ]
  },
  "task_name": "STS15"
}