{
  "dataset_revision": "7e90230a92c190f1bf69ae9002b8cea547a64cca",
  "evaluation_time": 7.191962957382202,
  "kg_co2_emissions": null,
  "mteb_version": "1.14.20",
  "scores": {
    "test": [
      {
        "cosine_pearson": 0.4963015516542263,
        "cosine_spearman": 0.5020420636610365,
        "euclidean_pearson": 0.5094427039787486,
        "euclidean_spearman": 0.5046070982957461,
        "hf_subset": "default",
        "languages": [
          "eng-Latn"
        ],
        "main_score": 0.5020420636610365,
        "manhattan_pearson": 0.5393314763290185,
        "manhattan_spearman": 0.5318606248770071,
        "pearson": 0.4963015516542263,
        "spearman": 0.5020420636610365
      }
    ]
  },
  "task_name": "STS13"
}