{
  "dataset_revision": "70970daeab8776df92f5ea462b6173c0b46fd2d1",
  "evaluation_time": 17.7435564994812,
  "kg_co2_emissions": null,
  "mteb_version": "1.14.20",
  "scores": {
    "test": [
      {
        "cosine_accuracy": 0.7934076414138403,
        "cosine_accuracy_threshold": 0.793241024017334,
        "cosine_ap": 0.472104122420638,
        "cosine_f1": 0.46921392066196155,
        "cosine_f1_threshold": 0.7100638151168823,
        "cosine_precision": 0.43541102077687444,
        "cosine_recall": 0.5087071240105541,
        "dot_accuracy": 0.7760028610597842,
        "dot_accuracy_threshold": 329.89501953125,
        "dot_ap": 0.3171778642261357,
        "dot_f1": 0.39176791470369454,
        "dot_f1_threshold": 175.29647827148438,
        "dot_precision": 0.2560362988170475,
        "dot_recall": 0.8337730870712401,
        "euclidean_accuracy": 0.7931096143529832,
        "euclidean_accuracy_threshold": 10.507012367248535,
        "euclidean_ap": 0.45783580523164413,
        "euclidean_f1": 0.45379557680812915,
        "euclidean_f1_threshold": 13.46847915649414,
        "euclidean_precision": 0.4148633879781421,
        "euclidean_recall": 0.5007915567282322,
        "hf_subset": "default",
        "languages": [
          "eng-Latn"
        ],
        "main_score": 0.4746644879421401,
        "manhattan_accuracy": 0.7943017225964117,
        "manhattan_accuracy_threshold": 311.4197692871094,
        "manhattan_ap": 0.4746644879421401,
        "manhattan_f1": 0.46884992832726874,
        "manhattan_f1_threshold": 381.5119934082031,
        "manhattan_precision": 0.40272778935404435,
        "manhattan_recall": 0.5609498680738786,
        "max_accuracy": 0.7943017225964117,
        "max_ap": 0.4746644879421401,
        "max_f1": 0.46921392066196155,
        "max_precision": 0.43541102077687444,
        "max_recall": 0.8337730870712401,
        "similarity_accuracy": 0.7934076414138403,
        "similarity_accuracy_threshold": 0.793241024017334,
        "similarity_ap": 0.472104122420638,
        "similarity_f1": 0.46921392066196155,
        "similarity_f1_threshold": 0.7100638151168823,
        "similarity_precision": 0.43541102077687444,
        "similarity_recall": 0.5087071240105541
      }
    ]
  },
  "task_name": "TwitterSemEval2015"
}