{
  "dataset_revision": "d3fb88f8f02e40887cd149695127462bbcf29b4a",
  "evaluation_time": 1.6154005527496338,
  "kg_co2_emissions": null,
  "mteb_version": "1.14.20",
  "scores": {
    "test": [
      {
        "cosine_pearson": 0.5418450815043268,
        "cosine_spearman": 0.5748624962223114,
        "euclidean_pearson": 0.5510383320389665,
        "euclidean_spearman": 0.564302014630719,
        "hf_subset": "default",
        "languages": [
          "eng-Latn"
        ],
        "main_score": 0.5748624962223114,
        "manhattan_pearson": 0.5738153304800505,
        "manhattan_spearman": 0.5798867070879066,
        "pearson": 0.5418450815043268,
        "spearman": 0.5748624962223114
      }
    ]
  },
  "task_name": "BIOSSES"
}