{
  "dataset_revision": "59042f120c80e8afa9cdbb224f67076cec0fc9a7",
  "evaluation_time": 114.37102818489075,
  "kg_co2_emissions": null,
  "mteb_version": "1.14.20",
  "scores": {
    "test": [
      {
        "hf_subset": "default",
        "languages": [
          "eng-Latn"
        ],
        "main_score": 0.26027684939362455,
        "map": 0.26027684939362455,
        "mrr": 0.2642257916257747,
        "nAUC_map_diff1": 0.21686713754054718,
        "nAUC_map_max": -0.2546888873148327,
        "nAUC_map_std": -0.11465020644297956,
        "nAUC_mrr_diff1": 0.19363390544679765,
        "nAUC_mrr_max": -0.1968497166582688,
        "nAUC_mrr_std": -0.0952912298403989
      }
    ]
  },
  "task_name": "MindSmallReranking"
}