{
  "dataset_revision": "d3fb88f8f02e40887cd149695127462bbcf29b4a",
  "evaluation_time": 1.7839539051055908,
  "kg_co2_emissions": null,
  "mteb_version": "1.14.20",
  "scores": {
    "test": [
      {
        "cosine_pearson": 0.5459387532151961,
        "cosine_spearman": 0.5312108991814221,
        "euclidean_pearson": 0.49731697664069724,
        "euclidean_spearman": 0.4858725167180308,
        "hf_subset": "default",
        "languages": [
          "eng-Latn"
        ],
        "main_score": 0.5312108991814221,
        "manhattan_pearson": 0.49719776912692776,
        "manhattan_spearman": 0.48161338352621336,
        "pearson": 0.5459387532151961,
        "spearman": 0.5312108991814221
      }
    ]
  },
  "task_name": "BIOSSES"
}