{
  "dataset_revision": "20a6d6f312dd54037fe07a32d58e5e168867909d",
  "evaluation_time": 11.605071544647217,
  "kg_co2_emissions": null,
  "mteb_version": "1.14.20",
  "scores": {
    "test": [
      {
        "cosine_pearson": 0.4953730138595448,
        "cosine_spearman": 0.4552332881021979,
        "euclidean_pearson": 0.4755949695038922,
        "euclidean_spearman": 0.447415818142338,
        "hf_subset": "default",
        "languages": [
          "eng-Latn"
        ],
        "main_score": 0.4552332881021979,
        "manhattan_pearson": 0.47473239359361097,
        "manhattan_spearman": 0.446417119798352,
        "pearson": 0.4953730138595448,
        "spearman": 0.4552332881021979
      }
    ]
  },
  "task_name": "SICK-R"
}