{
  "dataset_revision": "6031580fec1f6af667f0bd2da0a551cf4f0b2375",
  "evaluation_time": 9.817755937576294,
  "kg_co2_emissions": null,
  "mteb_version": "1.14.20",
  "scores": {
    "test": [
      {
        "cosine_pearson": 0.17075065125320688,
        "cosine_spearman": 0.21769880382732928,
        "euclidean_pearson": 0.18665771515687124,
        "euclidean_spearman": 0.20988760867375192,
        "hf_subset": "default",
        "languages": [
          "eng-Latn"
        ],
        "main_score": 0.21769880382732928,
        "manhattan_pearson": 0.18675170739666092,
        "manhattan_spearman": 0.20991639777727658,
        "pearson": 0.17075065125320688,
        "spearman": 0.21769880382732928
      }
    ]
  },
  "task_name": "STS14"
}