{
  "dataset_revision": "ae752c7c21bf194d8b67fd573edf7ae58183cbe3",
  "evaluation_time": 9.566399574279785,
  "kg_co2_emissions": null,
  "mteb_version": "1.14.20",
  "scores": {
    "test": [
      {
        "cosine_pearson": 0.32159096616857863,
        "cosine_spearman": 0.33646502988991345,
        "euclidean_pearson": 0.33400799016365323,
        "euclidean_spearman": 0.3153262769644789,
        "hf_subset": "default",
        "languages": [
          "eng-Latn"
        ],
        "main_score": 0.33646502988991345,
        "manhattan_pearson": 0.3336535190831434,
        "manhattan_spearman": 0.3153422820610907,
        "pearson": 0.32159096616857863,
        "spearman": 0.33646502988991345
      }
    ]
  },
  "task_name": "STS15"
}