{
  "dataset_revision": "2000358ca161889fa9c082cb41daa8dcfb161a54",
  "evaluation_time": 6.903542518615723,
  "kg_co2_emissions": null,
  "mteb_version": "1.14.20",
  "scores": {
    "test": [
      {
        "hf_subset": "default",
        "languages": [
          "eng-Latn"
        ],
        "main_score": 0.4581048923530733,
        "map": 0.4581048923530733,
        "mrr": 0.5884568878336192,
        "nAUC_map_diff1": 0.1061661260394306,
        "nAUC_map_max": 0.1464418770898115,
        "nAUC_map_std": 0.1108493937546764,
        "nAUC_mrr_diff1": 0.19135675054636903,
        "nAUC_mrr_max": 0.1559076835005807,
        "nAUC_mrr_std": 0.1179213480365042
      }
    ]
  },
  "task_name": "AskUbuntuDupQuestions"
}