{
  "dataset_revision": "d3fb88f8f02e40887cd149695127462bbcf29b4a",
  "evaluation_time": 1.7287647724151611,
  "kg_co2_emissions": null,
  "mteb_version": "1.14.20",
  "scores": {
    "test": [
      {
        "cosine_pearson": 0.5716216444623191,
        "cosine_spearman": 0.5737178918284709,
        "euclidean_pearson": 0.49012892987557716,
        "euclidean_spearman": 0.5194154496912121,
        "hf_subset": "default",
        "languages": [
          "eng-Latn"
        ],
        "main_score": 0.5737178918284709,
        "manhattan_pearson": 0.49768443182416067,
        "manhattan_spearman": 0.52226491220851,
        "pearson": 0.5716216444623191,
        "spearman": 0.5737178918284709
      }
    ]
  },
  "task_name": "BIOSSES"
}