{
  "dataset_revision": "8b6510b0b1fa4e4c4f879467980e9be563ec1cdf",
  "evaluation_time": 41.35965013504028,
  "kg_co2_emissions": null,
  "mteb_version": "1.14.20",
  "scores": {
    "test": [
      {
        "cosine_accuracy": 0.836690340357822,
        "cosine_accuracy_threshold": 0.8223106861114502,
        "cosine_ap": 0.7025093883799117,
        "cosine_f1": 0.6254356098537953,
        "cosine_f1_threshold": 0.7949264049530029,
        "cosine_precision": 0.6518326793019955,
        "cosine_recall": 0.601093316907915,
        "dot_accuracy": 0.7670469980983429,
        "dot_accuracy_threshold": 429.867431640625,
        "dot_ap": 0.4673583982118136,
        "dot_f1": 0.4765096618357488,
        "dot_f1_threshold": 341.5823974609375,
        "dot_precision": 0.3919630439101927,
        "dot_recall": 0.6075608253772713,
        "euclidean_accuracy": 0.8315286994993596,
        "euclidean_accuracy_threshold": 12.571406364440918,
        "euclidean_ap": 0.6890088674700094,
        "euclidean_f1": 0.6095238095238096,
        "euclidean_f1_threshold": 13.45742130279541,
        "euclidean_precision": 0.6404341926729986,
        "euclidean_recall": 0.5814598090545119,
        "hf_subset": "default",
        "languages": [
          "eng-Latn"
        ],
        "main_score": 0.7025093883799117,
        "manhattan_accuracy": 0.8315092948344782,
        "manhattan_accuracy_threshold": 316.78076171875,
        "manhattan_ap": 0.6888333145724153,
        "manhattan_f1": 0.609475749929913,
        "manhattan_f1_threshold": 344.64727783203125,
        "manhattan_precision": 0.6350888907436775,
        "manhattan_recall": 0.5858484755158608,
        "max_accuracy": 0.836690340357822,
        "max_ap": 0.7025093883799117,
        "max_f1": 0.6254356098537953,
        "max_precision": 0.6518326793019955,
        "max_recall": 0.6075608253772713,
        "similarity_accuracy": 0.836690340357822,
        "similarity_accuracy_threshold": 0.8223106861114502,
        "similarity_ap": 0.7025093883799117,
        "similarity_f1": 0.6254356098537953,
        "similarity_f1_threshold": 0.7949264049530029,
        "similarity_precision": 0.6518326793019955,
        "similarity_recall": 0.601093316907915
      }
    ]
  },
  "task_name": "TwitterURLCorpus"
}