{
  "dataset_revision": "59042f120c80e8afa9cdbb224f67076cec0fc9a7",
  "evaluation_time": 131.78879022598267,
  "kg_co2_emissions": null,
  "mteb_version": "1.14.19",
  "scores": {
    "test": [
      {
        "hf_subset": "default",
        "languages": [
          "eng-Latn"
        ],
        "main_score": 0.2810385618445208,
        "map": 0.2810385618445208,
        "mrr": 0.2885116256225534,
        "nAUC_map_diff1": 0.19339587497849317,
        "nAUC_map_max": -0.25179433582241767,
        "nAUC_map_std": 0.063494102374102,
        "nAUC_mrr_diff1": 0.17326059491041096,
        "nAUC_mrr_max": -0.1953590088498554,
        "nAUC_mrr_std": 0.05866914254279254
      }
    ]
  },
  "task_name": "MindSmallReranking"
}