{
  "dataset_revision": "d3c5e1fc0b855ab6097bf1cda04dd73947d7caab",
  "evaluation_time": 49.47312593460083,
  "kg_co2_emissions": null,
  "mteb_version": "1.14.19",
  "scores": {
    "test": [
      {
        "hf_subset": "default",
        "languages": [
          "eng-Latn"
        ],
        "main_score": 0.5427023680293581,
        "map": 0.5427023680293581,
        "mrr": 0.7844127822068998,
        "nAUC_map_diff1": 0.20514067450876988,
        "nAUC_map_max": 0.43670544778326437,
        "nAUC_map_std": 0.3141341880826994,
        "nAUC_mrr_diff1": 0.44371300497694105,
        "nAUC_mrr_max": 0.5315312709849104,
        "nAUC_mrr_std": 0.3014929322322128
      }
    ]
  },
  "task_name": "SciDocsRR"
}