{
  "dataset_revision": "e185fbe320c72810689fc5848eb6114e1ef5ec69",
  "evaluation_time": 36.59489059448242,
  "kg_co2_emissions": null,
  "mteb_version": "1.14.19",
  "scores": {
    "test": [
      {
        "hf_subset": "default",
        "languages": [
          "eng-Latn"
        ],
        "main_score": 0.36804120780089883,
        "map": 0.36804120780089883,
        "mrr": 0.36717238031576266,
        "nAUC_map_diff1": 0.31693449474532787,
        "nAUC_map_max": 0.23029246997034258,
        "nAUC_map_std": 0.0970317214334779,
        "nAUC_mrr_diff1": 0.3131720320350903,
        "nAUC_mrr_max": 0.23855579700760948,
        "nAUC_mrr_std": 0.10102211966225993
      }
    ]
  },
  "task_name": "StackOverflowDupQuestions"
}