{
  "dataset_revision": "2000358ca161889fa9c082cb41daa8dcfb161a54",
  "evaluation_time": 6.659148693084717,
  "kg_co2_emissions": null,
  "mteb_version": "1.14.20",
  "scores": {
    "test": [
      {
        "hf_subset": "default",
        "languages": [
          "eng-Latn"
        ],
        "main_score": 0.48024497583727865,
        "map": 0.48024497583727865,
        "mrr": 0.6064173591874422,
        "nAUC_map_diff1": 0.11779644509656031,
        "nAUC_map_max": 0.1972645915696604,
        "nAUC_map_std": 0.11713899629658367,
        "nAUC_mrr_diff1": 0.16507389511641374,
        "nAUC_mrr_max": 0.2505522696483663,
        "nAUC_mrr_std": 0.14927400438484947
      }
    ]
  },
  "task_name": "AskUbuntuDupQuestions"
}