{
  "dataset_revision": "d66bd1f72af766a5cc4b0ca5e00c162f89e8cc46",
  "evaluation_time": 17.90415382385254,
  "kg_co2_emissions": null,
  "mteb_version": "1.14.19",
  "scores": {
    "test": [
      {
        "cosine_accuracy": 0.9928316831683168,
        "cosine_accuracy_threshold": 0.7660965919494629,
        "cosine_ap": 0.577274077691115,
        "cosine_f1": 0.5628192032686414,
        "cosine_f1_threshold": 0.7157641649246216,
        "cosine_precision": 0.5751565762004175,
        "cosine_recall": 0.551,
        "dot_accuracy": 0.9911980198019802,
        "dot_accuracy_threshold": 1238.4619140625,
        "dot_ap": 0.39450356569889355,
        "dot_f1": 0.41717171717171714,
        "dot_f1_threshold": 1089.9940185546875,
        "dot_precision": 0.42142857142857143,
        "dot_recall": 0.413,
        "euclidean_accuracy": 0.9921980198019802,
        "euclidean_accuracy_threshold": 24.24335479736328,
        "euclidean_ap": 0.4676024919196059,
        "euclidean_f1": 0.4886877828054299,
        "euclidean_f1_threshold": 26.955188751220703,
        "euclidean_precision": 0.5625,
        "euclidean_recall": 0.432,
        "hf_subset": "default",
        "languages": [
          "eng-Latn"
        ],
        "main_score": 0.577274077691115,
        "manhattan_accuracy": 0.9923762376237624,
        "manhattan_accuracy_threshold": 609.696533203125,
        "manhattan_ap": 0.49562818529586417,
        "manhattan_f1": 0.5128491620111731,
        "manhattan_f1_threshold": 680.8270263671875,
        "manhattan_precision": 0.5810126582278481,
        "manhattan_recall": 0.459,
        "max_accuracy": 0.9928316831683168,
        "max_ap": 0.577274077691115,
        "max_f1": 0.5628192032686414,
        "max_precision": 0.5810126582278481,
        "max_recall": 0.551,
        "similarity_accuracy": 0.9928316831683168,
        "similarity_accuracy_threshold": 0.7660965919494629,
        "similarity_ap": 0.577274077691115,
        "similarity_f1": 0.5628192032686414,
        "similarity_f1_threshold": 0.7157641649246216,
        "similarity_precision": 0.5751565762004175,
        "similarity_recall": 0.551
      }
    ],
    "validation": [
      {
        "cosine_accuracy": 0.9921386138613861,
        "cosine_accuracy_threshold": 0.76312255859375,
        "cosine_ap": 0.5016780595961948,
        "cosine_f1": 0.5181347150259067,
        "cosine_f1_threshold": 0.7154546976089478,
        "cosine_precision": 0.5376344086021505,
        "cosine_recall": 0.5,
        "dot_accuracy": 0.9906534653465346,
        "dot_accuracy_threshold": 1316.456787109375,
        "dot_ap": 0.33768955810161133,
        "dot_f1": 0.37397673416630756,
        "dot_f1_threshold": 1067.137451171875,
        "dot_precision": 0.3285389856169568,
        "dot_recall": 0.434,
        "euclidean_accuracy": 0.9916732673267327,
        "euclidean_accuracy_threshold": 24.103511810302734,
        "euclidean_ap": 0.39915113974848826,
        "euclidean_f1": 0.44326617179215266,
        "euclidean_f1_threshold": 27.633865356445312,
        "euclidean_precision": 0.4717832957110609,
        "euclidean_recall": 0.418,
        "hf_subset": "default",
        "languages": [
          "eng-Latn"
        ],
        "main_score": 0.5016780595961948,
        "manhattan_accuracy": 0.9918019801980198,
        "manhattan_accuracy_threshold": 607.30224609375,
        "manhattan_ap": 0.42683822236824764,
        "manhattan_f1": 0.46564452015900054,
        "manhattan_f1_threshold": 685.656982421875,
        "manhattan_precision": 0.5387647831800263,
        "manhattan_recall": 0.41,
        "max_accuracy": 0.9921386138613861,
        "max_ap": 0.5016780595961948,
        "max_f1": 0.5181347150259067,
        "max_precision": 0.5387647831800263,
        "max_recall": 0.5,
        "similarity_accuracy": 0.9921386138613861,
        "similarity_accuracy_threshold": 0.76312255859375,
        "similarity_ap": 0.5016780595961948,
        "similarity_f1": 0.5181347150259067,
        "similarity_f1_threshold": 0.7154546976089478,
        "similarity_precision": 0.5376344086021505,
        "similarity_recall": 0.5
      }
    ]
  },
  "task_name": "SprintDuplicateQuestions"
}