{
  "dataset_revision": "59042f120c80e8afa9cdbb224f67076cec0fc9a7",
  "evaluation_time": 108.79015803337097,
  "kg_co2_emissions": null,
  "mteb_version": "1.14.20",
  "scores": {
    "test": [
      {
        "hf_subset": "default",
        "languages": [
          "eng-Latn"
        ],
        "main_score": 0.2571826270435273,
        "map": 0.2571826270435273,
        "mrr": 0.2627369831558701,
        "nAUC_map_diff1": 0.11680373673351739,
        "nAUC_map_max": -0.18689567313567973,
        "nAUC_map_std": -0.07079090974666137,
        "nAUC_mrr_diff1": 0.12162254929524892,
        "nAUC_mrr_max": -0.11459668197202127,
        "nAUC_mrr_std": -0.026383273041570135
      }
    ]
  },
  "task_name": "MindSmallReranking"
}