{
  "dataset_revision": "e185fbe320c72810689fc5848eb6114e1ef5ec69",
  "evaluation_time": 23.870939016342163,
  "kg_co2_emissions": null,
  "mteb_version": "1.14.20",
  "scores": {
    "test": [
      {
        "hf_subset": "default",
        "languages": [
          "eng-Latn"
        ],
        "main_score": 0.285790711361713,
        "map": 0.285790711361713,
        "mrr": 0.27622297024870557,
        "nAUC_map_diff1": 0.24018681055935334,
        "nAUC_map_max": 0.22053716821034844,
        "nAUC_map_std": 0.05408974387020835,
        "nAUC_mrr_diff1": 0.2292954076017573,
        "nAUC_mrr_max": 0.2182595875741595,
        "nAUC_mrr_std": 0.05438258441361652
      }
    ]
  },
  "task_name": "StackOverflowDupQuestions"
}