{
  "dataset_revision": "6031580fec1f6af667f0bd2da0a551cf4f0b2375",
  "evaluation_time": 5.2173755168914795,
  "kg_co2_emissions": null,
  "mteb_version": "1.14.20",
  "scores": {
    "test": [
      {
        "cosine_pearson": 0.27698153352290933,
        "cosine_spearman": 0.2813790075824264,
        "euclidean_pearson": 0.29012111838691534,
        "euclidean_spearman": 0.2765286476158075,
        "hf_subset": "default",
        "languages": [
          "eng-Latn"
        ],
        "main_score": 0.2813790075824264,
        "manhattan_pearson": 0.2894103463059826,
        "manhattan_spearman": 0.2757751137826661,
        "pearson": 0.27698153352290933,
        "spearman": 0.2813790075824264
      }
    ]
  },
  "task_name": "STS14"
}