{
  "dataset_revision": "ae752c7c21bf194d8b67fd573edf7ae58183cbe3",
  "evaluation_time": 4.997485637664795,
  "kg_co2_emissions": null,
  "mteb_version": "1.14.20",
  "scores": {
    "test": [
      {
        "cosine_pearson": 0.4322766573173694,
        "cosine_spearman": 0.4266698266922613,
        "euclidean_pearson": 0.4032633570095607,
        "euclidean_spearman": 0.37699911415433623,
        "hf_subset": "default",
        "languages": [
          "eng-Latn"
        ],
        "main_score": 0.4266698266922613,
        "manhattan_pearson": 0.4037656318142485,
        "manhattan_spearman": 0.3774042602365179,
        "pearson": 0.4322766573173694,
        "spearman": 0.4266698266922613
      }
    ]
  },
  "task_name": "STS15"
}