{
  "dataset_revision": "59042f120c80e8afa9cdbb224f67076cec0fc9a7",
  "evaluation_time": 132.91085767745972,
  "kg_co2_emissions": null,
  "mteb_version": "1.14.19",
  "scores": {
    "test": [
      {
        "hf_subset": "default",
        "languages": [
          "eng-Latn"
        ],
        "main_score": 0.2839072706423797,
        "map": 0.2839072706423797,
        "mrr": 0.29124387963197906,
        "nAUC_map_diff1": 0.18676422173379278,
        "nAUC_map_max": -0.2556028607824211,
        "nAUC_map_std": -0.12181326264274919,
        "nAUC_mrr_diff1": 0.16754397411693633,
        "nAUC_mrr_max": -0.1960664296327338,
        "nAUC_mrr_std": -0.10852466802522875
      }
    ]
  },
  "task_name": "MindSmallReranking"
}