{
  "dataset_revision": "d3c5e1fc0b855ab6097bf1cda04dd73947d7caab",
  "evaluation_time": 73.18885779380798,
  "kg_co2_emissions": null,
  "mteb_version": "1.14.19",
  "scores": {
    "test": [
      {
        "hf_subset": "default",
        "languages": [
          "eng-Latn"
        ],
        "main_score": 0.5404249315409342,
        "map": 0.5404249315409342,
        "mrr": 0.7744615225007382,
        "nAUC_map_diff1": 0.15689433891372107,
        "nAUC_map_max": 0.43050471976794347,
        "nAUC_map_std": 0.3236236096883279,
        "nAUC_mrr_diff1": 0.3462984788056981,
        "nAUC_mrr_max": 0.525352136790996,
        "nAUC_mrr_std": 0.29228699625965715
      }
    ]
  },
  "task_name": "SciDocsRR"
}