{
  "dataset_revision": "2000358ca161889fa9c082cb41daa8dcfb161a54",
  "evaluation_time": 89.35348153114319,
  "kg_co2_emissions": null,
  "mteb_version": "1.14.21",
  "scores": {
    "test": [
      {
        "hf_subset": "default",
        "languages": [
          "eng-Latn"
        ],
        "main_score": 0.5365951790570559,
        "map": 0.5365951790570559,
        "mrr": 0.672708086004485,
        "nAUC_map_diff1": 0.11256216899713364,
        "nAUC_map_max": 0.22465129166605302,
        "nAUC_map_std": 0.15731388664590656,
        "nAUC_mrr_diff1": 0.13640963999470598,
        "nAUC_mrr_max": 0.2675048073987778,
        "nAUC_mrr_std": 0.1649016173539569
      }
    ]
  },
  "task_name": "AskUbuntuDupQuestions"
}