{
  "dataset_revision": "59042f120c80e8afa9cdbb224f67076cec0fc9a7",
  "evaluation_time": 623.4158048629761,
  "kg_co2_emissions": null,
  "mteb_version": "1.14.21",
  "scores": {
    "test": [
      {
        "hf_subset": "default",
        "languages": [
          "eng-Latn"
        ],
        "main_score": 0.3248337177848054,
        "map": 0.3248337177848054,
        "mrr": 0.3376014187663093,
        "nAUC_map_diff1": 0.13357267727752453,
        "nAUC_map_max": -0.2203374184269825,
        "nAUC_map_std": -0.033516431746332766,
        "nAUC_mrr_diff1": 0.12191501708819037,
        "nAUC_mrr_max": -0.16487498966338957,
        "nAUC_mrr_std": -0.010548392333416243
      }
    ]
  },
  "task_name": "MindSmallReranking"
}