{
  "dataset_revision": "6031580fec1f6af667f0bd2da0a551cf4f0b2375",
  "evaluation_time": 136.28878617286682,
  "kg_co2_emissions": null,
  "mteb_version": "1.14.21",
  "scores": {
    "test": [
      {
        "cosine_pearson": 0.7234898642216282,
        "cosine_spearman": 0.6855358656371816,
        "euclidean_pearson": 0.7199592529530373,
        "euclidean_spearman": 0.6879606129054249,
        "hf_subset": "default",
        "languages": [
          "eng-Latn"
        ],
        "main_score": 0.6855358656371816,
        "manhattan_pearson": 0.7240584475540689,
        "manhattan_spearman": 0.6920145108205351,
        "pearson": 0.7234898642216282,
        "spearman": 0.6855358656371816
      }
    ]
  },
  "task_name": "STS14"
}