{
  "dataset_revision": "2000358ca161889fa9c082cb41daa8dcfb161a54",
  "evaluation_time": 6.1842944622039795,
  "kg_co2_emissions": null,
  "mteb_version": "1.14.19",
  "scores": {
    "test": [
      {
        "hf_subset": "default",
        "languages": [
          "eng-Latn"
        ],
        "main_score": 0.3971307068846659,
        "map": 0.3971307068846659,
        "mrr": 0.4842643890427824,
        "nAUC_map_diff1": 0.03910643610894795,
        "nAUC_map_max": 0.0804122185805878,
        "nAUC_map_std": -0.0679287644461773,
        "nAUC_mrr_diff1": 0.07966631798574149,
        "nAUC_mrr_max": 0.14354110275403487,
        "nAUC_mrr_std": -0.03549612868052112
      }
    ]
  },
  "task_name": "AskUbuntuDupQuestions"
}