{
  "dataset_revision": "d3c5e1fc0b855ab6097bf1cda04dd73947d7caab",
  "evaluation_time": 79.51133465766907,
  "kg_co2_emissions": null,
  "mteb_version": "1.14.20",
  "scores": {
    "test": [
      {
        "hf_subset": "default",
        "languages": [
          "eng-Latn"
        ],
        "main_score": 0.5881375940704963,
        "map": 0.5881375940704963,
        "mrr": 0.8227045376555181,
        "nAUC_map_diff1": 0.17887006711055384,
        "nAUC_map_max": 0.45083378507555205,
        "nAUC_map_std": 0.4054813299665789,
        "nAUC_mrr_diff1": 0.41774892661167917,
        "nAUC_mrr_max": 0.5564353366946915,
        "nAUC_mrr_std": 0.389556192307118
      }
    ]
  },
  "task_name": "SciDocsRR"
}