{
  "dataset_revision": "20a6d6f312dd54037fe07a32d58e5e168867909d",
  "evaluation_time": 14.676365613937378,
  "kg_co2_emissions": null,
  "mteb_version": "1.14.20",
  "scores": {
    "test": [
      {
        "cosine_pearson": 0.6162223191677971,
        "cosine_spearman": 0.5683258608551012,
        "euclidean_pearson": 0.5804928652927757,
        "euclidean_spearman": 0.5663290880513323,
        "hf_subset": "default",
        "languages": [
          "eng-Latn"
        ],
        "main_score": 0.5683258608551012,
        "manhattan_pearson": 0.5803258141032018,
        "manhattan_spearman": 0.5664268419713806,
        "pearson": 0.6162223191677971,
        "spearman": 0.5683258608551012
      }
    ]
  },
  "task_name": "SICK-R"
}