{
  "dataset_revision": "6031580fec1f6af667f0bd2da0a551cf4f0b2375",
  "evaluation_time": 12.399115562438965,
  "kg_co2_emissions": null,
  "mteb_version": "1.14.20",
  "scores": {
    "test": [
      {
        "cosine_pearson": 0.5235601556069378,
        "cosine_spearman": 0.49124019114400674,
        "euclidean_pearson": 0.5192956463592925,
        "euclidean_spearman": 0.4964518009331676,
        "hf_subset": "default",
        "languages": [
          "eng-Latn"
        ],
        "main_score": 0.49124019114400674,
        "manhattan_pearson": 0.5218315980693499,
        "manhattan_spearman": 0.4990129878671833,
        "pearson": 0.5235601556069378,
        "spearman": 0.49124019114400674
      }
    ]
  },
  "task_name": "STS14"
}