{
  "dataset_revision": "ae752c7c21bf194d8b67fd573edf7ae58183cbe3",
  "evaluation_time": 11.008799314498901,
  "kg_co2_emissions": null,
  "mteb_version": "1.14.20",
  "scores": {
    "test": [
      {
        "cosine_pearson": 0.6273561259244823,
        "cosine_spearman": 0.6365626005744124,
        "euclidean_pearson": 0.6097907788013163,
        "euclidean_spearman": 0.6186375781186468,
        "hf_subset": "default",
        "languages": [
          "eng-Latn"
        ],
        "main_score": 0.6365626005744124,
        "manhattan_pearson": 0.6104888120884755,
        "manhattan_spearman": 0.6190589222615596,
        "pearson": 0.6273561259244823,
        "spearman": 0.6365626005744124
      }
    ]
  },
  "task_name": "STS15"
}