{
  "dataset_revision": "a0d554a64d88156834ff5ae9920b964011b16384",
  "evaluation_time": 10.82370662689209,
  "kg_co2_emissions": null,
  "mteb_version": "1.14.20",
  "scores": {
    "test": [
      {
        "cosine_pearson": 0.439422273888159,
        "cosine_spearman": 0.43931415837779564,
        "euclidean_pearson": 0.42998343681777734,
        "euclidean_spearman": 0.42743064408649273,
        "hf_subset": "default",
        "languages": [
          "eng-Latn"
        ],
        "main_score": 0.43931415837779564,
        "manhattan_pearson": 0.4337223837469884,
        "manhattan_spearman": 0.42803012584238836,
        "pearson": 0.439422273888159,
        "spearman": 0.43931415837779564
      }
    ]
  },
  "task_name": "STS12"
}