{
  "dataset_revision": "b0fddb56ed78048fa8b90373c8a3cfc37b684831",
  "evaluation_time": 5.474629163742065,
  "kg_co2_emissions": null,
  "mteb_version": "1.14.20",
  "scores": {
    "test": [
      {
        "cosine_pearson": 0.53032825702303,
        "cosine_spearman": 0.5166639887837658,
        "euclidean_pearson": 0.5226075108192199,
        "euclidean_spearman": 0.5206125408393868,
        "hf_subset": "default",
        "languages": [
          "eng-Latn"
        ],
        "main_score": 0.5166639887837658,
        "manhattan_pearson": 0.5225185421039771,
        "manhattan_spearman": 0.5198402398657714,
        "pearson": 0.53032825702303,
        "spearman": 0.5166639887837658
      }
    ]
  },
  "task_name": "STSBenchmark"
}