{
  "dataset_revision": "e185fbe320c72810689fc5848eb6114e1ef5ec69",
  "evaluation_time": 16.817975521087646,
  "kg_co2_emissions": null,
  "mteb_version": "1.14.20",
  "scores": {
    "test": [
      {
        "hf_subset": "default",
        "languages": [
          "eng-Latn"
        ],
        "main_score": 0.3396023612931995,
        "map": 0.3396023612931995,
        "mrr": 0.33618631164587043,
        "nAUC_map_diff1": 0.31890879374685693,
        "nAUC_map_max": 0.2549753956246178,
        "nAUC_map_std": 0.14741710962610768,
        "nAUC_mrr_diff1": 0.31525708895172466,
        "nAUC_mrr_max": 0.2651617542164336,
        "nAUC_mrr_std": 0.16019133873023159
      }
    ]
  },
  "task_name": "StackOverflowDupQuestions"
}