{
  "dataset_revision": "d3fb88f8f02e40887cd149695127462bbcf29b4a",
  "evaluation_time": 1.931786298751831,
  "kg_co2_emissions": null,
  "mteb_version": "1.14.20",
  "scores": {
    "test": [
      {
        "cosine_pearson": 0.6618029225536564,
        "cosine_spearman": 0.6928290395917147,
        "euclidean_pearson": 0.6344737517827542,
        "euclidean_spearman": 0.64637014966909,
        "hf_subset": "default",
        "languages": [
          "eng-Latn"
        ],
        "main_score": 0.6928290395917147,
        "manhattan_pearson": 0.6320877268559785,
        "manhattan_spearman": 0.6451472302377761,
        "pearson": 0.6618029225536564,
        "spearman": 0.6928290395917147
      }
    ]
  },
  "task_name": "BIOSSES"
}