{
  "dataset_revision": "4d8694f8f0e0100860b497b999b3dbed754a0513",
  "evaluation_time": 6.53033709526062,
  "kg_co2_emissions": null,
  "mteb_version": "1.14.20",
  "scores": {
    "test": [
      {
        "cosine_pearson": 0.5600647860021981,
        "cosine_spearman": 0.5597457640227402,
        "euclidean_pearson": 0.5451752690056636,
        "euclidean_spearman": 0.5426669729452296,
        "hf_subset": "default",
        "languages": [
          "eng-Latn"
        ],
        "main_score": 0.5597457640227402,
        "manhattan_pearson": 0.5464067718766561,
        "manhattan_spearman": 0.5438741900007023,
        "pearson": 0.5600647860021981,
        "spearman": 0.5597457640227402
      }
    ]
  },
  "task_name": "STS16"
}