{
  "dataset_revision": "a0d554a64d88156834ff5ae9920b964011b16384",
  "evaluation_time": 9.529636144638062,
  "kg_co2_emissions": null,
  "mteb_version": "1.14.20",
  "scores": {
    "test": [
      {
        "cosine_pearson": 0.39870442883994983,
        "cosine_spearman": 0.4104374836635545,
        "euclidean_pearson": 0.40410752547742107,
        "euclidean_spearman": 0.40038203577751424,
        "hf_subset": "default",
        "languages": [
          "eng-Latn"
        ],
        "main_score": 0.4104374836635545,
        "manhattan_pearson": 0.4069724224118134,
        "manhattan_spearman": 0.4009435205759565,
        "pearson": 0.39870442883994983,
        "spearman": 0.4104374836635545
      }
    ]
  },
  "task_name": "STS12"
}