{
  "dataset_revision": "20a6d6f312dd54037fe07a32d58e5e168867909d",
  "evaluation_time": 15.303303241729736,
  "kg_co2_emissions": null,
  "mteb_version": "1.14.20",
  "scores": {
    "test": [
      {
        "cosine_pearson": 0.5706004533365615,
        "cosine_spearman": 0.5190242403470859,
        "euclidean_pearson": 0.5437545570951188,
        "euclidean_spearman": 0.5115728915733883,
        "hf_subset": "default",
        "languages": [
          "eng-Latn"
        ],
        "main_score": 0.5190242403470859,
        "manhattan_pearson": 0.5436827774234396,
        "manhattan_spearman": 0.5112598084316916,
        "pearson": 0.5706004533365615,
        "spearman": 0.5190242403470859
      }
    ]
  },
  "task_name": "SICK-R"
}