{
  "dataset_revision": "7e90230a92c190f1bf69ae9002b8cea547a64cca",
  "evaluation_time": 8.796892642974854,
  "kg_co2_emissions": null,
  "mteb_version": "1.14.20",
  "scores": {
    "test": [
      {
        "cosine_pearson": 0.497286979933187,
        "cosine_spearman": 0.4995965861853497,
        "euclidean_pearson": 0.49391360959106845,
        "euclidean_spearman": 0.49328390118555665,
        "hf_subset": "default",
        "languages": [
          "eng-Latn"
        ],
        "main_score": 0.4995965861853497,
        "manhattan_pearson": 0.49247555736829746,
        "manhattan_spearman": 0.4917869218701183,
        "pearson": 0.497286979933187,
        "spearman": 0.4995965861853497
      }
    ]
  },
  "task_name": "STS13"
}