{
  "dataset_revision": "6031580fec1f6af667f0bd2da0a551cf4f0b2375",
  "evaluation_time": 13.240911483764648,
  "kg_co2_emissions": null,
  "mteb_version": "1.14.20",
  "scores": {
    "test": [
      {
        "cosine_pearson": 0.4715270897017712,
        "cosine_spearman": 0.44251448430116996,
        "euclidean_pearson": 0.45934108839264887,
        "euclidean_spearman": 0.4363254885086063,
        "hf_subset": "default",
        "languages": [
          "eng-Latn"
        ],
        "main_score": 0.44251448430116996,
        "manhattan_pearson": 0.46003224103504026,
        "manhattan_spearman": 0.4365921776682084,
        "pearson": 0.4715270897017712,
        "spearman": 0.44251448430116996
      }
    ]
  },
  "task_name": "STS14"
}