{
  "dataset_revision": "d3fb88f8f02e40887cd149695127462bbcf29b4a",
  "evaluation_time": 2.3430867195129395,
  "kg_co2_emissions": null,
  "mteb_version": "1.14.19",
  "scores": {
    "test": [
      {
        "cosine_pearson": 0.4554538806950293,
        "cosine_spearman": 0.45499831925259354,
        "euclidean_pearson": 0.459260464938717,
        "euclidean_spearman": 0.45346816390503825,
        "hf_subset": "default",
        "languages": [
          "eng-Latn"
        ],
        "main_score": 0.45499831925259354,
        "manhattan_pearson": 0.4654410450361783,
        "manhattan_spearman": 0.45526338553327245,
        "pearson": 0.4554538806950293,
        "spearman": 0.45499831925259354
      }
    ]
  },
  "task_name": "BIOSSES"
}