{
  "dataset_revision": "59042f120c80e8afa9cdbb224f67076cec0fc9a7",
  "evaluation_time": 109.16522145271301,
  "kg_co2_emissions": null,
  "mteb_version": "1.14.19",
  "scores": {
    "test": [
      {
        "hf_subset": "default",
        "languages": [
          "eng-Latn"
        ],
        "main_score": 0.255886875143298,
        "map": 0.255886875143298,
        "mrr": 0.25781860372594534,
        "nAUC_map_diff1": 0.2405314925517934,
        "nAUC_map_max": -0.27497057773472267,
        "nAUC_map_std": -0.13315445606341664,
        "nAUC_mrr_diff1": 0.21108588225264438,
        "nAUC_mrr_max": -0.22209906791764053,
        "nAUC_mrr_std": -0.12429062658560805
      }
    ]
  },
  "task_name": "MindSmallReranking"
}