{
  "dataset_revision": "59042f120c80e8afa9cdbb224f67076cec0fc9a7",
  "evaluation_time": 179.919997215271,
  "kg_co2_emissions": null,
  "mteb_version": "1.14.19",
  "scores": {
    "test": [
      {
        "hf_subset": "default",
        "languages": [
          "eng-Latn"
        ],
        "main_score": 0.2823215137181806,
        "map": 0.2823215137181806,
        "mrr": 0.28728460958753604,
        "nAUC_map_diff1": 0.22168641376501289,
        "nAUC_map_max": -0.2726936283211259,
        "nAUC_map_std": -0.0873672121253553,
        "nAUC_mrr_diff1": 0.19980996839929227,
        "nAUC_mrr_max": -0.21678648847543397,
        "nAUC_mrr_std": -0.08296023255184527
      }
    ]
  },
  "task_name": "MindSmallReranking"
}