{
  "dataset_revision": "d3c5e1fc0b855ab6097bf1cda04dd73947d7caab",
  "evaluation_time": 246.34222769737244,
  "kg_co2_emissions": null,
  "mteb_version": "1.14.19",
  "scores": {
    "test": [
      {
        "hf_subset": "default",
        "languages": [
          "eng-Latn"
        ],
        "main_score": 0.5425423850699737,
        "map": 0.5425423850699737,
        "mrr": 0.7714282721635664,
        "nAUC_map_diff1": 0.12907062680442252,
        "nAUC_map_max": 0.4357898402663786,
        "nAUC_map_std": 0.3423306621654229,
        "nAUC_mrr_diff1": 0.318286057106948,
        "nAUC_mrr_max": 0.5192518240982384,
        "nAUC_mrr_std": 0.3029747398242616
      }
    ]
  },
  "task_name": "SciDocsRR"
}