{
  "dataset_revision": "ae752c7c21bf194d8b67fd573edf7ae58183cbe3",
  "evaluation_time": 18.609312057495117,
  "kg_co2_emissions": null,
  "mteb_version": "1.14.19",
  "scores": {
    "test": [
      {
        "cosine_pearson": 0.5328041685044171,
        "cosine_spearman": 0.5616001671148572,
        "euclidean_pearson": 0.5238621266049664,
        "euclidean_spearman": 0.5375382592837261,
        "hf_subset": "default",
        "languages": [
          "eng-Latn"
        ],
        "main_score": 0.5616001671148572,
        "manhattan_pearson": 0.5633927455813122,
        "manhattan_spearman": 0.5784946660114135,
        "pearson": 0.5328041685044171,
        "spearman": 0.5616001671148572
      }
    ]
  },
  "task_name": "STS15"
}