{
  "dataset_revision": "d3fb88f8f02e40887cd149695127462bbcf29b4a",
  "evaluation_time": 1.639566421508789,
  "kg_co2_emissions": null,
  "mteb_version": "1.14.20",
  "scores": {
    "test": [
      {
        "cosine_pearson": 0.5177395331761793,
        "cosine_spearman": 0.5178130035398353,
        "euclidean_pearson": 0.393537911095757,
        "euclidean_spearman": 0.40449114431596417,
        "hf_subset": "default",
        "languages": [
          "eng-Latn"
        ],
        "main_score": 0.5178130035398353,
        "manhattan_pearson": 0.3976265488273135,
        "manhattan_spearman": 0.3991115036649133,
        "pearson": 0.5177395331761793,
        "spearman": 0.5178130035398353
      }
    ]
  },
  "task_name": "BIOSSES"
}