{
  "dataset_revision": "20a6d6f312dd54037fe07a32d58e5e168867909d",
  "evaluation_time": 5.5766966342926025,
  "kg_co2_emissions": null,
  "mteb_version": "1.14.20",
  "scores": {
    "test": [
      {
        "cosine_pearson": 0.5974182179200583,
        "cosine_spearman": 0.5482452346383422,
        "euclidean_pearson": 0.5423552213051998,
        "euclidean_spearman": 0.5104746146180237,
        "hf_subset": "default",
        "languages": [
          "eng-Latn"
        ],
        "main_score": 0.5482452346383422,
        "manhattan_pearson": 0.5421224588063427,
        "manhattan_spearman": 0.5107024992598653,
        "pearson": 0.5974182179200583,
        "spearman": 0.5482452346383422
      }
    ]
  },
  "task_name": "SICK-R"
}