{
  "dataset_revision": "4d8694f8f0e0100860b497b999b3dbed754a0513",
  "evaluation_time": 2.797008991241455,
  "kg_co2_emissions": null,
  "mteb_version": "1.14.20",
  "scores": {
    "test": [
      {
        "cosine_pearson": 0.5734835494969771,
        "cosine_spearman": 0.5795001995078843,
        "euclidean_pearson": 0.4908680553298657,
        "euclidean_spearman": 0.4880776537918239,
        "hf_subset": "default",
        "languages": [
          "eng-Latn"
        ],
        "main_score": 0.5795001995078843,
        "manhattan_pearson": 0.4909818334649781,
        "manhattan_spearman": 0.48880355504131995,
        "pearson": 0.5734835494969771,
        "spearman": 0.5795001995078843
      }
    ]
  },
  "task_name": "STS16"
}