{
  "dataset_revision": "6031580fec1f6af667f0bd2da0a551cf4f0b2375",
  "evaluation_time": 3.8086512088775635,
  "kg_co2_emissions": null,
  "mteb_version": "1.14.20",
  "scores": {
    "test": [
      {
        "cosine_pearson": 0.5169093919775056,
        "cosine_spearman": 0.508873574378495,
        "euclidean_pearson": 0.4958544746677715,
        "euclidean_spearman": 0.48493686807366954,
        "hf_subset": "default",
        "languages": [
          "eng-Latn"
        ],
        "main_score": 0.508873574378495,
        "manhattan_pearson": 0.49642203674296914,
        "manhattan_spearman": 0.4854165438696055,
        "pearson": 0.5169093919775056,
        "spearman": 0.508873574378495
      }
    ]
  },
  "task_name": "STS14"
}