{
  "dataset_revision": "b0fddb56ed78048fa8b90373c8a3cfc37b684831",
  "evaluation_time": 4.295743703842163,
  "kg_co2_emissions": null,
  "mteb_version": "1.14.20",
  "scores": {
    "test": [
      {
        "cosine_pearson": 0.380023746093764,
        "cosine_spearman": 0.391071914882731,
        "euclidean_pearson": 0.42341657362874785,
        "euclidean_spearman": 0.41509279474064453,
        "hf_subset": "default",
        "languages": [
          "eng-Latn"
        ],
        "main_score": 0.391071914882731,
        "manhattan_pearson": 0.4270551908447809,
        "manhattan_spearman": 0.4172225301732624,
        "pearson": 0.380023746093764,
        "spearman": 0.391071914882731
      }
    ]
  },
  "task_name": "STSBenchmark"
}