{
  "dataset_revision": "e185fbe320c72810689fc5848eb6114e1ef5ec69",
  "evaluation_time": 22.986584663391113,
  "kg_co2_emissions": null,
  "mteb_version": "1.14.19",
  "scores": {
    "test": [
      {
        "hf_subset": "default",
        "languages": [
          "eng-Latn"
        ],
        "main_score": 0.27165483123230977,
        "map": 0.27165483123230977,
        "mrr": 0.2612810086155674,
        "nAUC_map_diff1": 0.23963944297090914,
        "nAUC_map_max": 0.20677722856089817,
        "nAUC_map_std": 0.051099040418887375,
        "nAUC_mrr_diff1": 0.2324489216601301,
        "nAUC_mrr_max": 0.21173715996539538,
        "nAUC_mrr_std": 0.045534375717151854
      }
    ]
  },
  "task_name": "StackOverflowDupQuestions"
}