{
  "dataset_revision": "ae752c7c21bf194d8b67fd573edf7ae58183cbe3",
  "evaluation_time": 5.7782440185546875,
  "kg_co2_emissions": null,
  "mteb_version": "1.14.19",
  "scores": {
    "test": [
      {
        "cosine_pearson": 0.3949314551283293,
        "cosine_spearman": 0.4310540064218553,
        "euclidean_pearson": 0.4273980352445087,
        "euclidean_spearman": 0.4336173575429025,
        "hf_subset": "default",
        "languages": [
          "eng-Latn"
        ],
        "main_score": 0.4310540064218553,
        "manhattan_pearson": 0.44253127970506023,
        "manhattan_spearman": 0.44686607114309956,
        "pearson": 0.3949314551283293,
        "spearman": 0.4310540064218553
      }
    ]
  },
  "task_name": "STS15"
}