{
  "dataset_revision": "d3c5e1fc0b855ab6097bf1cda04dd73947d7caab",
  "evaluation_time": 79.65634560585022,
  "kg_co2_emissions": null,
  "mteb_version": "1.14.20",
  "scores": {
    "test": [
      {
        "hf_subset": "default",
        "languages": [
          "eng-Latn"
        ],
        "main_score": 0.47389190614948234,
        "map": 0.47389190614948234,
        "mrr": 0.7098283615440478,
        "nAUC_map_diff1": 0.20696860403894493,
        "nAUC_map_max": 0.3087323357950743,
        "nAUC_map_std": 0.25444691200884545,
        "nAUC_mrr_diff1": 0.3572874621289806,
        "nAUC_mrr_max": 0.3724469569193113,
        "nAUC_mrr_std": 0.22933589209437938
      }
    ]
  },
  "task_name": "SciDocsRR"
}