{
  "dataset_revision": "a0d554a64d88156834ff5ae9920b964011b16384",
  "evaluation_time": 10.515995264053345,
  "kg_co2_emissions": null,
  "mteb_version": "1.14.20",
  "scores": {
    "test": [
      {
        "cosine_pearson": 0.27463017384133476,
        "cosine_spearman": 0.3067376131237327,
        "euclidean_pearson": 0.28676899515561016,
        "euclidean_spearman": 0.2968503361666825,
        "hf_subset": "default",
        "languages": [
          "eng-Latn"
        ],
        "main_score": 0.3067376131237327,
        "manhattan_pearson": 0.2881737432961503,
        "manhattan_spearman": 0.29746324494411547,
        "pearson": 0.27463017384133476,
        "spearman": 0.3067376131237327
      }
    ]
  },
  "task_name": "STS12"
}