{
  "dataset_revision": "59042f120c80e8afa9cdbb224f67076cec0fc9a7",
  "evaluation_time": 124.42559313774109,
  "kg_co2_emissions": null,
  "mteb_version": "1.14.19",
  "scores": {
    "test": [
      {
        "hf_subset": "default",
        "languages": [
          "eng-Latn"
        ],
        "main_score": 0.25324272758053984,
        "map": 0.25324272758053984,
        "mrr": 0.25619637895287056,
        "nAUC_map_diff1": 0.2909539783731864,
        "nAUC_map_max": -0.2129615682848414,
        "nAUC_map_std": -0.2019570529695521,
        "nAUC_mrr_diff1": 0.25485618689857725,
        "nAUC_mrr_max": -0.1568136124173204,
        "nAUC_mrr_std": -0.19491843340091156
      }
    ]
  },
  "task_name": "MindSmallReranking"
}