{
  "dataset_revision": "d3c5e1fc0b855ab6097bf1cda04dd73947d7caab",
  "evaluation_time": 38.225908517837524,
  "kg_co2_emissions": null,
  "mteb_version": "1.14.19",
  "scores": {
    "test": [
      {
        "hf_subset": "default",
        "languages": [
          "eng-Latn"
        ],
        "main_score": 0.3535928942978699,
        "map": 0.3535928942978699,
        "mrr": 0.560894942022393,
        "nAUC_map_diff1": 0.10558386512832695,
        "nAUC_map_max": 0.2487572018690773,
        "nAUC_map_std": 0.05402555490042529,
        "nAUC_mrr_diff1": 0.16642358362098278,
        "nAUC_mrr_max": 0.24622487207103289,
        "nAUC_mrr_std": 0.05063833280994449
      }
    ]
  },
  "task_name": "SciDocsRR"
}