{
  "dataset_revision": "6031580fec1f6af667f0bd2da0a551cf4f0b2375",
  "evaluation_time": 7.240264177322388,
  "kg_co2_emissions": null,
  "mteb_version": "1.14.19",
  "scores": {
    "test": [
      {
        "cosine_pearson": 0.11187247311141936,
        "cosine_spearman": 0.17282489459180517,
        "euclidean_pearson": 0.14104432668345104,
        "euclidean_spearman": 0.17390753154817534,
        "hf_subset": "default",
        "languages": [
          "eng-Latn"
        ],
        "main_score": 0.17282489459180517,
        "manhattan_pearson": 0.14204805347838062,
        "manhattan_spearman": 0.1739221708338954,
        "pearson": 0.11187247311141936,
        "spearman": 0.17282489459180517
      }
    ]
  },
  "task_name": "STS14"
}