{
  "dataset_revision": "d3fb88f8f02e40887cd149695127462bbcf29b4a",
  "evaluation_time": 18.86136507987976,
  "kg_co2_emissions": null,
  "mteb_version": "1.14.21",
  "scores": {
    "test": [
      {
        "cosine_pearson": 0.8441610961493763,
        "cosine_spearman": 0.8117594603454047,
        "euclidean_pearson": 0.8064311767435428,
        "euclidean_spearman": 0.7881685613649848,
        "hf_subset": "default",
        "languages": [
          "eng-Latn"
        ],
        "main_score": 0.8117594603454047,
        "manhattan_pearson": 0.8133717218980792,
        "manhattan_spearman": 0.7939518256707057,
        "pearson": 0.8441610961493763,
        "spearman": 0.8117594603454047
      }
    ]
  },
  "task_name": "BIOSSES"
}