{
  "dataset_revision": "20a6d6f312dd54037fe07a32d58e5e168867909d",
  "evaluation_time": 148.83826112747192,
  "kg_co2_emissions": null,
  "mteb_version": "1.14.21",
  "scores": {
    "test": [
      {
        "cosine_pearson": 0.7559594682225838,
        "cosine_spearman": 0.6927812397228494,
        "euclidean_pearson": 0.7153490242718401,
        "euclidean_spearman": 0.6856557239217593,
        "hf_subset": "default",
        "languages": [
          "eng-Latn"
        ],
        "main_score": 0.6927812397228494,
        "manhattan_pearson": 0.717446722273679,
        "manhattan_spearman": 0.6873248204407296,
        "pearson": 0.7559594682225838,
        "spearman": 0.6927812397228494
      }
    ]
  },
  "task_name": "SICK-R"
}