{
  "dataset_revision": "ae752c7c21bf194d8b67fd573edf7ae58183cbe3",
  "evaluation_time": 102.42214822769165,
  "kg_co2_emissions": null,
  "mteb_version": "1.14.21",
  "scores": {
    "test": [
      {
        "cosine_pearson": 0.7785311273728079,
        "cosine_spearman": 0.7843841989210623,
        "euclidean_pearson": 0.7704169717418529,
        "euclidean_spearman": 0.7809556055855613,
        "hf_subset": "default",
        "languages": [
          "eng-Latn"
        ],
        "main_score": 0.7843841989210623,
        "manhattan_pearson": 0.7724635530892078,
        "manhattan_spearman": 0.783379980519489,
        "pearson": 0.7785311273728079,
        "spearman": 0.7843841989210623
      }
    ]
  },
  "task_name": "STS15"
}