{
  "dataset_revision": "2000358ca161889fa9c082cb41daa8dcfb161a54",
  "evaluation_time": 6.478078365325928,
  "kg_co2_emissions": null,
  "mteb_version": "1.14.19",
  "scores": {
    "test": [
      {
        "hf_subset": "default",
        "languages": [
          "eng-Latn"
        ],
        "main_score": 0.41656909916756935,
        "map": 0.41656909916756935,
        "mrr": 0.5195994371894649,
        "nAUC_map_diff1": 0.0005134471762999651,
        "nAUC_map_max": 0.15419486716240546,
        "nAUC_map_std": 0.07681927044371688,
        "nAUC_mrr_diff1": 0.018034940424502686,
        "nAUC_mrr_max": 0.17675771288988684,
        "nAUC_mrr_std": 0.09881310233187104
      }
    ]
  },
  "task_name": "AskUbuntuDupQuestions"
}