{
  "dataset_revision": "59042f120c80e8afa9cdbb224f67076cec0fc9a7",
  "evaluation_time": 123.1061019897461,
  "kg_co2_emissions": null,
  "mteb_version": "1.14.19",
  "scores": {
    "test": [
      {
        "hf_subset": "default",
        "languages": [
          "eng-Latn"
        ],
        "main_score": 0.2391496386114331,
        "map": 0.2391496386114331,
        "mrr": 0.23817722339248176,
        "nAUC_map_diff1": 0.34360644090961406,
        "nAUC_map_max": -0.3021990093273142,
        "nAUC_map_std": -0.04116858526491195,
        "nAUC_mrr_diff1": 0.2962641879822519,
        "nAUC_mrr_max": -0.24514515986149868,
        "nAUC_mrr_std": -0.04807391969794518
      }
    ]
  },
  "task_name": "MindSmallReranking"
}