{
  "dataset_revision": "20a6d6f312dd54037fe07a32d58e5e168867909d",
  "evaluation_time": 10.420554637908936,
  "kg_co2_emissions": null,
  "mteb_version": "1.14.19",
  "scores": {
    "test": [
      {
        "cosine_pearson": 0.25684492909573736,
        "cosine_spearman": 0.4300753907839731,
        "euclidean_pearson": 0.3392451891462925,
        "euclidean_spearman": 0.43042045380245064,
        "hf_subset": "default",
        "languages": [
          "eng-Latn"
        ],
        "main_score": 0.4300753907839731,
        "manhattan_pearson": 0.3409238890264609,
        "manhattan_spearman": 0.4315538669395474,
        "pearson": 0.25684492909573736,
        "spearman": 0.4300753907839731
      }
    ]
  },
  "task_name": "SICK-R"
}