{
  "dataset_revision": "e185fbe320c72810689fc5848eb6114e1ef5ec69",
  "evaluation_time": 24.958251237869263,
  "kg_co2_emissions": null,
  "mteb_version": "1.14.19",
  "scores": {
    "test": [
      {
        "hf_subset": "default",
        "languages": [
          "eng-Latn"
        ],
        "main_score": 0.2509255121004803,
        "map": 0.2509255121004803,
        "mrr": 0.2383640766912826,
        "nAUC_map_diff1": 0.1072556083429663,
        "nAUC_map_max": 0.17881893531035334,
        "nAUC_map_std": 0.019529909776663534,
        "nAUC_mrr_diff1": 0.0934180547181052,
        "nAUC_mrr_max": 0.19049677965010642,
        "nAUC_mrr_std": 0.028756267879194785
      }
    ]
  },
  "task_name": "StackOverflowDupQuestions"
}