{
  "dataset_revision": "2000358ca161889fa9c082cb41daa8dcfb161a54",
  "evaluation_time": 8.681394338607788,
  "kg_co2_emissions": null,
  "mteb_version": "1.14.20",
  "scores": {
    "test": [
      {
        "hf_subset": "default",
        "languages": [
          "eng-Latn"
        ],
        "main_score": 0.45067734912858787,
        "map": 0.45067734912858787,
        "mrr": 0.575481466824957,
        "nAUC_map_diff1": 0.18095204225141656,
        "nAUC_map_max": 0.16072831821138223,
        "nAUC_map_std": 0.06966516159585215,
        "nAUC_mrr_diff1": 0.2313528403816827,
        "nAUC_mrr_max": 0.19784123308498147,
        "nAUC_mrr_std": 0.09584312892753845
      }
    ]
  },
  "task_name": "AskUbuntuDupQuestions"
}