{
  "dataset_revision": "d3fb88f8f02e40887cd149695127462bbcf29b4a",
  "evaluation_time": 2.254945755004883,
  "kg_co2_emissions": null,
  "mteb_version": "1.14.20",
  "scores": {
    "test": [
      {
        "cosine_pearson": 0.5027577649457416,
        "cosine_spearman": 0.49789688708700885,
        "euclidean_pearson": 0.4537039391968649,
        "euclidean_spearman": 0.45196210549209004,
        "hf_subset": "default",
        "languages": [
          "eng-Latn"
        ],
        "main_score": 0.49789688708700885,
        "manhattan_pearson": 0.44843815695750516,
        "manhattan_spearman": 0.4470463308322273,
        "pearson": 0.5027577649457416,
        "spearman": 0.49789688708700885
      }
    ]
  },
  "task_name": "BIOSSES"
}