{
  "dataset_revision": "d3c5e1fc0b855ab6097bf1cda04dd73947d7caab",
  "evaluation_time": 113.13821721076965,
  "kg_co2_emissions": null,
  "mteb_version": "1.14.20",
  "scores": {
    "test": [
      {
        "hf_subset": "default",
        "languages": [
          "eng-Latn"
        ],
        "main_score": 0.42543781970465155,
        "map": 0.42543781970465155,
        "mrr": 0.637535812045616,
        "nAUC_map_diff1": 0.2042411858919442,
        "nAUC_map_max": 0.3137891549493097,
        "nAUC_map_std": 0.31116691124768203,
        "nAUC_mrr_diff1": 0.2893684291393339,
        "nAUC_mrr_max": 0.35095912437928767,
        "nAUC_mrr_std": 0.2562665714599525
      }
    ]
  },
  "task_name": "SciDocsRR"
}