{
  "dataset_revision": "6031580fec1f6af667f0bd2da0a551cf4f0b2375",
  "evaluation_time": 13.108434200286865,
  "kg_co2_emissions": null,
  "mteb_version": "1.14.20",
  "scores": {
    "test": [
      {
        "cosine_pearson": 0.23850232149735073,
        "cosine_spearman": 0.23139963130167315,
        "euclidean_pearson": 0.2603162655564303,
        "euclidean_spearman": 0.2466490357466508,
        "hf_subset": "default",
        "languages": [
          "eng-Latn"
        ],
        "main_score": 0.23139963130167315,
        "manhattan_pearson": 0.2594761201325649,
        "manhattan_spearman": 0.24568169434422663,
        "pearson": 0.23850232149735073,
        "spearman": 0.23139963130167315
      }
    ]
  },
  "task_name": "STS14"
}