{
  "dataset_revision": "59042f120c80e8afa9cdbb224f67076cec0fc9a7",
  "evaluation_time": 126.54220414161682,
  "kg_co2_emissions": null,
  "mteb_version": "1.14.20",
  "scores": {
    "test": [
      {
        "hf_subset": "default",
        "languages": [
          "eng-Latn"
        ],
        "main_score": 0.2589543560967149,
        "map": 0.2589543560967149,
        "mrr": 0.2615811168885685,
        "nAUC_map_diff1": 0.22306297527578417,
        "nAUC_map_max": -0.25107065886702606,
        "nAUC_map_std": -0.11552332776365687,
        "nAUC_mrr_diff1": 0.20706131295839644,
        "nAUC_mrr_max": -0.18666744163628657,
        "nAUC_mrr_std": -0.09486944299140347
      }
    ]
  },
  "task_name": "MindSmallReranking"
}