{
  "dataset_revision": "ae752c7c21bf194d8b67fd573edf7ae58183cbe3",
  "evaluation_time": 11.6058669090271,
  "kg_co2_emissions": null,
  "mteb_version": "1.14.20",
  "scores": {
    "test": [
      {
        "cosine_pearson": 0.533095144177622,
        "cosine_spearman": 0.5324448480841388,
        "euclidean_pearson": 0.49242714683525635,
        "euclidean_spearman": 0.4889600594429411,
        "hf_subset": "default",
        "languages": [
          "eng-Latn"
        ],
        "main_score": 0.5324448480841388,
        "manhattan_pearson": 0.4912999826160619,
        "manhattan_spearman": 0.4878540677826782,
        "pearson": 0.533095144177622,
        "spearman": 0.5324448480841388
      }
    ]
  },
  "task_name": "STS15"
}