{
  "dataset_revision": "2000358ca161889fa9c082cb41daa8dcfb161a54",
  "evaluation_time": 6.752074480056763,
  "kg_co2_emissions": null,
  "mteb_version": "1.14.20",
  "scores": {
    "test": [
      {
        "hf_subset": "default",
        "languages": [
          "eng-Latn"
        ],
        "main_score": 0.48001456301528567,
        "map": 0.48001456301528567,
        "mrr": 0.6118333113485467,
        "nAUC_map_diff1": 0.17125084391807757,
        "nAUC_map_max": 0.18589139238040164,
        "nAUC_map_std": 0.06667759404175236,
        "nAUC_mrr_diff1": 0.2017045506997646,
        "nAUC_mrr_max": 0.23862929641789504,
        "nAUC_mrr_std": 0.0486789605305533
      }
    ]
  },
  "task_name": "AskUbuntuDupQuestions"
}