{
  "dataset_revision": "d3fb88f8f02e40887cd149695127462bbcf29b4a",
  "evaluation_time": 2.4803171157836914,
  "kg_co2_emissions": null,
  "mteb_version": "1.14.20",
  "scores": {
    "test": [
      {
        "cosine_pearson": 0.6066057703609101,
        "cosine_spearman": 0.6173996100376191,
        "euclidean_pearson": 0.5920581209266245,
        "euclidean_spearman": 0.5942545043474319,
        "hf_subset": "default",
        "languages": [
          "eng-Latn"
        ],
        "main_score": 0.6173996100376191,
        "manhattan_pearson": 0.5844213912737133,
        "manhattan_spearman": 0.5889893241357651,
        "pearson": 0.6066057703609101,
        "spearman": 0.6173996100376191
      }
    ]
  },
  "task_name": "BIOSSES"
}