{
  "dataset_revision": "59042f120c80e8afa9cdbb224f67076cec0fc9a7",
  "evaluation_time": 114.31660485267639,
  "kg_co2_emissions": null,
  "mteb_version": "1.14.20",
  "scores": {
    "test": [
      {
        "hf_subset": "default",
        "languages": [
          "eng-Latn"
        ],
        "main_score": 0.26859026778869155,
        "map": 0.26859026778869155,
        "mrr": 0.27379777086809987,
        "nAUC_map_diff1": 0.1884507878271666,
        "nAUC_map_max": -0.2476190357907349,
        "nAUC_map_std": -0.10317734936506945,
        "nAUC_mrr_diff1": 0.17082513249210843,
        "nAUC_mrr_max": -0.18842495390622457,
        "nAUC_mrr_std": -0.0873468732202449
      }
    ]
  },
  "task_name": "MindSmallReranking"
}