{
  "dataset_revision": "d3c5e1fc0b855ab6097bf1cda04dd73947d7caab",
  "evaluation_time": 48.250890254974365,
  "kg_co2_emissions": null,
  "mteb_version": "1.14.20",
  "scores": {
    "test": [
      {
        "hf_subset": "default",
        "languages": [
          "eng-Latn"
        ],
        "main_score": 0.5398976851741932,
        "map": 0.5398976851741932,
        "mrr": 0.7842291332487412,
        "nAUC_map_diff1": 0.20101546516310118,
        "nAUC_map_max": 0.42177165436226677,
        "nAUC_map_std": 0.3687063570801033,
        "nAUC_mrr_diff1": 0.41078871498899666,
        "nAUC_mrr_max": 0.5049691444860326,
        "nAUC_mrr_std": 0.35752340696022644
      }
    ]
  },
  "task_name": "SciDocsRR"
}