{
  "dataset_revision": "20a6d6f312dd54037fe07a32d58e5e168867909d",
  "evaluation_time": 13.560665845870972,
  "kg_co2_emissions": null,
  "mteb_version": "1.14.20",
  "scores": {
    "test": [
      {
        "cosine_pearson": 0.5957576017119631,
        "cosine_spearman": 0.5485893919296804,
        "euclidean_pearson": 0.5644867125297974,
        "euclidean_spearman": 0.5459709796167012,
        "hf_subset": "default",
        "languages": [
          "eng-Latn"
        ],
        "main_score": 0.5485893919296804,
        "manhattan_pearson": 0.5654112082766035,
        "manhattan_spearman": 0.5471907708166978,
        "pearson": 0.5957576017119631,
        "spearman": 0.5485893919296804
      }
    ]
  },
  "task_name": "SICK-R"
}