{
  "dataset_revision": "e185fbe320c72810689fc5848eb6114e1ef5ec69",
  "evaluation_time": 34.06426787376404,
  "kg_co2_emissions": null,
  "mteb_version": "1.14.20",
  "scores": {
    "test": [
      {
        "hf_subset": "default",
        "languages": [
          "eng-Latn"
        ],
        "main_score": 0.3621024072351158,
        "map": 0.3621024072351158,
        "mrr": 0.35930656353450474,
        "nAUC_map_diff1": 0.3048945515271102,
        "nAUC_map_max": 0.216820739216587,
        "nAUC_map_std": 0.12104589040108543,
        "nAUC_mrr_diff1": 0.30466914370323367,
        "nAUC_mrr_max": 0.2266955154892352,
        "nAUC_mrr_std": 0.1220548165482421
      }
    ]
  },
  "task_name": "StackOverflowDupQuestions"
}