{
  "dataset_revision": "d3c5e1fc0b855ab6097bf1cda04dd73947d7caab",
  "evaluation_time": 51.9935405254364,
  "kg_co2_emissions": null,
  "mteb_version": "1.14.19",
  "scores": {
    "test": [
      {
        "hf_subset": "default",
        "languages": [
          "eng-Latn"
        ],
        "main_score": 0.5758933453355015,
        "map": 0.5758933453355015,
        "mrr": 0.8046072845092453,
        "nAUC_map_diff1": 0.17796256107794653,
        "nAUC_map_max": 0.48623041974206366,
        "nAUC_map_std": 0.4728236230492275,
        "nAUC_mrr_diff1": 0.40921380505625116,
        "nAUC_mrr_max": 0.5612281375803558,
        "nAUC_mrr_std": 0.4543415949404415
      }
    ]
  },
  "task_name": "SciDocsRR"
}