{
  "dataset_revision": "ae752c7c21bf194d8b67fd573edf7ae58183cbe3",
  "evaluation_time": 8.439997434616089,
  "kg_co2_emissions": null,
  "mteb_version": "1.14.19",
  "scores": {
    "test": [
      {
        "cosine_pearson": 0.6317290226881123,
        "cosine_spearman": 0.6404797844756661,
        "euclidean_pearson": 0.6255302395656323,
        "euclidean_spearman": 0.6361199366162283,
        "hf_subset": "default",
        "languages": [
          "eng-Latn"
        ],
        "main_score": 0.6404797844756661,
        "manhattan_pearson": 0.6252834983341689,
        "manhattan_spearman": 0.636078180386206,
        "pearson": 0.6317290226881123,
        "spearman": 0.6404797844756661
      }
    ]
  },
  "task_name": "STS15"
}