{
  "dataset_revision": "70970daeab8776df92f5ea462b6173c0b46fd2d1",
  "evaluation_time": 9.425458669662476,
  "kg_co2_emissions": null,
  "mteb_version": "1.14.19",
  "scores": {
    "test": [
      {
        "cosine_accuracy": 0.8219586338439531,
        "cosine_accuracy_threshold": 0.8435031175613403,
        "cosine_ap": 0.591979344585776,
        "cosine_f1": 0.5699008868022953,
        "cosine_f1_threshold": 0.8118661642074585,
        "cosine_precision": 0.5634347601856627,
        "cosine_recall": 0.5765171503957783,
        "dot_accuracy": 0.7926923764677832,
        "dot_accuracy_threshold": 120.27578735351562,
        "dot_ap": 0.4712815629406531,
        "dot_f1": 0.484014305841552,
        "dot_f1_threshold": 109.39907836914062,
        "dot_precision": 0.4107044325915027,
        "dot_recall": 0.5891820580474934,
        "euclidean_accuracy": 0.8220778446682959,
        "euclidean_accuracy_threshold": 6.605558395385742,
        "euclidean_ap": 0.5873589196693785,
        "euclidean_f1": 0.5651653090560614,
        "euclidean_f1_threshold": 7.328516960144043,
        "euclidean_precision": 0.5175515577007459,
        "euclidean_recall": 0.6224274406332454,
        "hf_subset": "default",
        "languages": [
          "eng-Latn"
        ],
        "main_score": 0.591979344585776,
        "manhattan_accuracy": 0.8220182392561245,
        "manhattan_accuracy_threshold": 144.1309051513672,
        "manhattan_ap": 0.5882811087158719,
        "manhattan_f1": 0.5639598208882972,
        "manhattan_f1_threshold": 160.80677795410156,
        "manhattan_precision": 0.520903196959535,
        "manhattan_recall": 0.6147757255936676,
        "max_accuracy": 0.8220778446682959,
        "max_ap": 0.591979344585776,
        "max_f1": 0.5699008868022953,
        "max_precision": 0.5634347601856627,
        "max_recall": 0.6224274406332454,
        "similarity_accuracy": 0.8219586338439531,
        "similarity_accuracy_threshold": 0.8435031175613403,
        "similarity_ap": 0.591979344585776,
        "similarity_f1": 0.5699008868022953,
        "similarity_f1_threshold": 0.8118661642074585,
        "similarity_precision": 0.5634347601856627,
        "similarity_recall": 0.5765171503957783
      }
    ]
  },
  "task_name": "TwitterSemEval2015"
}