{
  "dataset_revision": "59042f120c80e8afa9cdbb224f67076cec0fc9a7",
  "evaluation_time": 201.4384732246399,
  "kg_co2_emissions": null,
  "mteb_version": "1.14.20",
  "scores": {
    "test": [
      {
        "hf_subset": "default",
        "languages": [
          "eng-Latn"
        ],
        "main_score": 0.28164804703860097,
        "map": 0.28164804703860097,
        "mrr": 0.2873749299074935,
        "nAUC_map_diff1": 0.26177239616277564,
        "nAUC_map_max": -0.24790977528389296,
        "nAUC_map_std": -0.07469392420265937,
        "nAUC_mrr_diff1": 0.23020685545792005,
        "nAUC_mrr_max": -0.19052920582004113,
        "nAUC_mrr_std": -0.07301412870886739
      }
    ]
  },
  "task_name": "MindSmallReranking"
}