{
  "dataset_revision": "b0fddb56ed78048fa8b90373c8a3cfc37b684831",
  "evaluation_time": 18.655418634414673,
  "kg_co2_emissions": null,
  "mteb_version": "1.14.20",
  "scores": {
    "test": [
      {
        "cosine_pearson": 0.36877968603848627,
        "cosine_spearman": 0.39465108837628055,
        "euclidean_pearson": 0.37589350223104173,
        "euclidean_spearman": 0.3997472666649266,
        "hf_subset": "default",
        "languages": [
          "eng-Latn"
        ],
        "main_score": 0.39465108837628055,
        "manhattan_pearson": 0.4822562378709572,
        "manhattan_spearman": 0.483079456629777,
        "pearson": 0.36877968603848627,
        "spearman": 0.39465108837628055
      }
    ]
  },
  "task_name": "STSBenchmark"
}