{
  "dataset_revision": "2000358ca161889fa9c082cb41daa8dcfb161a54",
  "evaluation_time": 54.66587424278259,
  "kg_co2_emissions": null,
  "mteb_version": "1.14.21",
  "scores": {
    "test": [
      {
        "hf_subset": "default",
        "languages": [
          "eng-Latn"
        ],
        "main_score": 0.5025518308294388,
        "map": 0.5025518308294388,
        "mrr": 0.6274622960911049,
        "nAUC_map_diff1": 0.1558589620528895,
        "nAUC_map_max": 0.19879496564211746,
        "nAUC_map_std": 0.06875397402205922,
        "nAUC_mrr_diff1": 0.2135937460574631,
        "nAUC_mrr_max": 0.24499695728091672,
        "nAUC_mrr_std": 0.08930482151563728
      }
    ]
  },
  "task_name": "AskUbuntuDupQuestions"
}