{
  "dataset_revision": "59042f120c80e8afa9cdbb224f67076cec0fc9a7",
  "evaluation_time": 432.98405957221985,
  "kg_co2_emissions": null,
  "mteb_version": "1.14.21",
  "scores": {
    "test": [
      {
        "hf_subset": "default",
        "languages": [
          "eng-Latn"
        ],
        "main_score": 0.28893279442649794,
        "map": 0.28893279442649794,
        "mrr": 0.2988348085764139,
        "nAUC_map_diff1": 0.1894595130058631,
        "nAUC_map_max": -0.1982267803095952,
        "nAUC_map_std": 0.012637000605388173,
        "nAUC_mrr_diff1": 0.17047921371884484,
        "nAUC_mrr_max": -0.1419256062552909,
        "nAUC_mrr_std": 0.014892441427787588
      }
    ]
  },
  "task_name": "MindSmallReranking"
}