{
  "dataset_revision": "e185fbe320c72810689fc5848eb6114e1ef5ec69",
  "evaluation_time": 611.4979884624481,
  "kg_co2_emissions": null,
  "mteb_version": "1.14.21",
  "scores": {
    "test": [
      {
        "hf_subset": "default",
        "languages": [
          "eng-Latn"
        ],
        "main_score": 0.392906170578385,
        "map": 0.392906170578385,
        "mrr": 0.39323128872761226,
        "nAUC_map_diff1": 0.3141235115914558,
        "nAUC_map_max": 0.20640118527906126,
        "nAUC_map_std": 0.09072568369911582,
        "nAUC_mrr_diff1": 0.31143352963910986,
        "nAUC_mrr_max": 0.21795445918430648,
        "nAUC_mrr_std": 0.09702611532719667
      }
    ]
  },
  "task_name": "StackOverflowDupQuestions"
}