{
  "dataset_revision": "6031580fec1f6af667f0bd2da0a551cf4f0b2375",
  "evaluation_time": 83.13004851341248,
  "kg_co2_emissions": null,
  "mteb_version": "1.14.21",
  "scores": {
    "test": [
      {
        "cosine_pearson": 0.5071225289441588,
        "cosine_spearman": 0.48463472580886563,
        "euclidean_pearson": 0.5122483769964213,
        "euclidean_spearman": 0.49349373391312173,
        "hf_subset": "default",
        "languages": [
          "eng-Latn"
        ],
        "main_score": 0.48463472580886563,
        "manhattan_pearson": 0.49994362259056885,
        "manhattan_spearman": 0.4833791318535195,
        "pearson": 0.5071225289441588,
        "spearman": 0.48463472580886563
      }
    ]
  },
  "task_name": "STS14"
}