{
  "dataset_revision": "d3fb88f8f02e40887cd149695127462bbcf29b4a",
  "evaluation_time": 3.383133888244629,
  "kg_co2_emissions": null,
  "mteb_version": "1.14.20",
  "scores": {
    "test": [
      {
        "cosine_pearson": 0.4879619867836607,
        "cosine_spearman": 0.4819326679097584,
        "euclidean_pearson": 0.42873429991152384,
        "euclidean_spearman": 0.43448580366823963,
        "hf_subset": "default",
        "languages": [
          "eng-Latn"
        ],
        "main_score": 0.4819326679097584,
        "manhattan_pearson": 0.4291630386893496,
        "manhattan_spearman": 0.4331664964984971,
        "pearson": 0.4879619867836607,
        "spearman": 0.4819326679097584
      }
    ]
  },
  "task_name": "BIOSSES"
}