{
  "dataset_revision": "a0d554a64d88156834ff5ae9920b964011b16384",
  "evaluation_time": 11.5805344581604,
  "kg_co2_emissions": null,
  "mteb_version": "1.14.20",
  "scores": {
    "test": [
      {
        "cosine_pearson": 0.18525258357454755,
        "cosine_spearman": 0.2388996669945636,
        "euclidean_pearson": 0.24313421007430205,
        "euclidean_spearman": 0.26001691973023455,
        "hf_subset": "default",
        "languages": [
          "eng-Latn"
        ],
        "main_score": 0.2388996669945636,
        "manhattan_pearson": 0.24224781022640896,
        "manhattan_spearman": 0.25897549429147243,
        "pearson": 0.18525258357454755,
        "spearman": 0.2388996669945636
      }
    ]
  },
  "task_name": "STS12"
}