{
  "dataset_revision": "b0fddb56ed78048fa8b90373c8a3cfc37b684831",
  "evaluation_time": 5.99986457824707,
  "kg_co2_emissions": null,
  "mteb_version": "1.14.20",
  "scores": {
    "test": [
      {
        "cosine_pearson": 0.21300525726552474,
        "cosine_spearman": 0.21062368062247594,
        "euclidean_pearson": 0.2505256263598692,
        "euclidean_spearman": 0.23662791093654645,
        "hf_subset": "default",
        "languages": [
          "eng-Latn"
        ],
        "main_score": 0.21062368062247594,
        "manhattan_pearson": 0.24974287940132123,
        "manhattan_spearman": 0.23636512922164343,
        "pearson": 0.21300525726552474,
        "spearman": 0.21062368062247594
      }
    ]
  },
  "task_name": "STSBenchmark"
}