{
  "dataset_revision": "2000358ca161889fa9c082cb41daa8dcfb161a54",
  "evaluation_time": 22.743448972702026,
  "kg_co2_emissions": null,
  "mteb_version": "1.14.20",
  "scores": {
    "test": [
      {
        "hf_subset": "default",
        "languages": [
          "eng-Latn"
        ],
        "main_score": 0.4650243405624907,
        "map": 0.4650243405624907,
        "mrr": 0.5963780064195577,
        "nAUC_map_diff1": 0.14517907533120233,
        "nAUC_map_max": 0.17420641158794828,
        "nAUC_map_std": -0.020806545425996543,
        "nAUC_mrr_diff1": 0.21448878089170542,
        "nAUC_mrr_max": 0.2152149981416879,
        "nAUC_mrr_std": -0.022488379774238176
      }
    ]
  },
  "task_name": "AskUbuntuDupQuestions"
}