{
  "dataset_revision": "d3fb88f8f02e40887cd149695127462bbcf29b4a",
  "evaluation_time": 3.5186102390289307,
  "kg_co2_emissions": null,
  "mteb_version": "1.14.20",
  "scores": {
    "test": [
      {
        "cosine_pearson": 0.48680539724580846,
        "cosine_spearman": 0.5687960929349563,
        "euclidean_pearson": 0.5219450282444894,
        "euclidean_spearman": 0.5594043126718116,
        "hf_subset": "default",
        "languages": [
          "eng-Latn"
        ],
        "main_score": 0.5687960929349563,
        "manhattan_pearson": 0.6119263342981649,
        "manhattan_spearman": 0.6067668376422052,
        "pearson": 0.48680539724580846,
        "spearman": 0.5687960929349563
      }
    ]
  },
  "task_name": "BIOSSES"
}