{
  "dataset_revision": "d3c5e1fc0b855ab6097bf1cda04dd73947d7caab",
  "evaluation_time": 229.6856927871704,
  "kg_co2_emissions": null,
  "mteb_version": "1.14.20",
  "scores": {
    "test": [
      {
        "hf_subset": "default",
        "languages": [
          "eng-Latn"
        ],
        "main_score": 0.5232498694169602,
        "map": 0.5232498694169602,
        "mrr": 0.7579838915623229,
        "nAUC_map_diff1": 0.14079397693274245,
        "nAUC_map_max": 0.40722043665535035,
        "nAUC_map_std": 0.3136954257765157,
        "nAUC_mrr_diff1": 0.330343936821569,
        "nAUC_mrr_max": 0.47460737590495344,
        "nAUC_mrr_std": 0.2441254231526839
      }
    ]
  },
  "task_name": "SciDocsRR"
}