{
  "dataset_revision": "e185fbe320c72810689fc5848eb6114e1ef5ec69",
  "evaluation_time": 182.41599035263062,
  "kg_co2_emissions": null,
  "mteb_version": "1.14.20",
  "scores": {
    "test": [
      {
        "hf_subset": "default",
        "languages": [
          "eng-Latn"
        ],
        "main_score": 0.3356144290766736,
        "map": 0.3356144290766736,
        "mrr": 0.33247230710466,
        "nAUC_map_diff1": 0.2783440471979402,
        "nAUC_map_max": 0.20491911595499557,
        "nAUC_map_std": 0.10642853359428064,
        "nAUC_mrr_diff1": 0.26755150281137213,
        "nAUC_mrr_max": 0.2112286003504107,
        "nAUC_mrr_std": 0.10244735257059899
      }
    ]
  },
  "task_name": "StackOverflowDupQuestions"
}