{
  "dataset_revision": "6031580fec1f6af667f0bd2da0a551cf4f0b2375",
  "evaluation_time": 35.445106744766235,
  "kg_co2_emissions": null,
  "mteb_version": "1.14.20",
  "scores": {
    "test": [
      {
        "cosine_pearson": 0.45807166962289814,
        "cosine_spearman": 0.4353724262589274,
        "euclidean_pearson": 0.4574875009671348,
        "euclidean_spearman": 0.43779868834732477,
        "hf_subset": "default",
        "languages": [
          "eng-Latn"
        ],
        "main_score": 0.4353724262589274,
        "manhattan_pearson": 0.502921082294921,
        "manhattan_spearman": 0.4825686701721321,
        "pearson": 0.45807166962289814,
        "spearman": 0.4353724262589274
      }
    ]
  },
  "task_name": "STS14"
}