{
  "dataset_revision": "d3fb88f8f02e40887cd149695127462bbcf29b4a",
  "evaluation_time": 3.5152876377105713,
  "kg_co2_emissions": null,
  "mteb_version": "1.14.20",
  "scores": {
    "test": [
      {
        "cosine_pearson": 0.6119966804745699,
        "cosine_spearman": 0.630478221295661,
        "euclidean_pearson": 0.594626463336147,
        "euclidean_spearman": 0.6075981818861526,
        "hf_subset": "default",
        "languages": [
          "eng-Latn"
        ],
        "main_score": 0.630478221295661,
        "manhattan_pearson": 0.6040353111089416,
        "manhattan_spearman": 0.6129115559670337,
        "pearson": 0.6119966804745699,
        "spearman": 0.630478221295661
      }
    ]
  },
  "task_name": "BIOSSES"
}