{
  "dataset_revision": "6031580fec1f6af667f0bd2da0a551cf4f0b2375",
  "evaluation_time": 9.285057067871094,
  "kg_co2_emissions": null,
  "mteb_version": "1.14.20",
  "scores": {
    "test": [
      {
        "cosine_pearson": 0.507082298114014,
        "cosine_spearman": 0.48171293376887714,
        "euclidean_pearson": 0.5023623089649801,
        "euclidean_spearman": 0.4844626830731346,
        "hf_subset": "default",
        "languages": [
          "eng-Latn"
        ],
        "main_score": 0.48171293376887714,
        "manhattan_pearson": 0.5063092850283675,
        "manhattan_spearman": 0.4876508038607054,
        "pearson": 0.507082298114014,
        "spearman": 0.48171293376887714
      }
    ]
  },
  "task_name": "STS14"
}