{
  "dataset_revision": "b0fddb56ed78048fa8b90373c8a3cfc37b684831",
  "evaluation_time": 3.8886168003082275,
  "kg_co2_emissions": null,
  "mteb_version": "1.14.20",
  "scores": {
    "test": [
      {
        "cosine_pearson": 0.4710879968347226,
        "cosine_spearman": 0.46575118375118674,
        "euclidean_pearson": 0.47968750552581624,
        "euclidean_spearman": 0.4763468720842164,
        "hf_subset": "default",
        "languages": [
          "eng-Latn"
        ],
        "main_score": 0.46575118375118674,
        "manhattan_pearson": 0.48159029635764883,
        "manhattan_spearman": 0.4787249325264585,
        "pearson": 0.4710879968347226,
        "spearman": 0.46575118375118674
      }
    ]
  },
  "task_name": "STSBenchmark"
}