{
  "dataset_revision": "d3fb88f8f02e40887cd149695127462bbcf29b4a",
  "evaluation_time": 23.409411191940308,
  "kg_co2_emissions": null,
  "mteb_version": "1.14.21",
  "scores": {
    "test": [
      {
        "cosine_pearson": 0.8525950154929635,
        "cosine_spearman": 0.8161270297429544,
        "euclidean_pearson": 0.821417881898853,
        "euclidean_spearman": 0.7980242076193176,
        "hf_subset": "default",
        "languages": [
          "eng-Latn"
        ],
        "main_score": 0.8161270297429544,
        "manhattan_pearson": 0.8249768783907712,
        "manhattan_spearman": 0.8010062032769548,
        "pearson": 0.8525950154929635,
        "spearman": 0.8161270297429544
      }
    ]
  },
  "task_name": "BIOSSES"
}