{
  "dataset_revision": "59042f120c80e8afa9cdbb224f67076cec0fc9a7",
  "evaluation_time": 686.4364275932312,
  "kg_co2_emissions": null,
  "mteb_version": "1.14.21",
  "scores": {
    "test": [
      {
        "hf_subset": "default",
        "languages": [
          "eng-Latn"
        ],
        "main_score": 0.3258899917758513,
        "map": 0.3258899917758513,
        "mrr": 0.33842766565214333,
        "nAUC_map_diff1": 0.14037783114658575,
        "nAUC_map_max": -0.22092399163300797,
        "nAUC_map_std": -0.02689786761655874,
        "nAUC_mrr_diff1": 0.12956974674127383,
        "nAUC_mrr_max": -0.16414172480729725,
        "nAUC_mrr_std": -0.0025102072275884103
      }
    ]
  },
  "task_name": "MindSmallReranking"
}