{
  "dataset_revision": "d3c5e1fc0b855ab6097bf1cda04dd73947d7caab",
  "evaluation_time": 1818.1018204689026,
  "kg_co2_emissions": null,
  "mteb_version": "1.14.21",
  "scores": {
    "test": [
      {
        "hf_subset": "default",
        "languages": [
          "eng-Latn"
        ],
        "main_score": 0.8419259975554834,
        "map": 0.8419259975554834,
        "mrr": 0.9577841820488879,
        "nAUC_map_diff1": -0.0669305243267854,
        "nAUC_map_max": 0.532483356927109,
        "nAUC_map_std": 0.6438475927293356,
        "nAUC_mrr_diff1": 0.34176927662294465,
        "nAUC_mrr_max": 0.8224185719871118,
        "nAUC_mrr_std": 0.7547862166812281
      }
    ]
  },
  "task_name": "SciDocsRR"
}