{
  "dataset_revision": "70970daeab8776df92f5ea462b6173c0b46fd2d1",
  "evaluation_time": 168.20674633979797,
  "kg_co2_emissions": null,
  "mteb_version": "1.14.21",
  "scores": {
    "test": [
      {
        "cosine_accuracy": 0.8329856350956667,
        "cosine_accuracy_threshold": 0.7492943406105042,
        "cosine_ap": 0.6523831154367361,
        "cosine_f1": 0.611861861861862,
        "cosine_f1_threshold": 0.6890989542007446,
        "cosine_precision": 0.5818657782008567,
        "cosine_recall": 0.6451187335092349,
        "dot_accuracy": 0.8124813733086964,
        "dot_accuracy_threshold": 6549.1923828125,
        "dot_ap": 0.5775323750440758,
        "dot_f1": 0.5552292749039981,
        "dot_f1_threshold": 5180.1142578125,
        "dot_precision": 0.4853870458135861,
        "dot_recall": 0.6485488126649076,
        "euclidean_accuracy": 0.8344161649877809,
        "euclidean_accuracy_threshold": 63.858123779296875,
        "euclidean_ap": 0.6507226529636286,
        "euclidean_f1": 0.6155145373386416,
        "euclidean_f1_threshold": 70.58363342285156,
        "euclidean_precision": 0.5670148921982663,
        "euclidean_recall": 0.6730870712401056,
        "hf_subset": "default",
        "languages": [
          "eng-Latn"
        ],
        "main_score": 0.6523831154367361,
        "manhattan_accuracy": 0.8345353758121238,
        "manhattan_accuracy_threshold": 3237.29833984375,
        "manhattan_ap": 0.650191491862214,
        "manhattan_f1": 0.61665854846566,
        "manhattan_f1_threshold": 3559.861328125,
        "manhattan_precision": 0.5725915875169606,
        "manhattan_recall": 0.6680738786279683,
        "max_accuracy": 0.8345353758121238,
        "max_ap": 0.6523831154367361,
        "max_f1": 0.61665854846566,
        "max_precision": 0.5818657782008567,
        "max_recall": 0.6730870712401056,
        "similarity_accuracy": 0.8329856350956667,
        "similarity_accuracy_threshold": 0.7492943406105042,
        "similarity_ap": 0.6523831154367361,
        "similarity_f1": 0.611861861861862,
        "similarity_f1_threshold": 0.6890989542007446,
        "similarity_precision": 0.5818657782008567,
        "similarity_recall": 0.6451187335092349
      }
    ]
  },
  "task_name": "TwitterSemEval2015"
}