{"train_loss": 0.2655186057090759, "train_loss_step": 0.059998106211423874, "train_acc1": 93.92931365966797, "train_acc1_step": 97.65625, "train_acc5": 99.1634521484375, "train_acc5_step": 100.0, "val_loss": 0.17886024713516235, "val_acc1": 95.13220977783203, "val_acc5": 99.73958587646484, "train_loss_epoch": 0.2655186057090759, "train_acc1_epoch": 93.92931365966797, "train_acc5_epoch": 99.1634521484375}