{"train_loss": 0.32289591431617737, "train_loss_step": 0.1462056189775467, "train_acc1": 91.86283874511719, "train_acc1_step": 96.875, "train_acc5": 98.615234375, "train_acc5_step": 100.0, "val_loss": 0.22671064734458923, "val_acc1": 93.30929565429688, "val_acc5": 99.47917175292969, "train_loss_epoch": 0.32289591431617737, "train_acc1_epoch": 91.86283874511719, "train_acc5_epoch": 98.615234375}