{"train_loss": 1.4391103982925415, "train_loss_step": 0.7810156941413879, "train_acc1": 71.94925689697266, "train_acc1_step": 76.5625, "train_acc5": 90.51914978027344, "train_acc5_step": 95.3125, "val_loss": 0.7210575342178345, "val_acc1": 79.78765869140625, "val_acc5": 95.57291412353516, "train_loss_epoch": 1.4391103982925415, "train_acc1_epoch": 71.94925689697266, "train_acc5_epoch": 90.51914978027344}