{"train_loss": 0.6250209212303162, "train_loss_step": 0.3967597484588623, "train_acc1": 83.76990509033203, "train_acc1_step": 88.28125, "train_acc5": 96.13087463378906, "train_acc5_step": 98.4375, "val_loss": 0.4271260201931, "val_acc1": 87.5400619506836, "val_acc5": 98.11698913574219, "train_loss_epoch": 0.6250209212303162, "train_acc1_epoch": 83.76990509033203, "train_acc5_epoch": 96.13087463378906}