{"train_loss": 0.5167306661605835, "train_loss_step": 0.29239609837532043, "train_acc1": 87.32621002197266, "train_acc1_step": 92.1875, "train_acc5": 97.16648864746094, "train_acc5_step": 98.4375, "val_loss": 0.33040279150009155, "val_acc1": 90.04407501220703, "val_acc5": 98.77804565429688, "train_loss_epoch": 0.5167306661605835, "train_acc1_epoch": 87.32621002197266, "train_acc5_epoch": 97.16648864746094}