{"train_loss": 0.4585736095905304, "train_loss_step": 0.2609083950519562, "train_acc1": 90.47254180908203, "train_acc1_step": 96.09375, "train_acc5": 98.246337890625, "train_acc5_step": 98.4375, "val_loss": 0.24641230702400208, "val_acc1": 92.74839782714844, "val_acc5": 99.33894348144531, "train_loss_epoch": 0.4585736095905304, "train_acc1_epoch": 90.47254180908203, "train_acc5_epoch": 98.246337890625}