{"train_loss": 1.703331708908081, "train_loss_step": 1.18240487575531, "train_acc1": 61.30008316040039, "train_acc1_step": 66.40625, "train_acc5": 84.55589294433594, "train_acc5_step": 89.0625, "val_loss": 1.1757549047470093, "val_acc1": 68.60977935791016, "val_acc5": 89.94390869140625, "train_loss_epoch": 1.703331708908081, "train_acc1_epoch": 61.30008316040039, "train_acc5_epoch": 84.55589294433594}