{"train_loss": 0.24026969075202942, "train_loss_step": 0.15905392169952393, "train_acc1": 94.09757232666016, "train_acc1_step": 94.53125, "train_acc5": 99.18241119384766, "train_acc5_step": 100.0, "val_loss": 0.20482021570205688, "val_acc1": 94.07051086425781, "val_acc5": 99.65945434570312, "train_loss_epoch": 0.24026969075202942, "train_acc1_epoch": 94.09757232666016, "train_acc5_epoch": 99.18241119384766}