{"train_loss": 0.8469638824462891, "train_loss_step": 0.4733918309211731, "train_acc1": 80.94192504882812, "train_acc1_step": 88.28125, "train_acc5": 94.86697387695312, "train_acc5_step": 96.875, "val_loss": 0.49743252992630005, "val_acc1": 85.43669891357422, "val_acc5": 97.6161880493164, "train_loss_epoch": 0.8469638824462891, "train_acc1_epoch": 80.94192504882812, "train_acc5_epoch": 94.86697387695312}