{
  "dataset_revision": "ae752c7c21bf194d8b67fd573edf7ae58183cbe3",
  "evaluation_time": 23.068118810653687,
  "kg_co2_emissions": null,
  "mteb_version": "1.14.20",
  "scores": {
    "test": [
      {
        "cosine_pearson": 0.532531201987354,
        "cosine_spearman": 0.5583691843095536,
        "euclidean_pearson": 0.522301910165089,
        "euclidean_spearman": 0.5303752698389621,
        "hf_subset": "default",
        "languages": [
          "eng-Latn"
        ],
        "main_score": 0.5583691843095536,
        "manhattan_pearson": 0.5476527737311521,
        "manhattan_spearman": 0.5556332038595598,
        "pearson": 0.532531201987354,
        "spearman": 0.5583691843095536
      }
    ]
  },
  "task_name": "STS15"
}