{
  "dataset_revision": "6031580fec1f6af667f0bd2da0a551cf4f0b2375",
  "evaluation_time": 26.06946086883545,
  "kg_co2_emissions": null,
  "mteb_version": "1.14.20",
  "scores": {
    "test": [
      {
        "cosine_pearson": 0.44022205231701245,
        "cosine_spearman": 0.4342584083960077,
        "euclidean_pearson": 0.4442730532758371,
        "euclidean_spearman": 0.42916602854116837,
        "hf_subset": "default",
        "languages": [
          "eng-Latn"
        ],
        "main_score": 0.4342584083960077,
        "manhattan_pearson": 0.47197786438319167,
        "manhattan_spearman": 0.4555749898369042,
        "pearson": 0.44022205231701245,
        "spearman": 0.4342584083960077
      }
    ]
  },
  "task_name": "STS14"
}