{
  "dataset_revision": "7e90230a92c190f1bf69ae9002b8cea547a64cca",
  "evaluation_time": 11.631769180297852,
  "kg_co2_emissions": null,
  "mteb_version": "1.14.20",
  "scores": {
    "test": [
      {
        "cosine_pearson": 0.48420193285141083,
        "cosine_spearman": 0.4815494893510323,
        "euclidean_pearson": 0.5127318807786337,
        "euclidean_spearman": 0.5092683487592038,
        "hf_subset": "default",
        "languages": [
          "eng-Latn"
        ],
        "main_score": 0.4815494893510323,
        "manhattan_pearson": 0.5302746045364044,
        "manhattan_spearman": 0.5242130083387766,
        "pearson": 0.48420193285141083,
        "spearman": 0.4815494893510323
      }
    ]
  },
  "task_name": "STS13"
}