{"train_loss": 2.3944954872131348, "train_loss_step": 1.9118915796279907, "train_acc1": 40.343780517578125, "train_acc1_step": 48.4375, "train_acc5": 68.45140075683594, "train_acc5_step": 78.90625, "val_loss": 1.9662039279937744, "val_acc1": 49.11859130859375, "val_acc5": 77.02323913574219, "train_loss_epoch": 2.3944954872131348, "train_acc1_epoch": 40.343780517578125, "train_acc5_epoch": 68.45140075683594}