{"train_loss": 1.219359278678894, "train_loss_step": 0.5034059882164001, "train_acc1": 67.73651123046875, "train_acc1_step": 89.84375, "train_acc5": 88.42423248291016, "train_acc5_step": 97.65625, "val_loss": 0.8737179040908813, "val_acc1": 75.36058044433594, "val_acc5": 93.52964782714844, "train_loss_epoch": 1.219359278678894, "train_acc1_epoch": 67.73651123046875, "train_acc5_epoch": 88.42423248291016}