{"train_loss": 0.3962377607822418, "train_loss_step": 0.264604777097702, "train_acc1": 89.40217590332031, "train_acc1_step": 92.1875, "train_acc5": 98.09703826904297, "train_acc5_step": 97.65625, "val_loss": 0.29317206144332886, "val_acc1": 91.10577392578125, "val_acc5": 99.11859130859375, "train_loss_epoch": 0.3962377607822418, "train_acc1_epoch": 89.40217590332031, "train_acc5_epoch": 98.09703826904297}