{"train_loss": 1.9550927877426147, "train_loss_step": 1.4360463619232178, "train_acc1": 50.053714752197266, "train_acc1_step": 58.59375, "train_acc5": 76.70073699951172, "train_acc5_step": 84.375, "val_loss": 1.5824297666549683, "val_acc1": 58.03285217285156, "val_acc5": 83.97435760498047, "train_loss_epoch": 1.9550927877426147, "train_acc1_epoch": 50.053714752197266, "train_acc5_epoch": 76.70073699951172}