{"train_loss": 1.0058326721191406, "train_loss_step": 0.6585027575492859, "train_acc1": 73.03936767578125, "train_acc1_step": 79.6875, "train_acc5": 91.39440155029297, "train_acc5_step": 95.3125, "val_loss": 0.7145096659660339, "val_acc1": 79.4871826171875, "val_acc5": 95.7331771850586, "train_loss_epoch": 1.0058326721191406, "train_acc1_epoch": 73.03936767578125, "train_acc5_epoch": 91.39440155029297}