{"train_loss": 1.1301498413085938, "train_loss_step": 0.9718406796455383, "train_acc1": 69.96097564697266, "train_acc1_step": 74.21875, "train_acc5": 89.68497467041016, "train_acc5_step": 92.96875, "val_loss": 0.8285495042800903, "val_acc1": 76.58253479003906, "val_acc5": 94.61138153076172, "train_loss_epoch": 1.1301498413085938, "train_acc1_epoch": 69.96097564697266, "train_acc5_epoch": 89.68497467041016}