{"train_loss": 0.24076050519943237, "train_loss_step": 0.2581525444984436, "train_acc1": 94.24766540527344, "train_acc1_step": 92.96875, "train_acc5": 99.10025787353516, "train_acc5_step": 100.0, "val_loss": 0.18613828718662262, "val_acc1": 94.63140869140625, "val_acc5": 99.61939239501953, "train_loss_epoch": 0.24076050519943237, "train_acc1_epoch": 94.24766540527344, "train_acc5_epoch": 99.10025787353516}