{"train_loss": 2.2317190170288086, "train_loss_step": 1.7233870029449463, "train_acc1": 44.04780578613281, "train_acc1_step": 54.6875, "train_acc5": 71.72807312011719, "train_acc5_step": 78.90625, "val_loss": 1.8324823379516602, "val_acc1": 51.24198913574219, "val_acc5": 80.16827392578125, "train_loss_epoch": 2.2317190170288086, "train_acc1_epoch": 44.04780578613281, "train_acc5_epoch": 71.72807312011719}