{"train_loss": 0.24408341944217682, "train_loss_step": 0.10023181885480881, "train_acc1": 94.13786315917969, "train_acc1_step": 97.65625, "train_acc5": 99.09078216552734, "train_acc5_step": 100.0, "val_loss": 0.18212857842445374, "val_acc1": 94.5713119506836, "val_acc5": 99.69952392578125, "train_loss_epoch": 0.24408341944217682, "train_acc1_epoch": 94.13786315917969, "train_acc5_epoch": 99.09078216552734}