{"train_loss": 1.5632911920547485, "train_loss_step": 1.079639196395874, "train_acc1": 59.25967025756836, "train_acc1_step": 66.40625, "train_acc5": 83.33228302001953, "train_acc5_step": 92.1875, "val_loss": 1.1552414894104004, "val_acc1": 68.40945434570312, "val_acc5": 90.52484130859375, "train_loss_epoch": 1.5632911920547485, "train_acc1_epoch": 59.25967025756836, "train_acc5_epoch": 83.33228302001953}