{"train_loss": 0.3471232056617737, "train_loss_step": 0.1906246691942215, "train_acc1": 90.9070053100586, "train_acc1_step": 92.1875, "train_acc5": 98.39642333984375, "train_acc5_step": 99.21875, "val_loss": 0.25062742829322815, "val_acc1": 92.0272445678711, "val_acc5": 99.29888153076172, "train_loss_epoch": 0.3471232056617737, "train_acc1_epoch": 90.9070053100586, "train_acc5_epoch": 98.39642333984375}