{"train_loss": 0.2712612450122833, "train_loss_step": 0.12983158230781555, "train_acc1": 93.21442413330078, "train_acc1_step": 96.875, "train_acc5": 98.93121337890625, "train_acc5_step": 99.21875, "val_loss": 0.2196880728006363, "val_acc1": 93.68990325927734, "val_acc5": 99.53926086425781, "train_loss_epoch": 0.2712612450122833, "train_acc1_epoch": 93.21442413330078, "train_acc5_epoch": 98.93121337890625}