{"train_loss": 0.29903918504714966, "train_loss_step": 0.160940021276474, "train_acc1": 92.365234375, "train_acc1_step": 96.875, "train_acc5": 98.7613754272461, "train_acc5_step": 100.0, "val_loss": 0.22872766852378845, "val_acc1": 93.10897827148438, "val_acc5": 99.49919891357422, "train_loss_epoch": 0.29903918504714966, "train_acc1_epoch": 92.365234375, "train_acc5_epoch": 98.7613754272461}