{
  "dataset_revision": "d3fb88f8f02e40887cd149695127462bbcf29b4a",
  "evaluation_time": 2.502601146697998,
  "kg_co2_emissions": null,
  "mteb_version": "1.14.20",
  "scores": {
    "test": [
      {
        "cosine_pearson": 0.5707586067384829,
        "cosine_spearman": 0.6109777769648083,
        "euclidean_pearson": 0.5912965227520756,
        "euclidean_spearman": 0.608080120578296,
        "hf_subset": "default",
        "languages": [
          "eng-Latn"
        ],
        "main_score": 0.6109777769648083,
        "manhattan_pearson": 0.6853596127269681,
        "manhattan_spearman": 0.6581896960939071,
        "pearson": 0.5707586067384829,
        "spearman": 0.6109777769648083
      }
    ]
  },
  "task_name": "BIOSSES"
}