{
  "dataset_revision": "d3c5e1fc0b855ab6097bf1cda04dd73947d7caab",
  "evaluation_time": 107.70095896720886,
  "kg_co2_emissions": null,
  "mteb_version": "1.14.20",
  "scores": {
    "test": [
      {
        "hf_subset": "default",
        "languages": [
          "eng-Latn"
        ],
        "main_score": 0.6214613218141598,
        "map": 0.6214613218141598,
        "mrr": 0.8337720558308794,
        "nAUC_map_diff1": 0.12517923002029827,
        "nAUC_map_max": 0.4939647946435047,
        "nAUC_map_std": 0.42227515530345616,
        "nAUC_mrr_diff1": 0.36626734668405175,
        "nAUC_mrr_max": 0.6073955788047186,
        "nAUC_mrr_std": 0.38638307667493726
      }
    ]
  },
  "task_name": "SciDocsRR"
}