{
  "dataset_revision": "d3c5e1fc0b855ab6097bf1cda04dd73947d7caab",
  "evaluation_time": 179.83205032348633,
  "kg_co2_emissions": null,
  "mteb_version": "1.14.20",
  "scores": {
    "test": [
      {
        "hf_subset": "default",
        "languages": [
          "eng-Latn"
        ],
        "main_score": 0.5601924643379076,
        "map": 0.5601924643379076,
        "mrr": 0.7914417191377975,
        "nAUC_map_diff1": 0.15064932422254548,
        "nAUC_map_max": 0.42727999079308643,
        "nAUC_map_std": 0.35164025462093207,
        "nAUC_mrr_diff1": 0.35338265413571124,
        "nAUC_mrr_max": 0.5177928438583622,
        "nAUC_mrr_std": 0.28098071759831583
      }
    ]
  },
  "task_name": "SciDocsRR"
}