{
  "dataset_revision": "20a6d6f312dd54037fe07a32d58e5e168867909d",
  "evaluation_time": 37.92858028411865,
  "kg_co2_emissions": null,
  "mteb_version": "1.14.20",
  "scores": {
    "test": [
      {
        "cosine_pearson": 0.5727657386585336,
        "cosine_spearman": 0.5371448898850618,
        "euclidean_pearson": 0.5529589282619222,
        "euclidean_spearman": 0.5352772171080227,
        "hf_subset": "default",
        "languages": [
          "eng-Latn"
        ],
        "main_score": 0.5371448898850618,
        "manhattan_pearson": 0.5748628085199777,
        "manhattan_spearman": 0.5575925429267069,
        "pearson": 0.5727657386585336,
        "spearman": 0.5371448898850618
      }
    ]
  },
  "task_name": "SICK-R"
}