{
  "dataset_revision": "2000358ca161889fa9c082cb41daa8dcfb161a54",
  "evaluation_time": 10.085110664367676,
  "kg_co2_emissions": null,
  "mteb_version": "1.14.19",
  "scores": {
    "test": [
      {
        "hf_subset": "default",
        "languages": [
          "eng-Latn"
        ],
        "main_score": 0.47220605782687863,
        "map": 0.47220605782687863,
        "mrr": 0.609693092380073,
        "nAUC_map_diff1": 0.12149972539612963,
        "nAUC_map_max": 0.14929304612239863,
        "nAUC_map_std": -0.00911613111223583,
        "nAUC_mrr_diff1": 0.15411501517623538,
        "nAUC_mrr_max": 0.19248173652249947,
        "nAUC_mrr_std": -0.03871889591582913
      }
    ]
  },
  "task_name": "AskUbuntuDupQuestions"
}