{
  "dataset_revision": "e185fbe320c72810689fc5848eb6114e1ef5ec69",
  "evaluation_time": 100.32682633399963,
  "kg_co2_emissions": null,
  "mteb_version": "1.14.19",
  "scores": {
    "test": [
      {
        "hf_subset": "default",
        "languages": [
          "eng-Latn"
        ],
        "main_score": 0.3598948538114277,
        "map": 0.3598948538114277,
        "mrr": 0.35953136936592817,
        "nAUC_map_diff1": 0.3011566231378238,
        "nAUC_map_max": 0.2037628001084489,
        "nAUC_map_std": 0.02752708111789088,
        "nAUC_mrr_diff1": 0.2970210304178085,
        "nAUC_mrr_max": 0.21368112532930753,
        "nAUC_mrr_std": 0.038580607818495115
      }
    ]
  },
  "task_name": "StackOverflowDupQuestions"
}