{
  "dataset_revision": "6031580fec1f6af667f0bd2da0a551cf4f0b2375",
  "evaluation_time": 16.11685609817505,
  "kg_co2_emissions": null,
  "mteb_version": "1.14.19",
  "scores": {
    "test": [
      {
        "cosine_pearson": 0.40783392234226257,
        "cosine_spearman": 0.42474181555565055,
        "euclidean_pearson": 0.4801632739196982,
        "euclidean_spearman": 0.47225965904661754,
        "hf_subset": "default",
        "languages": [
          "eng-Latn"
        ],
        "main_score": 0.42474181555565055,
        "manhattan_pearson": 0.5311236871871932,
        "manhattan_spearman": 0.5132412250647668,
        "pearson": 0.40783392234226257,
        "spearman": 0.42474181555565055
      }
    ]
  },
  "task_name": "STS14"
}