{
  "dataset_revision": "d3c5e1fc0b855ab6097bf1cda04dd73947d7caab",
  "evaluation_time": 40.846113204956055,
  "kg_co2_emissions": null,
  "mteb_version": "1.14.19",
  "scores": {
    "test": [
      {
        "hf_subset": "default",
        "languages": [
          "eng-Latn"
        ],
        "main_score": 0.6388302132662688,
        "map": 0.6388302132662688,
        "mrr": 0.8550040101510689,
        "nAUC_map_diff1": 0.15140776321081958,
        "nAUC_map_max": 0.5556023200234329,
        "nAUC_map_std": 0.626812881671488,
        "nAUC_mrr_diff1": 0.4468111226896472,
        "nAUC_mrr_max": 0.6821821672571173,
        "nAUC_mrr_std": 0.618944442036482
      }
    ]
  },
  "task_name": "SciDocsRR"
}