{
  "dataset_revision": "d66bd1f72af766a5cc4b0ca5e00c162f89e8cc46",
  "evaluation_time": 18.469127655029297,
  "kg_co2_emissions": null,
  "mteb_version": "1.14.19",
  "scores": {
    "test": [
      {
        "cosine_accuracy": 0.9945643564356436,
        "cosine_accuracy_threshold": 0.8656255006790161,
        "cosine_ap": 0.7371429857107943,
        "cosine_f1": 0.689167120304845,
        "cosine_f1_threshold": 0.8583124876022339,
        "cosine_precision": 0.7562724014336918,
        "cosine_recall": 0.633,
        "dot_accuracy": 0.9905445544554455,
        "dot_accuracy_threshold": 102.16433715820312,
        "dot_ap": 0.28153511032925127,
        "dot_f1": 0.3465739821251241,
        "dot_f1_threshold": 89.34642028808594,
        "dot_precision": 0.34418145956607493,
        "dot_recall": 0.349,
        "euclidean_accuracy": 0.9939306930693069,
        "euclidean_accuracy_threshold": 4.871360778808594,
        "euclidean_ap": 0.680319960275483,
        "euclidean_f1": 0.6476868327402135,
        "euclidean_f1_threshold": 5.2979416847229,
        "euclidean_precision": 0.6587383660806618,
        "euclidean_recall": 0.637,
        "hf_subset": "default",
        "languages": [
          "eng-Latn"
        ],
        "main_score": 0.7371429857107943,
        "manhattan_accuracy": 0.9939207920792079,
        "manhattan_accuracy_threshold": 107.08078002929688,
        "manhattan_ap": 0.6814629610517873,
        "manhattan_f1": 0.6495278069254984,
        "manhattan_f1_threshold": 115.41924285888672,
        "manhattan_precision": 0.6832229580573952,
        "manhattan_recall": 0.619,
        "max_accuracy": 0.9945643564356436,
        "max_ap": 0.7371429857107943,
        "max_f1": 0.689167120304845,
        "max_precision": 0.7562724014336918,
        "max_recall": 0.637,
        "similarity_accuracy": 0.9945643564356436,
        "similarity_accuracy_threshold": 0.8656255006790161,
        "similarity_ap": 0.7371429857107943,
        "similarity_f1": 0.689167120304845,
        "similarity_f1_threshold": 0.8583124876022339,
        "similarity_precision": 0.7562724014336918,
        "similarity_recall": 0.633
      }
    ],
    "validation": [
      {
        "cosine_accuracy": 0.9943267326732673,
        "cosine_accuracy_threshold": 0.8627018928527832,
        "cosine_ap": 0.6905878811704769,
        "cosine_f1": 0.672216441207076,
        "cosine_f1_threshold": 0.8512973785400391,
        "cosine_precision": 0.7006507592190889,
        "cosine_recall": 0.646,
        "dot_accuracy": 0.9902079207920792,
        "dot_accuracy_threshold": 107.74737548828125,
        "dot_ap": 0.24118198862656837,
        "dot_f1": 0.32722731057452126,
        "dot_f1_threshold": 86.64641571044922,
        "dot_precision": 0.28031383737517834,
        "dot_recall": 0.393,
        "euclidean_accuracy": 0.9934356435643564,
        "euclidean_accuracy_threshold": 5.057071685791016,
        "euclidean_ap": 0.6149392603215367,
        "euclidean_f1": 0.6128680479825518,
        "euclidean_f1_threshold": 5.244218826293945,
        "euclidean_precision": 0.6738609112709832,
        "euclidean_recall": 0.562,
        "hf_subset": "default",
        "languages": [
          "eng-Latn"
        ],
        "main_score": 0.6905878811704769,
        "manhattan_accuracy": 0.9934356435643564,
        "manhattan_accuracy_threshold": 112.12960052490234,
        "manhattan_ap": 0.6147211523896176,
        "manhattan_f1": 0.6141032759578012,
        "manhattan_f1_threshold": 114.82457733154297,
        "manhattan_precision": 0.6903870162297129,
        "manhattan_recall": 0.553,
        "max_accuracy": 0.9943267326732673,
        "max_ap": 0.6905878811704769,
        "max_f1": 0.672216441207076,
        "max_precision": 0.7006507592190889,
        "max_recall": 0.646,
        "similarity_accuracy": 0.9943267326732673,
        "similarity_accuracy_threshold": 0.8627018928527832,
        "similarity_ap": 0.6905878811704769,
        "similarity_f1": 0.672216441207076,
        "similarity_f1_threshold": 0.8512973785400391,
        "similarity_precision": 0.7006507592190889,
        "similarity_recall": 0.646
      }
    ]
  },
  "task_name": "SprintDuplicateQuestions"
}