{
  "dataset_revision": "20a6d6f312dd54037fe07a32d58e5e168867909d",
  "evaluation_time": 15.640976905822754,
  "kg_co2_emissions": null,
  "mteb_version": "1.14.19",
  "scores": {
    "test": [
      {
        "cosine_pearson": 0.6098829940274193,
        "cosine_spearman": 0.5640331300311366,
        "euclidean_pearson": 0.5763136567574949,
        "euclidean_spearman": 0.5625574400553442,
        "hf_subset": "default",
        "languages": [
          "eng-Latn"
        ],
        "main_score": 0.5640331300311366,
        "manhattan_pearson": 0.5776615016123804,
        "manhattan_spearman": 0.5644046575598828,
        "pearson": 0.6098829940274193,
        "spearman": 0.5640331300311366
      }
    ]
  },
  "task_name": "SICK-R"
}