{
  "dataset_revision": "d66bd1f72af766a5cc4b0ca5e00c162f89e8cc46",
  "evaluation_time": 25.509822607040405,
  "kg_co2_emissions": null,
  "mteb_version": "1.14.19",
  "scores": {
    "test": [
      {
        "cosine_accuracy": 0.991990099009901,
        "cosine_accuracy_threshold": 0.9015666246414185,
        "cosine_ap": 0.45810020043288424,
        "cosine_f1": 0.47270680922903774,
        "cosine_f1_threshold": 0.8877958655357361,
        "cosine_precision": 0.5405405405405406,
        "cosine_recall": 0.42,
        "dot_accuracy": 0.9907128712871287,
        "dot_accuracy_threshold": 4047.35400390625,
        "dot_ap": 0.23630695585558603,
        "dot_f1": 0.29182712879760375,
        "dot_f1_threshold": 3801.27880859375,
        "dot_precision": 0.2550486163051608,
        "dot_recall": 0.341,
        "euclidean_accuracy": 0.9917623762376238,
        "euclidean_accuracy_threshold": 27.109697341918945,
        "euclidean_ap": 0.44137897760456185,
        "euclidean_f1": 0.4718853362734289,
        "euclidean_f1_threshold": 30.59130859375,
        "euclidean_precision": 0.5257985257985258,
        "euclidean_recall": 0.428,
        "hf_subset": "default",
        "languages": [
          "eng-Latn"
        ],
        "main_score": 0.45810020043288424,
        "manhattan_accuracy": 0.9917524752475247,
        "manhattan_accuracy_threshold": 693.244140625,
        "manhattan_ap": 0.4453989523207541,
        "manhattan_f1": 0.47624020887728463,
        "manhattan_f1_threshold": 783.6712646484375,
        "manhattan_precision": 0.49836065573770494,
        "manhattan_recall": 0.456,
        "max_accuracy": 0.991990099009901,
        "max_ap": 0.45810020043288424,
        "max_f1": 0.47624020887728463,
        "max_precision": 0.5405405405405406,
        "max_recall": 0.456,
        "similarity_accuracy": 0.991990099009901,
        "similarity_accuracy_threshold": 0.9015666246414185,
        "similarity_ap": 0.45810020043288424,
        "similarity_f1": 0.47270680922903774,
        "similarity_f1_threshold": 0.8877958655357361,
        "similarity_precision": 0.5405405405405406,
        "similarity_recall": 0.42
      }
    ],
    "validation": [
      {
        "cosine_accuracy": 0.9912178217821782,
        "cosine_accuracy_threshold": 0.8990730047225952,
        "cosine_ap": 0.380417412688135,
        "cosine_f1": 0.43617571059431526,
        "cosine_f1_threshold": 0.8784984350204468,
        "cosine_precision": 0.45133689839572194,
        "cosine_recall": 0.422,
        "dot_accuracy": 0.9905544554455445,
        "dot_accuracy_threshold": 3968.8349609375,
        "dot_ap": 0.20503431913794223,
        "dot_f1": 0.2658022690437601,
        "dot_f1_threshold": 3801.457763671875,
        "dot_precision": 0.2890716803760282,
        "dot_recall": 0.246,
        "euclidean_accuracy": 0.9912871287128713,
        "euclidean_accuracy_threshold": 28.722206115722656,
        "euclidean_ap": 0.37084808519623397,
        "euclidean_f1": 0.4205426356589147,
        "euclidean_f1_threshold": 32.07247543334961,
        "euclidean_precision": 0.40789473684210525,
        "euclidean_recall": 0.434,
        "hf_subset": "default",
        "languages": [
          "eng-Latn"
        ],
        "main_score": 0.380417412688135,
        "manhattan_accuracy": 0.9912673267326733,
        "manhattan_accuracy_threshold": 727.5469970703125,
        "manhattan_ap": 0.3739915676566413,
        "manhattan_f1": 0.4244186046511628,
        "manhattan_f1_threshold": 813.428955078125,
        "manhattan_precision": 0.4116541353383459,
        "manhattan_recall": 0.438,
        "max_accuracy": 0.9912871287128713,
        "max_ap": 0.380417412688135,
        "max_f1": 0.43617571059431526,
        "max_precision": 0.45133689839572194,
        "max_recall": 0.438,
        "similarity_accuracy": 0.9912178217821782,
        "similarity_accuracy_threshold": 0.8990730047225952,
        "similarity_ap": 0.380417412688135,
        "similarity_f1": 0.43617571059431526,
        "similarity_f1_threshold": 0.8784984350204468,
        "similarity_precision": 0.45133689839572194,
        "similarity_recall": 0.422
      }
    ]
  },
  "task_name": "SprintDuplicateQuestions"
}