{
  "dataset_revision": "ae752c7c21bf194d8b67fd573edf7ae58183cbe3",
  "evaluation_time": 10.283018350601196,
  "kg_co2_emissions": null,
  "mteb_version": "1.14.19",
  "scores": {
    "test": [
      {
        "cosine_pearson": 0.6045385653884767,
        "cosine_spearman": 0.6148110142019201,
        "euclidean_pearson": 0.5888137338109469,
        "euclidean_spearman": 0.5937579821915187,
        "hf_subset": "default",
        "languages": [
          "eng-Latn"
        ],
        "main_score": 0.6148110142019201,
        "manhattan_pearson": 0.5936117245985766,
        "manhattan_spearman": 0.5980119383779402,
        "pearson": 0.6045385653884767,
        "spearman": 0.6148110142019201
      }
    ]
  },
  "task_name": "STS15"
}