{
  "dataset_revision": "20a6d6f312dd54037fe07a32d58e5e168867909d",
  "evaluation_time": 14.276415824890137,
  "kg_co2_emissions": null,
  "mteb_version": "1.14.19",
  "scores": {
    "test": [
      {
        "cosine_pearson": 0.43174258509557456,
        "cosine_spearman": 0.4483000842539792,
        "euclidean_pearson": 0.43217686717447934,
        "euclidean_spearman": 0.44074236225112656,
        "hf_subset": "default",
        "languages": [
          "eng-Latn"
        ],
        "main_score": 0.4483000842539792,
        "manhattan_pearson": 0.4307536174493308,
        "manhattan_spearman": 0.43934381344712775,
        "pearson": 0.43174258509557456,
        "spearman": 0.4483000842539792
      }
    ]
  },
  "task_name": "SICK-R"
}