{
  "dataset_revision": "d3c5e1fc0b855ab6097bf1cda04dd73947d7caab",
  "evaluation_time": 83.45300531387329,
  "kg_co2_emissions": null,
  "mteb_version": "1.14.20",
  "scores": {
    "test": [
      {
        "hf_subset": "default",
        "languages": [
          "eng-Latn"
        ],
        "main_score": 0.5881182638751488,
        "map": 0.5881182638751488,
        "mrr": 0.8210228678365933,
        "nAUC_map_diff1": 0.18216648432475321,
        "nAUC_map_max": 0.4566511109691453,
        "nAUC_map_std": 0.4133280307157147,
        "nAUC_mrr_diff1": 0.4181046772150333,
        "nAUC_mrr_max": 0.5681158858477025,
        "nAUC_mrr_std": 0.38925207608339446
      }
    ]
  },
  "task_name": "SciDocsRR"
}