{
  "dataset_revision": "7e90230a92c190f1bf69ae9002b8cea547a64cca",
  "evaluation_time": 8.662892580032349,
  "kg_co2_emissions": null,
  "mteb_version": "1.14.20",
  "scores": {
    "test": [
      {
        "cosine_pearson": 0.5633838876555215,
        "cosine_spearman": 0.5696940094122012,
        "euclidean_pearson": 0.5699606591633978,
        "euclidean_spearman": 0.5725232857351236,
        "hf_subset": "default",
        "languages": [
          "eng-Latn"
        ],
        "main_score": 0.5696940094122012,
        "manhattan_pearson": 0.5723184839726413,
        "manhattan_spearman": 0.5744232528657179,
        "pearson": 0.5633838876555215,
        "spearman": 0.5696940094122012
      }
    ]
  },
  "task_name": "STS13"
}