{
  "dataset_revision": "d3fb88f8f02e40887cd149695127462bbcf29b4a",
  "evaluation_time": 2.0168914794921875,
  "kg_co2_emissions": null,
  "mteb_version": "1.14.20",
  "scores": {
    "test": [
      {
        "cosine_pearson": 0.5101295671247155,
        "cosine_spearman": 0.5074452974251001,
        "euclidean_pearson": 0.4380034732384213,
        "euclidean_spearman": 0.4507934041636423,
        "hf_subset": "default",
        "languages": [
          "eng-Latn"
        ],
        "main_score": 0.5074452974251001,
        "manhattan_pearson": 0.44181311725395467,
        "manhattan_spearman": 0.4538296179241458,
        "pearson": 0.5101295671247155,
        "spearman": 0.5074452974251001
      }
    ]
  },
  "task_name": "BIOSSES"
}