{
  "dataset_revision": "2000358ca161889fa9c082cb41daa8dcfb161a54",
  "evaluation_time": 58.873780250549316,
  "kg_co2_emissions": null,
  "mteb_version": "1.14.21",
  "scores": {
    "test": [
      {
        "hf_subset": "default",
        "languages": [
          "eng-Latn"
        ],
        "main_score": 0.505332011537121,
        "map": 0.505332011537121,
        "mrr": 0.6377577716220375,
        "nAUC_map_diff1": 0.16521634918096767,
        "nAUC_map_max": 0.22834514561005342,
        "nAUC_map_std": 0.10614890977162665,
        "nAUC_mrr_diff1": 0.21837485415253993,
        "nAUC_mrr_max": 0.28581806640625745,
        "nAUC_mrr_std": 0.12575796459351235
      }
    ]
  },
  "task_name": "AskUbuntuDupQuestions"
}