{
  "dataset_revision": "ae752c7c21bf194d8b67fd573edf7ae58183cbe3",
  "evaluation_time": 65.9903211593628,
  "kg_co2_emissions": null,
  "mteb_version": "1.14.21",
  "scores": {
    "test": [
      {
        "cosine_pearson": 0.6582167699138197,
        "cosine_spearman": 0.6573340427658592,
        "euclidean_pearson": 0.643557069271795,
        "euclidean_spearman": 0.6523372532483571,
        "hf_subset": "default",
        "languages": [
          "eng-Latn"
        ],
        "main_score": 0.6573340427658592,
        "manhattan_pearson": 0.6358648173929868,
        "manhattan_spearman": 0.6450369911368125,
        "pearson": 0.6582167699138197,
        "spearman": 0.6573340427658592
      }
    ]
  },
  "task_name": "STS15"
}