{
  "dataset_revision": "d3fb88f8f02e40887cd149695127462bbcf29b4a",
  "evaluation_time": 1.7943730354309082,
  "kg_co2_emissions": null,
  "mteb_version": "1.14.20",
  "scores": {
    "test": [
      {
        "cosine_pearson": 0.4577877118782973,
        "cosine_spearman": 0.530518112311466,
        "euclidean_pearson": 0.4948543022981657,
        "euclidean_spearman": 0.5232950561629666,
        "hf_subset": "default",
        "languages": [
          "eng-Latn"
        ],
        "main_score": 0.530518112311466,
        "manhattan_pearson": 0.6024793040097746,
        "manhattan_spearman": 0.6059716388001686,
        "pearson": 0.4577877118782973,
        "spearman": 0.530518112311466
      }
    ]
  },
  "task_name": "BIOSSES"
}