{
  "dataset_revision": "d3c5e1fc0b855ab6097bf1cda04dd73947d7caab",
  "evaluation_time": 84.82051658630371,
  "kg_co2_emissions": null,
  "mteb_version": "1.14.20",
  "scores": {
    "test": [
      {
        "hf_subset": "default",
        "languages": [
          "eng-Latn"
        ],
        "main_score": 0.6007138936988502,
        "map": 0.6007138936988502,
        "mrr": 0.8222753916381367,
        "nAUC_map_diff1": 0.10717609145255054,
        "nAUC_map_max": 0.4944709035627907,
        "nAUC_map_std": 0.3800126937054456,
        "nAUC_mrr_diff1": 0.3379773931202133,
        "nAUC_mrr_max": 0.5837606540220516,
        "nAUC_mrr_std": 0.36283651669283823
      }
    ]
  },
  "task_name": "SciDocsRR"
}