{
  "dataset_revision": "20a6d6f312dd54037fe07a32d58e5e168867909d",
  "evaluation_time": 29.152069330215454,
  "kg_co2_emissions": null,
  "mteb_version": "1.14.20",
  "scores": {
    "test": [
      {
        "cosine_pearson": 0.5942287380757096,
        "cosine_spearman": 0.5364508824657859,
        "euclidean_pearson": 0.5745593217254723,
        "euclidean_spearman": 0.5389301971898763,
        "hf_subset": "default",
        "languages": [
          "eng-Latn"
        ],
        "main_score": 0.5364508824657859,
        "manhattan_pearson": 0.6030102171986503,
        "manhattan_spearman": 0.566874844484415,
        "pearson": 0.5942287380757096,
        "spearman": 0.5364508824657859
      }
    ]
  },
  "task_name": "SICK-R"
}