{
  "dataset_revision": "e185fbe320c72810689fc5848eb6114e1ef5ec69",
  "evaluation_time": 64.85912990570068,
  "kg_co2_emissions": null,
  "mteb_version": "1.14.20",
  "scores": {
    "test": [
      {
        "hf_subset": "default",
        "languages": [
          "eng-Latn"
        ],
        "main_score": 0.3614578137494831,
        "map": 0.3614578137494831,
        "mrr": 0.36070181860623035,
        "nAUC_map_diff1": 0.2864141790073668,
        "nAUC_map_max": 0.1935710383480926,
        "nAUC_map_std": 0.05549952457744028,
        "nAUC_mrr_diff1": 0.2788980061689645,
        "nAUC_mrr_max": 0.20017989299926464,
        "nAUC_mrr_std": 0.0618584931938465
      }
    ]
  },
  "task_name": "StackOverflowDupQuestions"
}