{
  "dataset_revision": "d3fb88f8f02e40887cd149695127462bbcf29b4a",
  "evaluation_time": 3.658332586288452,
  "kg_co2_emissions": null,
  "mteb_version": "1.14.20",
  "scores": {
    "test": [
      {
        "cosine_pearson": 0.5383932256561256,
        "cosine_spearman": 0.6092608703740474,
        "euclidean_pearson": 0.5614490897595378,
        "euclidean_spearman": 0.5853687597110379,
        "hf_subset": "default",
        "languages": [
          "eng-Latn"
        ],
        "main_score": 0.6092608703740474,
        "manhattan_pearson": 0.6458319766173723,
        "manhattan_spearman": 0.6394422809695285,
        "pearson": 0.5383932256561256,
        "spearman": 0.6092608703740474
      }
    ]
  },
  "task_name": "BIOSSES"
}