{
  "dataset_revision": "d3c5e1fc0b855ab6097bf1cda04dd73947d7caab",
  "evaluation_time": 260.5666823387146,
  "kg_co2_emissions": null,
  "mteb_version": "1.14.20",
  "scores": {
    "test": [
      {
        "hf_subset": "default",
        "languages": [
          "eng-Latn"
        ],
        "main_score": 0.5766312454752739,
        "map": 0.5766312454752739,
        "mrr": 0.8005303973441228,
        "nAUC_map_diff1": 0.14846179082531633,
        "nAUC_map_max": 0.4786715474089578,
        "nAUC_map_std": 0.3737185112396065,
        "nAUC_mrr_diff1": 0.3528474464117436,
        "nAUC_mrr_max": 0.5521088709871076,
        "nAUC_mrr_std": 0.29891762583320075
      }
    ]
  },
  "task_name": "SciDocsRR"
}