{
  "dataset_revision": "59042f120c80e8afa9cdbb224f67076cec0fc9a7",
  "evaluation_time": 123.18399930000305,
  "kg_co2_emissions": null,
  "mteb_version": "1.14.20",
  "scores": {
    "test": [
      {
        "hf_subset": "default",
        "languages": [
          "eng-Latn"
        ],
        "main_score": 0.2574450022230899,
        "map": 0.2574450022230899,
        "mrr": 0.26034214652902804,
        "nAUC_map_diff1": 0.21388012960967104,
        "nAUC_map_max": -0.24277013965718927,
        "nAUC_map_std": -0.12497257177765761,
        "nAUC_mrr_diff1": 0.19960291293723179,
        "nAUC_mrr_max": -0.17683535595119934,
        "nAUC_mrr_std": -0.10025830811226083
      }
    ]
  },
  "task_name": "MindSmallReranking"
}