{
  "dataset_revision": "20a6d6f312dd54037fe07a32d58e5e168867909d",
  "evaluation_time": 16.714064121246338,
  "kg_co2_emissions": null,
  "mteb_version": "1.14.20",
  "scores": {
    "test": [
      {
        "cosine_pearson": 0.5228979566391843,
        "cosine_spearman": 0.4909823057438306,
        "euclidean_pearson": 0.5001654004926175,
        "euclidean_spearman": 0.48386439373650847,
        "hf_subset": "default",
        "languages": [
          "eng-Latn"
        ],
        "main_score": 0.4909823057438306,
        "manhattan_pearson": 0.49988102021414255,
        "manhattan_spearman": 0.48365775683094575,
        "pearson": 0.5228979566391843,
        "spearman": 0.4909823057438306
      }
    ]
  },
  "task_name": "SICK-R"
}