{
  "dataset_revision": "e185fbe320c72810689fc5848eb6114e1ef5ec69",
  "evaluation_time": 61.28415584564209,
  "kg_co2_emissions": null,
  "mteb_version": "1.14.20",
  "scores": {
    "test": [
      {
        "hf_subset": "default",
        "languages": [
          "eng-Latn"
        ],
        "main_score": 0.31528800537886087,
        "map": 0.31528800537886087,
        "mrr": 0.3075457834649011,
        "nAUC_map_diff1": 0.25746926931382613,
        "nAUC_map_max": 0.2106769250960371,
        "nAUC_map_std": 0.1084968197321824,
        "nAUC_mrr_diff1": 0.25150709889591105,
        "nAUC_mrr_max": 0.2144318988576878,
        "nAUC_mrr_std": 0.11186183065351483
      }
    ]
  },
  "task_name": "StackOverflowDupQuestions"
}