{
  "dataset_revision": "7e90230a92c190f1bf69ae9002b8cea547a64cca",
  "evaluation_time": 6.276320695877075,
  "kg_co2_emissions": null,
  "mteb_version": "1.14.20",
  "scores": {
    "test": [
      {
        "cosine_pearson": 0.4197981414830132,
        "cosine_spearman": 0.4157123084992562,
        "euclidean_pearson": 0.42813276327453526,
        "euclidean_spearman": 0.421804737538313,
        "hf_subset": "default",
        "languages": [
          "eng-Latn"
        ],
        "main_score": 0.4157123084992562,
        "manhattan_pearson": 0.42890077125274195,
        "manhattan_spearman": 0.4222234020208632,
        "pearson": 0.4197981414830132,
        "spearman": 0.4157123084992562
      }
    ]
  },
  "task_name": "STS13"
}