{
  "dataset_revision": "2000358ca161889fa9c082cb41daa8dcfb161a54",
  "evaluation_time": 9.984863758087158,
  "kg_co2_emissions": null,
  "mteb_version": "1.14.20",
  "scores": {
    "test": [
      {
        "hf_subset": "default",
        "languages": [
          "eng-Latn"
        ],
        "main_score": 0.47577962119601525,
        "map": 0.47577962119601525,
        "mrr": 0.6126577408433365,
        "nAUC_map_diff1": 0.09749396127560411,
        "nAUC_map_max": 0.15910420279165885,
        "nAUC_map_std": 0.04864988481460068,
        "nAUC_mrr_diff1": 0.10195350863444132,
        "nAUC_mrr_max": 0.1792424702949703,
        "nAUC_mrr_std": 0.04813531930845079
      }
    ]
  },
  "task_name": "AskUbuntuDupQuestions"
}