{
  "dataset_revision": "d3fb88f8f02e40887cd149695127462bbcf29b4a",
  "evaluation_time": 2.4849817752838135,
  "kg_co2_emissions": null,
  "mteb_version": "1.14.20",
  "scores": {
    "test": [
      {
        "cosine_pearson": 0.6984735942847298,
        "cosine_spearman": 0.6820034917194432,
        "euclidean_pearson": 0.6869094181533634,
        "euclidean_spearman": 0.6757081675533201,
        "hf_subset": "default",
        "languages": [
          "eng-Latn"
        ],
        "main_score": 0.6820034917194432,
        "manhattan_pearson": 0.6941223120284655,
        "manhattan_spearman": 0.6807745480544776,
        "pearson": 0.6984735942847298,
        "spearman": 0.6820034917194432
      }
    ]
  },
  "task_name": "BIOSSES"
}