{
  "dataset_revision": "59042f120c80e8afa9cdbb224f67076cec0fc9a7",
  "evaluation_time": 126.56088757514954,
  "kg_co2_emissions": null,
  "mteb_version": "1.14.20",
  "scores": {
    "test": [
      {
        "hf_subset": "default",
        "languages": [
          "eng-Latn"
        ],
        "main_score": 0.2564535249935013,
        "map": 0.2564535249935013,
        "mrr": 0.25661298464520993,
        "nAUC_map_diff1": 0.2774730786712674,
        "nAUC_map_max": -0.2932881547024028,
        "nAUC_map_std": -0.14036070156238853,
        "nAUC_mrr_diff1": 0.25318899667343603,
        "nAUC_mrr_max": -0.23757323986014714,
        "nAUC_mrr_std": -0.12587028865296238
      }
    ]
  },
  "task_name": "MindSmallReranking"
}