{
  "dataset_revision": "e185fbe320c72810689fc5848eb6114e1ef5ec69",
  "evaluation_time": 70.9321551322937,
  "kg_co2_emissions": null,
  "mteb_version": "1.14.20",
  "scores": {
    "test": [
      {
        "hf_subset": "default",
        "languages": [
          "eng-Latn"
        ],
        "main_score": 0.34483093331886966,
        "map": 0.34483093331886966,
        "mrr": 0.34244692195059845,
        "nAUC_map_diff1": 0.2649601287844623,
        "nAUC_map_max": 0.21665265974122022,
        "nAUC_map_std": 0.1244313352371418,
        "nAUC_mrr_diff1": 0.2595122359840809,
        "nAUC_mrr_max": 0.2241259594255192,
        "nAUC_mrr_std": 0.12421466337481962
      }
    ]
  },
  "task_name": "StackOverflowDupQuestions"
}