{
  "dataset_revision": "4d8694f8f0e0100860b497b999b3dbed754a0513",
  "evaluation_time": 8.83701229095459,
  "kg_co2_emissions": null,
  "mteb_version": "1.14.20",
  "scores": {
    "test": [
      {
        "cosine_pearson": 0.551939443930181,
        "cosine_spearman": 0.5495016502786546,
        "euclidean_pearson": 0.5344530579222277,
        "euclidean_spearman": 0.5264732394851793,
        "hf_subset": "default",
        "languages": [
          "eng-Latn"
        ],
        "main_score": 0.5495016502786546,
        "manhattan_pearson": 0.5337371199925519,
        "manhattan_spearman": 0.525853663713312,
        "pearson": 0.551939443930181,
        "spearman": 0.5495016502786546
      }
    ]
  },
  "task_name": "STS16"
}