{
  "dataset_revision": "d3c5e1fc0b855ab6097bf1cda04dd73947d7caab",
  "evaluation_time": 39.785454511642456,
  "kg_co2_emissions": null,
  "mteb_version": "1.14.20",
  "scores": {
    "test": [
      {
        "hf_subset": "default",
        "languages": [
          "eng-Latn"
        ],
        "main_score": 0.43534225178753533,
        "map": 0.43534225178753533,
        "mrr": 0.6539246610325041,
        "nAUC_map_diff1": 0.20216597703155453,
        "nAUC_map_max": 0.35584743481585307,
        "nAUC_map_std": 0.29285850797741453,
        "nAUC_mrr_diff1": 0.30979423014864005,
        "nAUC_mrr_max": 0.40244890309163345,
        "nAUC_mrr_std": 0.24306330643440974
      }
    ]
  },
  "task_name": "SciDocsRR"
}