{
  "dataset_revision": "6031580fec1f6af667f0bd2da0a551cf4f0b2375",
  "evaluation_time": 5.897278547286987,
  "kg_co2_emissions": null,
  "mteb_version": "1.14.20",
  "scores": {
    "test": [
      {
        "cosine_pearson": 0.2975255795294944,
        "cosine_spearman": 0.2764169093805908,
        "euclidean_pearson": 0.32463641866501236,
        "euclidean_spearman": 0.3036046785553357,
        "hf_subset": "default",
        "languages": [
          "eng-Latn"
        ],
        "main_score": 0.2764169093805908,
        "manhattan_pearson": 0.32459919853418007,
        "manhattan_spearman": 0.3033914882544305,
        "pearson": 0.2975255795294944,
        "spearman": 0.2764169093805908
      }
    ]
  },
  "task_name": "STS14"
}