{
  "dataset_revision": "a0d554a64d88156834ff5ae9920b964011b16384",
  "evaluation_time": 9.83127474784851,
  "kg_co2_emissions": null,
  "mteb_version": "1.14.19",
  "scores": {
    "test": [
      {
        "cosine_pearson": 0.3386503503472847,
        "cosine_spearman": 0.3989105330355617,
        "euclidean_pearson": 0.37039655593727905,
        "euclidean_spearman": 0.37487875600504655,
        "hf_subset": "default",
        "languages": [
          "eng-Latn"
        ],
        "main_score": 0.3989105330355617,
        "manhattan_pearson": 0.4012519566579774,
        "manhattan_spearman": 0.3988070772080273,
        "pearson": 0.3386503503472847,
        "spearman": 0.3989105330355617
      }
    ]
  },
  "task_name": "STS12"
}