{
  "dataset_revision": "d3fb88f8f02e40887cd149695127462bbcf29b4a",
  "evaluation_time": 17.587992906570435,
  "kg_co2_emissions": null,
  "mteb_version": "1.14.21",
  "scores": {
    "test": [
      {
        "cosine_pearson": 0.8305090565807945,
        "cosine_spearman": 0.809193136809741,
        "euclidean_pearson": 0.7983657916170971,
        "euclidean_spearman": 0.7814033469740217,
        "hf_subset": "default",
        "languages": [
          "eng-Latn"
        ],
        "main_score": 0.809193136809741,
        "manhattan_pearson": 0.8043373448911408,
        "manhattan_spearman": 0.7848130632209364,
        "pearson": 0.8305090565807945,
        "spearman": 0.809193136809741
      }
    ]
  },
  "task_name": "BIOSSES"
}