{
  "dataset_revision": "59042f120c80e8afa9cdbb224f67076cec0fc9a7",
  "evaluation_time": 558.3568732738495,
  "kg_co2_emissions": null,
  "mteb_version": "1.14.21",
  "scores": {
    "test": [
      {
        "hf_subset": "default",
        "languages": [
          "eng-Latn"
        ],
        "main_score": 0.3212345673978623,
        "map": 0.3212345673978623,
        "mrr": 0.333776118828559,
        "nAUC_map_diff1": 0.17196998331133123,
        "nAUC_map_max": -0.21280617671716104,
        "nAUC_map_std": 0.015967458657384193,
        "nAUC_mrr_diff1": 0.1560783453529505,
        "nAUC_mrr_max": -0.15364890316960364,
        "nAUC_mrr_std": 0.032151529513417126
      }
    ]
  },
  "task_name": "MindSmallReranking"
}