{
  "dataset_revision": "a0d554a64d88156834ff5ae9920b964011b16384",
  "evaluation_time": 87.28203916549683,
  "kg_co2_emissions": null,
  "mteb_version": "1.14.21",
  "scores": {
    "test": [
      {
        "cosine_pearson": 0.570819499914793,
        "cosine_spearman": 0.4917021116524045,
        "euclidean_pearson": 0.5446252665032995,
        "euclidean_spearman": 0.4790052402720831,
        "hf_subset": "default",
        "languages": [
          "eng-Latn"
        ],
        "main_score": 0.4917021116524045,
        "manhattan_pearson": 0.5519142465199333,
        "manhattan_spearman": 0.4821389272131205,
        "pearson": 0.570819499914793,
        "spearman": 0.4917021116524045
      }
    ]
  },
  "task_name": "STS12"
}