{
  "dataset_revision": "d3fb88f8f02e40887cd149695127462bbcf29b4a",
  "evaluation_time": 1.5977888107299805,
  "kg_co2_emissions": null,
  "mteb_version": "1.14.20",
  "scores": {
    "test": [
      {
        "cosine_pearson": 0.5846820267461785,
        "cosine_spearman": 0.592537597756671,
        "euclidean_pearson": 0.579782867197099,
        "euclidean_spearman": 0.5882543676302465,
        "hf_subset": "default",
        "languages": [
          "eng-Latn"
        ],
        "main_score": 0.592537597756671,
        "manhattan_pearson": 0.5850102574680556,
        "manhattan_spearman": 0.5911761209513658,
        "pearson": 0.5846820267461785,
        "spearman": 0.592537597756671
      }
    ]
  },
  "task_name": "BIOSSES"
}