{
  "dataset_revision": "20a6d6f312dd54037fe07a32d58e5e168867909d",
  "evaluation_time": 13.204716444015503,
  "kg_co2_emissions": null,
  "mteb_version": "1.14.20",
  "scores": {
    "test": [
      {
        "cosine_pearson": 0.5939798146177847,
        "cosine_spearman": 0.5478163683533599,
        "euclidean_pearson": 0.5657812301967304,
        "euclidean_spearman": 0.5498457020113526,
        "hf_subset": "default",
        "languages": [
          "eng-Latn"
        ],
        "main_score": 0.5478163683533599,
        "manhattan_pearson": 0.5678275561650794,
        "manhattan_spearman": 0.5525453085856957,
        "pearson": 0.5939798146177847,
        "spearman": 0.5478163683533599
      }
    ]
  },
  "task_name": "SICK-R"
}