{
  "dataset_revision": "a0d554a64d88156834ff5ae9920b964011b16384",
  "evaluation_time": 6.284057140350342,
  "kg_co2_emissions": null,
  "mteb_version": "1.14.20",
  "scores": {
    "test": [
      {
        "cosine_pearson": 0.33933266323498923,
        "cosine_spearman": 0.38371987215912895,
        "euclidean_pearson": 0.37800920232169,
        "euclidean_spearman": 0.38042204127291296,
        "hf_subset": "default",
        "languages": [
          "eng-Latn"
        ],
        "main_score": 0.38371987215912895,
        "manhattan_pearson": 0.38854189662425487,
        "manhattan_spearman": 0.3830825000069089,
        "pearson": 0.33933266323498923,
        "spearman": 0.38371987215912895
      }
    ]
  },
  "task_name": "STS12"
}