{
  "dataset_revision": "6031580fec1f6af667f0bd2da0a551cf4f0b2375",
  "evaluation_time": 7.548371076583862,
  "kg_co2_emissions": null,
  "mteb_version": "1.14.20",
  "scores": {
    "test": [
      {
        "cosine_pearson": 0.4925663520990464,
        "cosine_spearman": 0.4682353628801738,
        "euclidean_pearson": 0.4931490362412145,
        "euclidean_spearman": 0.4745906983845325,
        "hf_subset": "default",
        "languages": [
          "eng-Latn"
        ],
        "main_score": 0.4682353628801738,
        "manhattan_pearson": 0.4986650975680377,
        "manhattan_spearman": 0.4789525197807809,
        "pearson": 0.4925663520990464,
        "spearman": 0.4682353628801738
      }
    ]
  },
  "task_name": "STS14"
}