{
  "dataset_revision": "d3c5e1fc0b855ab6097bf1cda04dd73947d7caab",
  "evaluation_time": 290.7577166557312,
  "kg_co2_emissions": null,
  "mteb_version": "1.14.20",
  "scores": {
    "test": [
      {
        "hf_subset": "default",
        "languages": [
          "eng-Latn"
        ],
        "main_score": 0.5507868756033175,
        "map": 0.5507868756033175,
        "mrr": 0.7749651855044012,
        "nAUC_map_diff1": 0.16021359064759383,
        "nAUC_map_max": 0.425088148097623,
        "nAUC_map_std": 0.3334748741766825,
        "nAUC_mrr_diff1": 0.3503017035568563,
        "nAUC_mrr_max": 0.4826840782803887,
        "nAUC_mrr_std": 0.2803052052116041
      }
    ]
  },
  "task_name": "SciDocsRR"
}