{
  "dataset_revision": "20a6d6f312dd54037fe07a32d58e5e168867909d",
  "evaluation_time": 52.60447859764099,
  "kg_co2_emissions": null,
  "mteb_version": "1.14.20",
  "scores": {
    "test": [
      {
        "cosine_pearson": 0.5264442701914573,
        "cosine_spearman": 0.5094565178911087,
        "euclidean_pearson": 0.5196830883790154,
        "euclidean_spearman": 0.5090860380749843,
        "hf_subset": "default",
        "languages": [
          "eng-Latn"
        ],
        "main_score": 0.5094565178911087,
        "manhattan_pearson": 0.541511841539694,
        "manhattan_spearman": 0.5313676764335221,
        "pearson": 0.5264442701914573,
        "spearman": 0.5094565178911087
      }
    ]
  },
  "task_name": "SICK-R"
}