{
  "dataset_revision": "e185fbe320c72810689fc5848eb6114e1ef5ec69",
  "evaluation_time": 222.4928092956543,
  "kg_co2_emissions": null,
  "mteb_version": "1.14.20",
  "scores": {
    "test": [
      {
        "hf_subset": "default",
        "languages": [
          "eng-Latn"
        ],
        "main_score": 0.33682953868918847,
        "map": 0.33682953868918847,
        "mrr": 0.33225148013750955,
        "nAUC_map_diff1": 0.2635865605432351,
        "nAUC_map_max": 0.20379365689754253,
        "nAUC_map_std": 0.07625881090546996,
        "nAUC_mrr_diff1": 0.2593952116967228,
        "nAUC_mrr_max": 0.21183502086950315,
        "nAUC_mrr_std": 0.07255117641377579
      }
    ]
  },
  "task_name": "StackOverflowDupQuestions"
}