{
  "dataset_revision": "6031580fec1f6af667f0bd2da0a551cf4f0b2375",
  "evaluation_time": 40.67003345489502,
  "kg_co2_emissions": null,
  "mteb_version": "1.14.20",
  "scores": {
    "test": [
      {
        "cosine_pearson": 0.4078341063156008,
        "cosine_spearman": 0.39944804956865976,
        "euclidean_pearson": 0.4280687962756258,
        "euclidean_spearman": 0.4143822466619734,
        "hf_subset": "default",
        "languages": [
          "eng-Latn"
        ],
        "main_score": 0.39944804956865976,
        "manhattan_pearson": 0.4647730825309617,
        "manhattan_spearman": 0.44662160428820646,
        "pearson": 0.4078341063156008,
        "spearman": 0.39944804956865976
      }
    ]
  },
  "task_name": "STS14"
}