{
  "dataset_revision": "e185fbe320c72810689fc5848eb6114e1ef5ec69",
  "evaluation_time": 754.1838517189026,
  "kg_co2_emissions": null,
  "mteb_version": "1.14.21",
  "scores": {
    "test": [
      {
        "hf_subset": "default",
        "languages": [
          "eng-Latn"
        ],
        "main_score": 0.426784498719694,
        "map": 0.426784498719694,
        "mrr": 0.4303384421950598,
        "nAUC_map_diff1": 0.33055834025447095,
        "nAUC_map_max": 0.18873675013201005,
        "nAUC_map_std": 0.10158885864834308,
        "nAUC_mrr_diff1": 0.32972300151584044,
        "nAUC_mrr_max": 0.20227823309108905,
        "nAUC_mrr_std": 0.11041899813557114
      }
    ]
  },
  "task_name": "StackOverflowDupQuestions"
}