{
  "dataset_revision": "2000358ca161889fa9c082cb41daa8dcfb161a54",
  "evaluation_time": 5.143873929977417,
  "kg_co2_emissions": null,
  "mteb_version": "1.14.19",
  "scores": {
    "test": [
      {
        "hf_subset": "default",
        "languages": [
          "eng-Latn"
        ],
        "main_score": 0.44960722126825736,
        "map": 0.44960722126825736,
        "mrr": 0.59041243459526,
        "nAUC_map_diff1": 0.09224200100915013,
        "nAUC_map_max": 0.11488986382670752,
        "nAUC_map_std": 0.024127940720513216,
        "nAUC_mrr_diff1": 0.1031147365807781,
        "nAUC_mrr_max": 0.14936319789270544,
        "nAUC_mrr_std": 0.04584214611355655
      }
    ]
  },
  "task_name": "AskUbuntuDupQuestions"
}