{
  "dataset_revision": "e185fbe320c72810689fc5848eb6114e1ef5ec69",
  "evaluation_time": 24.02176308631897,
  "kg_co2_emissions": null,
  "mteb_version": "1.14.19",
  "scores": {
    "test": [
      {
        "hf_subset": "default",
        "languages": [
          "eng-Latn"
        ],
        "main_score": 0.32398450146857494,
        "map": 0.32398450146857494,
        "mrr": 0.3169291390798744,
        "nAUC_map_diff1": 0.2512256412101,
        "nAUC_map_max": 0.22515730796411507,
        "nAUC_map_std": 0.09196880738587056,
        "nAUC_mrr_diff1": 0.24213726431513943,
        "nAUC_mrr_max": 0.23605037249537172,
        "nAUC_mrr_std": 0.09422694650872471
      }
    ]
  },
  "task_name": "StackOverflowDupQuestions"
}