{
  "dataset_revision": "a0d554a64d88156834ff5ae9920b964011b16384",
  "evaluation_time": 6.290745496749878,
  "kg_co2_emissions": null,
  "mteb_version": "1.14.19",
  "scores": {
    "test": [
      {
        "cosine_pearson": 0.26199753213705546,
        "cosine_spearman": 0.31164486125696383,
        "euclidean_pearson": 0.2822204383442236,
        "euclidean_spearman": 0.29511068641461874,
        "hf_subset": "default",
        "languages": [
          "eng-Latn"
        ],
        "main_score": 0.31164486125696383,
        "manhattan_pearson": 0.28962174036737387,
        "manhattan_spearman": 0.30069749069201723,
        "pearson": 0.26199753213705546,
        "spearman": 0.31164486125696383
      }
    ]
  },
  "task_name": "STS12"
}