{
  "dataset_revision": "2000358ca161889fa9c082cb41daa8dcfb161a54",
  "evaluation_time": 8.310584545135498,
  "kg_co2_emissions": null,
  "mteb_version": "1.14.20",
  "scores": {
    "test": [
      {
        "hf_subset": "default",
        "languages": [
          "eng-Latn"
        ],
        "main_score": 0.4894990080665441,
        "map": 0.4894990080665441,
        "mrr": 0.6210306467924196,
        "nAUC_map_diff1": 0.11499192383673909,
        "nAUC_map_max": 0.1740700922649206,
        "nAUC_map_std": 0.07850991228365765,
        "nAUC_mrr_diff1": 0.15702044950551391,
        "nAUC_mrr_max": 0.20719945066350023,
        "nAUC_mrr_std": 0.09862121174264638
      }
    ]
  },
  "task_name": "AskUbuntuDupQuestions"
}