{
  "dataset_revision": "59042f120c80e8afa9cdbb224f67076cec0fc9a7",
  "evaluation_time": 129.81062722206116,
  "kg_co2_emissions": null,
  "mteb_version": "1.14.20",
  "scores": {
    "test": [
      {
        "hf_subset": "default",
        "languages": [
          "eng-Latn"
        ],
        "main_score": 0.2852944988905743,
        "map": 0.2852944988905743,
        "mrr": 0.29170254082818575,
        "nAUC_map_diff1": 0.1940152691663357,
        "nAUC_map_max": -0.28330414168004825,
        "nAUC_map_std": -0.1384824884018852,
        "nAUC_mrr_diff1": 0.17539109755943003,
        "nAUC_mrr_max": -0.22270491249025606,
        "nAUC_mrr_std": -0.12126979437726408
      }
    ]
  },
  "task_name": "MindSmallReranking"
}