{
  "dataset_revision": "6031580fec1f6af667f0bd2da0a551cf4f0b2375",
  "evaluation_time": 7.110907554626465,
  "kg_co2_emissions": null,
  "mteb_version": "1.14.19",
  "scores": {
    "test": [
      {
        "cosine_pearson": 0.3697938639753547,
        "cosine_spearman": 0.36324970034582216,
        "euclidean_pearson": 0.37633840255172973,
        "euclidean_spearman": 0.3694910283465773,
        "hf_subset": "default",
        "languages": [
          "eng-Latn"
        ],
        "main_score": 0.36324970034582216,
        "manhattan_pearson": 0.3901861624083233,
        "manhattan_spearman": 0.37865771094082434,
        "pearson": 0.3697938639753547,
        "spearman": 0.36324970034582216
      }
    ]
  },
  "task_name": "STS14"
}