{
  "dataset_revision": "20a6d6f312dd54037fe07a32d58e5e168867909d",
  "evaluation_time": 210.83093428611755,
  "kg_co2_emissions": null,
  "mteb_version": "1.14.21",
  "scores": {
    "test": [
      {
        "cosine_pearson": 0.7972951909233232,
        "cosine_spearman": 0.7128607466906453,
        "euclidean_pearson": 0.7540167711521254,
        "euclidean_spearman": 0.7074052988831484,
        "hf_subset": "default",
        "languages": [
          "eng-Latn"
        ],
        "main_score": 0.7128607466906453,
        "manhattan_pearson": 0.754134159622726,
        "manhattan_spearman": 0.7073365243078867,
        "pearson": 0.7972951909233232,
        "spearman": 0.7128607466906453
      }
    ]
  },
  "task_name": "SICK-R"
}