{
  "dataset_revision": "b0fddb56ed78048fa8b90373c8a3cfc37b684831",
  "evaluation_time": 67.21289682388306,
  "kg_co2_emissions": null,
  "mteb_version": "1.14.21",
  "scores": {
    "test": [
      {
        "cosine_pearson": 0.8048055202619848,
        "cosine_spearman": 0.7925865303756674,
        "euclidean_pearson": 0.7927607721187508,
        "euclidean_spearman": 0.7841712664269918,
        "hf_subset": "default",
        "languages": [
          "eng-Latn"
        ],
        "main_score": 0.7925865303756674,
        "manhattan_pearson": 0.7931870135885479,
        "manhattan_spearman": 0.7848225076698878,
        "pearson": 0.8048055202619848,
        "spearman": 0.7925865303756674
      }
    ]
  },
  "task_name": "STSBenchmark"
}