{"train_loss": 0.7492597699165344, "train_loss_step": 0.6419630646705627, "train_acc1": 80.4869155883789, "train_acc1_step": 83.59375, "train_acc5": 93.40242767333984, "train_acc5_step": 92.96875, "val_loss": 0.7214748859405518, "val_acc1": 80.1081771850586, "val_acc5": 94.3309326171875, "train_loss_epoch": 0.7492597699165344, "train_acc1_epoch": 80.4869155883789, "train_acc5_epoch": 93.40242767333984}