{"train_loss": 0.8782024383544922, "train_loss_step": 0.7392905950546265, "train_acc1": 76.62174224853516, "train_acc1_step": 78.90625, "train_acc5": 92.33837890625, "train_acc5_step": 93.75, "val_loss": 0.77984619140625, "val_acc1": 78.88621520996094, "val_acc5": 94.23077392578125, "train_loss_epoch": 0.8782024383544922, "train_acc1_epoch": 76.62174224853516, "train_acc5_epoch": 92.33837890625}