{"train_loss": 2.0618672370910645, "train_loss_step": 1.7405920028686523, "train_acc1": 48.02436065673828, "train_acc1_step": 51.5625, "train_acc5": 74.96208190917969, "train_acc5_step": 78.125, "val_loss": 1.6689784526824951, "val_acc1": 55.78926467895508, "val_acc5": 83.03285217285156, "train_loss_epoch": 2.0618672370910645, "train_acc1_epoch": 48.02436065673828, "train_acc5_epoch": 74.96208190917969}