{"train_loss": 1.7988431453704834, "train_loss_step": 1.8271429538726807, "train_acc1": 53.84779357910156, "train_acc1_step": 57.8125, "train_acc5": 79.52635192871094, "train_acc5_step": 80.46875, "val_loss": 1.4779433012008667, "val_acc1": 59.955928802490234, "val_acc5": 86.15785217285156, "train_loss_epoch": 1.7988431453704834, "train_acc1_epoch": 53.84779357910156, "train_acc5_epoch": 79.52635192871094}