{"train_loss": 0.8132503628730774, "train_loss_step": 0.6929087042808533, "train_acc1": 78.71350860595703, "train_acc1_step": 81.25, "train_acc5": 92.86605834960938, "train_acc5_step": 91.40625, "val_loss": 0.7340146899223328, "val_acc1": 80.00801086425781, "val_acc5": 94.53125, "train_loss_epoch": 0.8132503628730774, "train_acc1_epoch": 78.71350860595703, "train_acc5_epoch": 92.86605834960938}