{"train_loss": 3.099984884262085, "train_loss_step": 2.7801449298858643, "train_acc1": 26.453489303588867, "train_acc1_step": 37.5, "train_acc5": 53.091033935546875, "train_acc5_step": 60.15625, "val_loss": 2.7901291847229004, "val_acc1": 31.27003288269043, "val_acc5": 60.9174690246582, "train_loss_epoch": 3.099984884262085, "train_acc1_epoch": 26.453489303588867, "train_acc5_epoch": 53.091033935546875}