{"train_loss": 0.9388065338134766, "train_loss_step": 0.7756482362747192, "train_acc1": 75.0687255859375, "train_acc1_step": 75.78125, "train_acc5": 91.59346771240234, "train_acc5_step": 96.09375, "val_loss": 0.8075338006019592, "val_acc1": 77.74439239501953, "val_acc5": 94.27083587646484, "train_loss_epoch": 0.9388065338134766, "train_acc1_epoch": 75.0687255859375, "train_acc5_epoch": 91.59346771240234}