{"train_loss": 1.1747499704360962, "train_loss_step": 1.0394976139068604, "train_acc1": 68.93958282470703, "train_acc1_step": 75.0, "train_acc5": 88.8294677734375, "train_acc5_step": 92.96875, "val_loss": 0.9694303870201111, "val_acc1": 73.15705108642578, "val_acc5": 92.38782501220703, "train_loss_epoch": 1.1747499704360962, "train_acc1_epoch": 68.93958282470703, "train_acc5_epoch": 88.8294677734375}