{"train_loss": 2.9414567947387695, "train_loss_step": 2.3016693592071533, "train_acc1": 29.32807731628418, "train_acc1_step": 43.75, "train_acc5": 56.99649429321289, "train_acc5_step": 66.40625, "val_loss": 2.6316263675689697, "val_acc1": 34.615386962890625, "val_acc5": 64.52323913574219, "train_loss_epoch": 2.9414567947387695, "train_acc1_epoch": 29.32807731628418, "train_acc5_epoch": 56.99649429321289}