{"train_loss": 1.4488836526870728, "train_loss_step": 0.9391312599182129, "train_acc1": 62.244850158691406, "train_acc1_step": 75.0, "train_acc5": 85.0274887084961, "train_acc5_step": 92.96875, "val_loss": 1.1838009357452393, "val_acc1": 68.14904022216797, "val_acc5": 89.82372283935547, "train_loss_epoch": 1.4488836526870728, "train_acc1_epoch": 62.244850158691406, "train_acc5_epoch": 85.0274887084961}