{"train_loss": 3.2390553951263428, "train_loss_step": 2.72454571723938, "train_acc1": 23.627084732055664, "train_acc1_step": 36.71875, "train_acc5": 49.60581970214844, "train_acc5_step": 59.375, "val_loss": 2.9586944580078125, "val_acc1": 28.205127716064453, "val_acc5": 57.89262771606445, "train_loss_epoch": 3.2390553951263428, "train_acc1_epoch": 23.627084732055664, "train_acc5_epoch": 49.60581970214844}