{
  "dataset_revision": "d3c5e1fc0b855ab6097bf1cda04dd73947d7caab",
  "evaluation_time": 55.49976181983948,
  "kg_co2_emissions": null,
  "mteb_version": "1.14.20",
  "scores": {
    "test": [
      {
        "hf_subset": "default",
        "languages": [
          "eng-Latn"
        ],
        "main_score": 0.32312611641936617,
        "map": 0.32312611641936617,
        "mrr": 0.5012320740261916,
        "nAUC_map_diff1": 0.22735577147274647,
        "nAUC_map_max": 0.3967334991757528,
        "nAUC_map_std": 0.30621489241442745,
        "nAUC_mrr_diff1": 0.32402141702691717,
        "nAUC_mrr_max": 0.41994345221723345,
        "nAUC_mrr_std": 0.3216339121263779
      }
    ]
  },
  "task_name": "SciDocsRR"
}