{
  "dataset_revision": "20a6d6f312dd54037fe07a32d58e5e168867909d",
  "evaluation_time": 12.64681625366211,
  "kg_co2_emissions": null,
  "mteb_version": "1.14.20",
  "scores": {
    "test": [
      {
        "cosine_pearson": 0.2772198484667724,
        "cosine_spearman": 0.3092826623277121,
        "euclidean_pearson": 0.3001812541621812,
        "euclidean_spearman": 0.3022632176017184,
        "hf_subset": "default",
        "languages": [
          "eng-Latn"
        ],
        "main_score": 0.3092826623277121,
        "manhattan_pearson": 0.2999573352394805,
        "manhattan_spearman": 0.30225270374914404,
        "pearson": 0.2772198484667724,
        "spearman": 0.3092826623277121
      }
    ]
  },
  "task_name": "SICK-R"
}