{
  "dataset_revision": "a0d554a64d88156834ff5ae9920b964011b16384",
  "evaluation_time": 6.514869451522827,
  "kg_co2_emissions": null,
  "mteb_version": "1.14.20",
  "scores": {
    "test": [
      {
        "cosine_pearson": 0.08634736585805136,
        "cosine_spearman": 0.18230454305248228,
        "euclidean_pearson": 0.14742765042933245,
        "euclidean_spearman": 0.18314371667883292,
        "hf_subset": "default",
        "languages": [
          "eng-Latn"
        ],
        "main_score": 0.18230454305248228,
        "manhattan_pearson": 0.14809212516120462,
        "manhattan_spearman": 0.18323316200076017,
        "pearson": 0.08634736585805136,
        "spearman": 0.18230454305248228
      }
    ]
  },
  "task_name": "STS12"
}