{
  "dataset_revision": "d3c5e1fc0b855ab6097bf1cda04dd73947d7caab",
  "evaluation_time": 42.071314573287964,
  "kg_co2_emissions": null,
  "mteb_version": "1.14.19",
  "scores": {
    "test": [
      {
        "hf_subset": "default",
        "languages": [
          "eng-Latn"
        ],
        "main_score": 0.44989007167845857,
        "map": 0.44989007167845857,
        "mrr": 0.7015836106522382,
        "nAUC_map_diff1": 0.16467964783754094,
        "nAUC_map_max": 0.3606346926202776,
        "nAUC_map_std": 0.10107015735503039,
        "nAUC_mrr_diff1": 0.31948415854421874,
        "nAUC_mrr_max": 0.40959416407717797,
        "nAUC_mrr_std": 0.08173230267845787
      }
    ]
  },
  "task_name": "SciDocsRR"
}