{
  "dataset_revision": "7e90230a92c190f1bf69ae9002b8cea547a64cca",
  "evaluation_time": 4.311700820922852,
  "kg_co2_emissions": null,
  "mteb_version": "1.14.19",
  "scores": {
    "test": [
      {
        "cosine_pearson": 0.3111164354643366,
        "cosine_spearman": 0.3538411503929674,
        "euclidean_pearson": 0.3362241674741962,
        "euclidean_spearman": 0.3528271617476704,
        "hf_subset": "default",
        "languages": [
          "eng-Latn"
        ],
        "main_score": 0.3538411503929674,
        "manhattan_pearson": 0.33678796283756074,
        "manhattan_spearman": 0.35373106712494484,
        "pearson": 0.3111164354643366,
        "spearman": 0.3538411503929674
      }
    ]
  },
  "task_name": "STS13"
}