{
  "dataset_revision": "6031580fec1f6af667f0bd2da0a551cf4f0b2375",
  "evaluation_time": 8.040616035461426,
  "kg_co2_emissions": null,
  "mteb_version": "1.14.19",
  "scores": {
    "test": [
      {
        "cosine_pearson": 0.20831395562002986,
        "cosine_spearman": 0.23704387635954305,
        "euclidean_pearson": 0.23720244333011042,
        "euclidean_spearman": 0.2394294663951969,
        "hf_subset": "default",
        "languages": [
          "eng-Latn"
        ],
        "main_score": 0.23704387635954305,
        "manhattan_pearson": 0.23728084954601622,
        "manhattan_spearman": 0.23901659721644175,
        "pearson": 0.20831395562002986,
        "spearman": 0.23704387635954305
      }
    ]
  },
  "task_name": "STS14"
}