{
  "dataset_revision": "d3fb88f8f02e40887cd149695127462bbcf29b4a",
  "evaluation_time": 1.3655920028686523,
  "kg_co2_emissions": null,
  "mteb_version": "1.14.19",
  "scores": {
    "test": [
      {
        "cosine_pearson": 0.3664696032815853,
        "cosine_spearman": 0.4146480022528865,
        "euclidean_pearson": 0.42467520480269744,
        "euclidean_spearman": 0.4446065162032512,
        "hf_subset": "default",
        "languages": [
          "eng-Latn"
        ],
        "main_score": 0.4146480022528865,
        "manhattan_pearson": 0.46836664978291553,
        "manhattan_spearman": 0.4738601948163562,
        "pearson": 0.3664696032815853,
        "spearman": 0.4146480022528865
      }
    ]
  },
  "task_name": "BIOSSES"
}