{
  "dataset_revision": "d66bd1f72af766a5cc4b0ca5e00c162f89e8cc46",
  "evaluation_time": 17.717629432678223,
  "kg_co2_emissions": null,
  "mteb_version": "1.14.19",
  "scores": {
    "test": [
      {
        "cosine_accuracy": 0.9913564356435643,
        "cosine_accuracy_threshold": 0.9243190288543701,
        "cosine_ap": 0.3542131568108378,
        "cosine_f1": 0.38672768878718533,
        "cosine_f1_threshold": 0.894704282283783,
        "cosine_precision": 0.45187165775401067,
        "cosine_recall": 0.338,
        "dot_accuracy": 0.9900891089108911,
        "dot_accuracy_threshold": 360.64044189453125,
        "dot_ap": 0.026476429616638986,
        "dot_f1": 0.06829792955095455,
        "dot_f1_threshold": 205.2916259765625,
        "dot_precision": 0.046708348657594705,
        "dot_recall": 0.127,
        "euclidean_accuracy": 0.9916039603960396,
        "euclidean_accuracy_threshold": 5.566648006439209,
        "euclidean_ap": 0.38435842784508945,
        "euclidean_f1": 0.42175360710321863,
        "euclidean_f1_threshold": 6.631701469421387,
        "euclidean_precision": 0.47381546134663344,
        "euclidean_recall": 0.38,
        "hf_subset": "default",
        "languages": [
          "eng-Latn"
        ],
        "main_score": 0.51836773192477,
        "manhattan_accuracy": 0.9925544554455445,
        "manhattan_accuracy_threshold": 116.29348754882812,
        "manhattan_ap": 0.51836773192477,
        "manhattan_f1": 0.519580805295091,
        "manhattan_f1_threshold": 130.4873046875,
        "manhattan_precision": 0.5793357933579336,
        "manhattan_recall": 0.471,
        "max_accuracy": 0.9925544554455445,
        "max_ap": 0.51836773192477,
        "max_f1": 0.519580805295091,
        "max_precision": 0.5793357933579336,
        "max_recall": 0.471,
        "similarity_accuracy": 0.9913564356435643,
        "similarity_accuracy_threshold": 0.9243190288543701,
        "similarity_ap": 0.3542131568108378,
        "similarity_f1": 0.38672768878718533,
        "similarity_f1_threshold": 0.894704282283783,
        "similarity_precision": 0.45187165775401067,
        "similarity_recall": 0.338
      }
    ],
    "validation": [
      {
        "cosine_accuracy": 0.991019801980198,
        "cosine_accuracy_threshold": 0.9272441864013672,
        "cosine_ap": 0.26813680953678887,
        "cosine_f1": 0.32082324455205813,
        "cosine_f1_threshold": 0.8969032168388367,
        "cosine_precision": 0.40644171779141103,
        "cosine_recall": 0.265,
        "dot_accuracy": 0.9900990099009901,
        "dot_accuracy_threshold": 315.3476257324219,
        "dot_ap": 0.02469080336069821,
        "dot_f1": 0.05882352941176471,
        "dot_f1_threshold": 199.66639709472656,
        "dot_precision": 0.03702744691869498,
        "dot_recall": 0.143,
        "euclidean_accuracy": 0.9912970297029703,
        "euclidean_accuracy_threshold": 5.939725399017334,
        "euclidean_ap": 0.3195282551483,
        "euclidean_f1": 0.37679425837320574,
        "euclidean_f1_threshold": 6.60886812210083,
        "euclidean_precision": 0.46875,
        "euclidean_recall": 0.315,
        "hf_subset": "default",
        "languages": [
          "eng-Latn"
        ],
        "main_score": 0.44983668948386063,
        "manhattan_accuracy": 0.992039603960396,
        "manhattan_accuracy_threshold": 122.85050201416016,
        "manhattan_ap": 0.44983668948386063,
        "manhattan_f1": 0.48213272830402726,
        "manhattan_f1_threshold": 131.11941528320312,
        "manhattan_precision": 0.5570117955439057,
        "manhattan_recall": 0.425,
        "max_accuracy": 0.992039603960396,
        "max_ap": 0.44983668948386063,
        "max_f1": 0.48213272830402726,
        "max_precision": 0.5570117955439057,
        "max_recall": 0.425,
        "similarity_accuracy": 0.991019801980198,
        "similarity_accuracy_threshold": 0.9272441864013672,
        "similarity_ap": 0.26813680953678887,
        "similarity_f1": 0.32082324455205813,
        "similarity_f1_threshold": 0.8969032168388367,
        "similarity_precision": 0.40644171779141103,
        "similarity_recall": 0.265
      }
    ]
  },
  "task_name": "SprintDuplicateQuestions"
}