{
  "dataset_revision": "e185fbe320c72810689fc5848eb6114e1ef5ec69",
  "evaluation_time": 36.50408697128296,
  "kg_co2_emissions": null,
  "mteb_version": "1.14.19",
  "scores": {
    "test": [
      {
        "hf_subset": "default",
        "languages": [
          "eng-Latn"
        ],
        "main_score": 0.36929312596052255,
        "map": 0.36929312596052255,
        "mrr": 0.3697457770987183,
        "nAUC_map_diff1": 0.30980051554371557,
        "nAUC_map_max": 0.19530362290778205,
        "nAUC_map_std": 0.033914099150046735,
        "nAUC_mrr_diff1": 0.30976165651189685,
        "nAUC_mrr_max": 0.20436794607469314,
        "nAUC_mrr_std": 0.03386766509689728
      }
    ]
  },
  "task_name": "StackOverflowDupQuestions"
}