{
  "dataset_revision": "7e90230a92c190f1bf69ae9002b8cea547a64cca",
  "evaluation_time": 5.336999177932739,
  "kg_co2_emissions": null,
  "mteb_version": "1.14.19",
  "scores": {
    "test": [
      {
        "cosine_pearson": 0.43577348924251724,
        "cosine_spearman": 0.4346069164181902,
        "euclidean_pearson": 0.5573823361691556,
        "euclidean_spearman": 0.5625242593055675,
        "hf_subset": "default",
        "languages": [
          "eng-Latn"
        ],
        "main_score": 0.4346069164181902,
        "manhattan_pearson": 0.5857428696854466,
        "manhattan_spearman": 0.5843511948618049,
        "pearson": 0.43577348924251724,
        "spearman": 0.4346069164181902
      }
    ]
  },
  "task_name": "STS13"
}