{
  "dataset_revision": "d3c5e1fc0b855ab6097bf1cda04dd73947d7caab",
  "evaluation_time": 690.0404391288757,
  "kg_co2_emissions": null,
  "mteb_version": "1.14.21",
  "scores": {
    "test": [
      {
        "hf_subset": "default",
        "languages": [
          "eng-Latn"
        ],
        "main_score": 0.6456961439200837,
        "map": 0.6456961439200837,
        "mrr": 0.8631811271517155,
        "nAUC_map_diff1": 0.1556913638186088,
        "nAUC_map_max": 0.4396499286647939,
        "nAUC_map_std": 0.47032367522419377,
        "nAUC_mrr_diff1": 0.4495130880611738,
        "nAUC_mrr_max": 0.573073739416015,
        "nAUC_mrr_std": 0.485787456616474
      }
    ]
  },
  "task_name": "SciDocsRR"
}