{
  "dataset_revision": "4d8694f8f0e0100860b497b999b3dbed754a0513",
  "evaluation_time": 48.29644799232483,
  "kg_co2_emissions": null,
  "mteb_version": "1.14.21",
  "scores": {
    "test": [
      {
        "cosine_pearson": 0.6430480548966787,
        "cosine_spearman": 0.641413817587676,
        "euclidean_pearson": 0.6207523074101452,
        "euclidean_spearman": 0.6250901571316255,
        "hf_subset": "default",
        "languages": [
          "eng-Latn"
        ],
        "main_score": 0.641413817587676,
        "manhattan_pearson": 0.6169410945898293,
        "manhattan_spearman": 0.6216261790806221,
        "pearson": 0.6430480548966787,
        "spearman": 0.641413817587676
      }
    ]
  },
  "task_name": "STS16"
}