{
  "dataset_revision": "d3fb88f8f02e40887cd149695127462bbcf29b4a",
  "evaluation_time": 1.2530734539031982,
  "kg_co2_emissions": null,
  "mteb_version": "1.14.19",
  "scores": {
    "test": [
      {
        "cosine_pearson": 0.2476427284944182,
        "cosine_spearman": 0.2865908675167307,
        "euclidean_pearson": 0.32119785607876816,
        "euclidean_spearman": 0.3376161265474142,
        "hf_subset": "default",
        "languages": [
          "eng-Latn"
        ],
        "main_score": 0.2865908675167307,
        "manhattan_pearson": 0.3913532465574954,
        "manhattan_spearman": 0.4037381151094901,
        "pearson": 0.2476427284944182,
        "spearman": 0.2865908675167307
      }
    ]
  },
  "task_name": "BIOSSES"
}