{
  "dataset_revision": "59042f120c80e8afa9cdbb224f67076cec0fc9a7",
  "evaluation_time": 117.158522605896,
  "kg_co2_emissions": null,
  "mteb_version": "1.14.19",
  "scores": {
    "test": [
      {
        "hf_subset": "default",
        "languages": [
          "eng-Latn"
        ],
        "main_score": 0.2618863582332133,
        "map": 0.2618863582332133,
        "mrr": 0.2648558354333115,
        "nAUC_map_diff1": 0.23491440116236328,
        "nAUC_map_max": -0.2829716498725234,
        "nAUC_map_std": -0.15908665992690368,
        "nAUC_mrr_diff1": 0.21212613565436575,
        "nAUC_mrr_max": -0.22793442404067937,
        "nAUC_mrr_std": -0.14612833228102798
      }
    ]
  },
  "task_name": "MindSmallReranking"
}