{
  "dataset_revision": "e185fbe320c72810689fc5848eb6114e1ef5ec69",
  "evaluation_time": 16.1480610370636,
  "kg_co2_emissions": null,
  "mteb_version": "1.14.19",
  "scores": {
    "test": [
      {
        "hf_subset": "default",
        "languages": [
          "eng-Latn"
        ],
        "main_score": 0.34162976527889105,
        "map": 0.34162976527889105,
        "mrr": 0.3393890321280027,
        "nAUC_map_diff1": 0.29045323373613835,
        "nAUC_map_max": 0.23837572002225504,
        "nAUC_map_std": 0.02916875992033649,
        "nAUC_mrr_diff1": 0.2837463807553784,
        "nAUC_mrr_max": 0.25516564277118947,
        "nAUC_mrr_std": 0.02899323668378421
      }
    ]
  },
  "task_name": "StackOverflowDupQuestions"
}