{
  "dataset_revision": "d3fb88f8f02e40887cd149695127462bbcf29b4a",
  "evaluation_time": 1.708857536315918,
  "kg_co2_emissions": null,
  "mteb_version": "1.14.19",
  "scores": {
    "test": [
      {
        "cosine_pearson": 0.1539022108256981,
        "cosine_spearman": 0.28627760736683744,
        "euclidean_pearson": 0.1983230586525411,
        "euclidean_spearman": 0.2834582660177985,
        "hf_subset": "default",
        "languages": [
          "eng-Latn"
        ],
        "main_score": 0.28627760736683744,
        "manhattan_pearson": 0.31881299287792436,
        "manhattan_spearman": 0.37282174800849033,
        "pearson": 0.1539022108256981,
        "spearman": 0.28627760736683744
      }
    ]
  },
  "task_name": "BIOSSES"
}