{
  "dataset_revision": "d66bd1f72af766a5cc4b0ca5e00c162f89e8cc46",
  "evaluation_time": 15.38837718963623,
  "kg_co2_emissions": null,
  "mteb_version": "1.14.19",
  "scores": {
    "test": [
      {
        "cosine_accuracy": 0.9912871287128713,
        "cosine_accuracy_threshold": 0.9605453014373779,
        "cosine_ap": 0.295053069808606,
        "cosine_f1": 0.36342321219226265,
        "cosine_f1_threshold": 0.9473515748977661,
        "cosine_precision": 0.43909348441926344,
        "cosine_recall": 0.31,
        "dot_accuracy": 0.9901089108910891,
        "dot_accuracy_threshold": 1200.472900390625,
        "dot_ap": 0.028967359366426176,
        "dot_f1": 0.07106363214119833,
        "dot_f1_threshold": 703.6334228515625,
        "dot_precision": 0.04627949183303085,
        "dot_recall": 0.153,
        "euclidean_accuracy": 0.9911188118811881,
        "euclidean_accuracy_threshold": 6.871151924133301,
        "euclidean_ap": 0.2604478427918514,
        "euclidean_f1": 0.3366077275703995,
        "euclidean_f1_threshold": 8.05584716796875,
        "euclidean_precision": 0.4876660341555977,
        "euclidean_recall": 0.257,
        "hf_subset": "default",
        "languages": [
          "eng-Latn"
        ],
        "main_score": 0.3753307203105303,
        "manhattan_accuracy": 0.9916930693069307,
        "manhattan_accuracy_threshold": 216.6734161376953,
        "manhattan_ap": 0.3753307203105303,
        "manhattan_f1": 0.4189114898295767,
        "manhattan_f1_threshold": 249.99961853027344,
        "manhattan_precision": 0.4652014652014652,
        "manhattan_recall": 0.381,
        "max_accuracy": 0.9916930693069307,
        "max_ap": 0.3753307203105303,
        "max_f1": 0.4189114898295767,
        "max_precision": 0.4876660341555977,
        "max_recall": 0.381,
        "similarity_accuracy": 0.9912871287128713,
        "similarity_accuracy_threshold": 0.9605453014373779,
        "similarity_ap": 0.295053069808606,
        "similarity_f1": 0.36342321219226265,
        "similarity_f1_threshold": 0.9473515748977661,
        "similarity_precision": 0.43909348441926344,
        "similarity_recall": 0.31
      }
    ],
    "validation": [
      {
        "cosine_accuracy": 0.9909207920792079,
        "cosine_accuracy_threshold": 0.9585752487182617,
        "cosine_ap": 0.2308322199853582,
        "cosine_f1": 0.2943349753694581,
        "cosine_f1_threshold": 0.9469120502471924,
        "cosine_precision": 0.38301282051282054,
        "cosine_recall": 0.239,
        "dot_accuracy": 0.9901089108910891,
        "dot_accuracy_threshold": 1306.7392578125,
        "dot_ap": 0.028506660239505162,
        "dot_f1": 0.05933341472347698,
        "dot_f1_threshold": 678.051025390625,
        "dot_precision": 0.03379224030037547,
        "dot_recall": 0.243,
        "euclidean_accuracy": 0.9907326732673267,
        "euclidean_accuracy_threshold": 6.9600725173950195,
        "euclidean_ap": 0.20104902836964397,
        "euclidean_f1": 0.27461858529819694,
        "euclidean_f1_threshold": 8.074989318847656,
        "euclidean_precision": 0.4479638009049774,
        "euclidean_recall": 0.198,
        "hf_subset": "default",
        "languages": [
          "eng-Latn"
        ],
        "main_score": 0.3010576039547478,
        "manhattan_accuracy": 0.9911782178217822,
        "manhattan_accuracy_threshold": 218.74728393554688,
        "manhattan_ap": 0.3010576039547478,
        "manhattan_f1": 0.3682505399568035,
        "manhattan_f1_threshold": 254.385498046875,
        "manhattan_precision": 0.40023474178403756,
        "manhattan_recall": 0.341,
        "max_accuracy": 0.9911782178217822,
        "max_ap": 0.3010576039547478,
        "max_f1": 0.3682505399568035,
        "max_precision": 0.4479638009049774,
        "max_recall": 0.341,
        "similarity_accuracy": 0.9909207920792079,
        "similarity_accuracy_threshold": 0.9585752487182617,
        "similarity_ap": 0.2308322199853582,
        "similarity_f1": 0.2943349753694581,
        "similarity_f1_threshold": 0.9469120502471924,
        "similarity_precision": 0.38301282051282054,
        "similarity_recall": 0.239
      }
    ]
  },
  "task_name": "SprintDuplicateQuestions"
}