{
  "dataset_revision": "59042f120c80e8afa9cdbb224f67076cec0fc9a7",
  "evaluation_time": 118.04503631591797,
  "kg_co2_emissions": null,
  "mteb_version": "1.14.20",
  "scores": {
    "test": [
      {
        "hf_subset": "default",
        "languages": [
          "eng-Latn"
        ],
        "main_score": 0.2590802657437106,
        "map": 0.2590802657437106,
        "mrr": 0.2618228772990678,
        "nAUC_map_diff1": 0.13091467840670087,
        "nAUC_map_max": -0.24446023522216978,
        "nAUC_map_std": -0.13695652325254284,
        "nAUC_mrr_diff1": 0.1234846451921785,
        "nAUC_mrr_max": -0.18669628404848837,
        "nAUC_mrr_std": -0.11497922344088754
      }
    ]
  },
  "task_name": "MindSmallReranking"
}