{
  "dataset_revision": "d3c5e1fc0b855ab6097bf1cda04dd73947d7caab",
  "evaluation_time": 62.16020917892456,
  "kg_co2_emissions": null,
  "mteb_version": "1.14.20",
  "scores": {
    "test": [
      {
        "hf_subset": "default",
        "languages": [
          "eng-Latn"
        ],
        "main_score": 0.43240534152831694,
        "map": 0.43240534152831694,
        "mrr": 0.6536310820624547,
        "nAUC_map_diff1": 0.1862802471191083,
        "nAUC_map_max": 0.30910307135667603,
        "nAUC_map_std": 0.3045526285349038,
        "nAUC_mrr_diff1": 0.2969465360156012,
        "nAUC_mrr_max": 0.3606455570153462,
        "nAUC_mrr_std": 0.255334891277386
      }
    ]
  },
  "task_name": "SciDocsRR"
}