{
  "dataset_revision": "20a6d6f312dd54037fe07a32d58e5e168867909d",
  "evaluation_time": 12.425469636917114,
  "kg_co2_emissions": null,
  "mteb_version": "1.14.20",
  "scores": {
    "test": [
      {
        "cosine_pearson": 0.4340764874335918,
        "cosine_spearman": 0.4133342852172228,
        "euclidean_pearson": 0.4301210514601048,
        "euclidean_spearman": 0.4087661987952293,
        "hf_subset": "default",
        "languages": [
          "eng-Latn"
        ],
        "main_score": 0.4133342852172228,
        "manhattan_pearson": 0.429621372792283,
        "manhattan_spearman": 0.408035892405078,
        "pearson": 0.4340764874335918,
        "spearman": 0.4133342852172228
      }
    ]
  },
  "task_name": "SICK-R"
}