{
  "dataset_revision": "e185fbe320c72810689fc5848eb6114e1ef5ec69",
  "evaluation_time": 42.03360986709595,
  "kg_co2_emissions": null,
  "mteb_version": "1.14.20",
  "scores": {
    "test": [
      {
        "hf_subset": "default",
        "languages": [
          "eng-Latn"
        ],
        "main_score": 0.2898502973212851,
        "map": 0.2898502973212851,
        "mrr": 0.2797726476954418,
        "nAUC_map_diff1": 0.2288757894635868,
        "nAUC_map_max": 0.21913407738458396,
        "nAUC_map_std": 0.10648384228709214,
        "nAUC_mrr_diff1": 0.22647354525347144,
        "nAUC_mrr_max": 0.2245053864171869,
        "nAUC_mrr_std": 0.1106088119511681
      }
    ]
  },
  "task_name": "StackOverflowDupQuestions"
}