{
  "dataset_revision": "7e90230a92c190f1bf69ae9002b8cea547a64cca",
  "evaluation_time": 4.954163551330566,
  "kg_co2_emissions": null,
  "mteb_version": "1.14.20",
  "scores": {
    "test": [
      {
        "cosine_pearson": 0.3086794103272624,
        "cosine_spearman": 0.292058775315168,
        "euclidean_pearson": 0.3421676880185231,
        "euclidean_spearman": 0.3336154536706157,
        "hf_subset": "default",
        "languages": [
          "eng-Latn"
        ],
        "main_score": 0.292058775315168,
        "manhattan_pearson": 0.34088393005840256,
        "manhattan_spearman": 0.33256147084055104,
        "pearson": 0.3086794103272624,
        "spearman": 0.292058775315168
      }
    ]
  },
  "task_name": "STS13"
}