{
  "dataset_revision": "b0fddb56ed78048fa8b90373c8a3cfc37b684831",
  "evaluation_time": 5.463282346725464,
  "kg_co2_emissions": null,
  "mteb_version": "1.14.20",
  "scores": {
    "test": [
      {
        "cosine_pearson": 0.23242100389333845,
        "cosine_spearman": 0.21984746495133436,
        "euclidean_pearson": 0.27124912567505594,
        "euclidean_spearman": 0.25420028703616515,
        "hf_subset": "default",
        "languages": [
          "eng-Latn"
        ],
        "main_score": 0.21984746495133436,
        "manhattan_pearson": 0.2717168716730932,
        "manhattan_spearman": 0.25465298280713483,
        "pearson": 0.23242100389333845,
        "spearman": 0.21984746495133436
      }
    ]
  },
  "task_name": "STSBenchmark"
}