{
  "dataset_revision": "4d8694f8f0e0100860b497b999b3dbed754a0513",
  "evaluation_time": 7.173823595046997,
  "kg_co2_emissions": null,
  "mteb_version": "1.14.19",
  "scores": {
    "test": [
      {
        "cosine_pearson": 0.518067409651512,
        "cosine_spearman": 0.5210972719922521,
        "euclidean_pearson": 0.5269610012180355,
        "euclidean_spearman": 0.51831896056324,
        "hf_subset": "default",
        "languages": [
          "eng-Latn"
        ],
        "main_score": 0.5210972719922521,
        "manhattan_pearson": 0.5327023233877283,
        "manhattan_spearman": 0.5249624505456054,
        "pearson": 0.518067409651512,
        "spearman": 0.5210972719922521
      }
    ]
  },
  "task_name": "STS16"
}