{
  "dataset_revision": "d3c5e1fc0b855ab6097bf1cda04dd73947d7caab",
  "evaluation_time": 53.82135033607483,
  "kg_co2_emissions": null,
  "mteb_version": "1.14.19",
  "scores": {
    "test": [
      {
        "hf_subset": "default",
        "languages": [
          "eng-Latn"
        ],
        "main_score": 0.572304333834169,
        "map": 0.572304333834169,
        "mrr": 0.7988499245852186,
        "nAUC_map_diff1": 0.17014682062040504,
        "nAUC_map_max": 0.46772817735870253,
        "nAUC_map_std": 0.4389056623779963,
        "nAUC_mrr_diff1": 0.3658229861825637,
        "nAUC_mrr_max": 0.5333753707940655,
        "nAUC_mrr_std": 0.417051314554651
      }
    ]
  },
  "task_name": "SciDocsRR"
}