{
  "dataset_revision": "d66bd1f72af766a5cc4b0ca5e00c162f89e8cc46",
  "evaluation_time": 21.409832239151,
  "kg_co2_emissions": null,
  "mteb_version": "1.14.19",
  "scores": {
    "test": [
      {
        "cosine_accuracy": 0.9917821782178218,
        "cosine_accuracy_threshold": 0.8942887783050537,
        "cosine_ap": 0.4046764607575125,
        "cosine_f1": 0.44756029164329786,
        "cosine_f1_threshold": 0.8759323358535767,
        "cosine_precision": 0.5095785440613027,
        "cosine_recall": 0.399,
        "dot_accuracy": 0.9908316831683168,
        "dot_accuracy_threshold": 121.07353210449219,
        "dot_ap": 0.26269298371262606,
        "dot_f1": 0.3283416528008874,
        "dot_f1_threshold": 115.77300262451172,
        "dot_precision": 0.3686176836861768,
        "dot_recall": 0.296,
        "euclidean_accuracy": 0.9915643564356436,
        "euclidean_accuracy_threshold": 5.00734806060791,
        "euclidean_ap": 0.3810722067042713,
        "euclidean_f1": 0.4278403275332651,
        "euclidean_f1_threshold": 5.731785774230957,
        "euclidean_precision": 0.4381551362683438,
        "euclidean_recall": 0.418,
        "hf_subset": "default",
        "languages": [
          "eng-Latn"
        ],
        "main_score": 0.4046764607575125,
        "manhattan_accuracy": 0.9916534653465346,
        "manhattan_accuracy_threshold": 110.51780700683594,
        "manhattan_ap": 0.38527537508086274,
        "manhattan_f1": 0.42963813900057435,
        "manhattan_f1_threshold": 122.96981811523438,
        "manhattan_precision": 0.50472334682861,
        "manhattan_recall": 0.374,
        "max_accuracy": 0.9917821782178218,
        "max_ap": 0.4046764607575125,
        "max_f1": 0.44756029164329786,
        "max_precision": 0.5095785440613027,
        "max_recall": 0.418,
        "similarity_accuracy": 0.9917821782178218,
        "similarity_accuracy_threshold": 0.8942887783050537,
        "similarity_ap": 0.4046764607575125,
        "similarity_f1": 0.44756029164329786,
        "similarity_f1_threshold": 0.8759323358535767,
        "similarity_precision": 0.5095785440613027,
        "similarity_recall": 0.399
      }
    ],
    "validation": [
      {
        "cosine_accuracy": 0.990980198019802,
        "cosine_accuracy_threshold": 0.8985021114349365,
        "cosine_ap": 0.30419657453190097,
        "cosine_f1": 0.3519900497512437,
        "cosine_f1_threshold": 0.8752566576004028,
        "cosine_precision": 0.4654605263157895,
        "cosine_recall": 0.283,
        "dot_accuracy": 0.9906831683168317,
        "dot_accuracy_threshold": 120.66580963134766,
        "dot_ap": 0.22739641362756824,
        "dot_f1": 0.2992992992992993,
        "dot_f1_threshold": 113.90475463867188,
        "dot_precision": 0.2995991983967936,
        "dot_recall": 0.299,
        "euclidean_accuracy": 0.9908316831683168,
        "euclidean_accuracy_threshold": 5.0853729248046875,
        "euclidean_ap": 0.2794293707075951,
        "euclidean_f1": 0.3316062176165803,
        "euclidean_f1_threshold": 5.94929838180542,
        "euclidean_precision": 0.2917933130699088,
        "euclidean_recall": 0.384,
        "hf_subset": "default",
        "languages": [
          "eng-Latn"
        ],
        "main_score": 0.30419657453190097,
        "manhattan_accuracy": 0.9908316831683168,
        "manhattan_accuracy_threshold": 111.90196228027344,
        "manhattan_ap": 0.28364989445911115,
        "manhattan_f1": 0.334,
        "manhattan_f1_threshold": 128.10299682617188,
        "manhattan_precision": 0.334,
        "manhattan_recall": 0.334,
        "max_accuracy": 0.990980198019802,
        "max_ap": 0.30419657453190097,
        "max_f1": 0.3519900497512437,
        "max_precision": 0.4654605263157895,
        "max_recall": 0.384,
        "similarity_accuracy": 0.990980198019802,
        "similarity_accuracy_threshold": 0.8985021114349365,
        "similarity_ap": 0.30419657453190097,
        "similarity_f1": 0.3519900497512437,
        "similarity_f1_threshold": 0.8752566576004028,
        "similarity_precision": 0.4654605263157895,
        "similarity_recall": 0.283
      }
    ]
  },
  "task_name": "SprintDuplicateQuestions"
}