{
  "dataset_revision": "7e90230a92c190f1bf69ae9002b8cea547a64cca",
  "evaluation_time": 4.902531862258911,
  "kg_co2_emissions": null,
  "mteb_version": "1.14.19",
  "scores": {
    "test": [
      {
        "cosine_pearson": 0.5141340937771294,
        "cosine_spearman": 0.5193757323722086,
        "euclidean_pearson": 0.5045348305591689,
        "euclidean_spearman": 0.5110781359784319,
        "hf_subset": "default",
        "languages": [
          "eng-Latn"
        ],
        "main_score": 0.5193757323722086,
        "manhattan_pearson": 0.5076213447719347,
        "manhattan_spearman": 0.5144462857348417,
        "pearson": 0.5141340937771294,
        "spearman": 0.5193757323722086
      }
    ]
  },
  "task_name": "STS13"
}