{
  "dataset_revision": "20a6d6f312dd54037fe07a32d58e5e168867909d",
  "evaluation_time": 90.52761387825012,
  "kg_co2_emissions": null,
  "mteb_version": "1.14.21",
  "scores": {
    "test": [
      {
        "cosine_pearson": 0.6386314885781483,
        "cosine_spearman": 0.6211305349042872,
        "euclidean_pearson": 0.6055144520266617,
        "euclidean_spearman": 0.6165599373180666,
        "hf_subset": "default",
        "languages": [
          "eng-Latn"
        ],
        "main_score": 0.6211305349042872,
        "manhattan_pearson": 0.5997285837123782,
        "manhattan_spearman": 0.6122288510434726,
        "pearson": 0.6386314885781483,
        "spearman": 0.6211305349042872
      }
    ]
  },
  "task_name": "SICK-R"
}