{
  "dataset_revision": "d3c5e1fc0b855ab6097bf1cda04dd73947d7caab",
  "evaluation_time": 540.6924045085907,
  "kg_co2_emissions": null,
  "mteb_version": "1.14.21",
  "scores": {
    "test": [
      {
        "hf_subset": "default",
        "languages": [
          "eng-Latn"
        ],
        "main_score": 0.7365523719503665,
        "map": 0.7365523719503665,
        "mrr": 0.915828026367242,
        "nAUC_map_diff1": 0.0901903145592522,
        "nAUC_map_max": 0.486863054622471,
        "nAUC_map_std": 0.5641708361930833,
        "nAUC_mrr_diff1": 0.4456980212952091,
        "nAUC_mrr_max": 0.6705092947341788,
        "nAUC_mrr_std": 0.5813177144561845
      }
    ]
  },
  "task_name": "SciDocsRR"
}