{
  "dataset_revision": "6031580fec1f6af667f0bd2da0a551cf4f0b2375",
  "evaluation_time": 48.03578066825867,
  "kg_co2_emissions": null,
  "mteb_version": "1.14.21",
  "scores": {
    "test": [
      {
        "cosine_pearson": 0.5450522158727286,
        "cosine_spearman": 0.516673657011514,
        "euclidean_pearson": 0.5467771880372799,
        "euclidean_spearman": 0.5281315856051465,
        "hf_subset": "default",
        "languages": [
          "eng-Latn"
        ],
        "main_score": 0.516673657011514,
        "manhattan_pearson": 0.5470741120483478,
        "manhattan_spearman": 0.5285871101091449,
        "pearson": 0.5450522158727286,
        "spearman": 0.516673657011514
      }
    ]
  },
  "task_name": "STS14"
}