{
  "dataset_revision": "7e90230a92c190f1bf69ae9002b8cea547a64cca",
  "evaluation_time": 30.16516876220703,
  "kg_co2_emissions": null,
  "mteb_version": "1.14.21",
  "scores": {
    "test": [
      {
        "cosine_pearson": 0.5461815857698055,
        "cosine_spearman": 0.5484003516272804,
        "euclidean_pearson": 0.5454487316152049,
        "euclidean_spearman": 0.5474072284039215,
        "hf_subset": "default",
        "languages": [
          "eng-Latn"
        ],
        "main_score": 0.5484003516272804,
        "manhattan_pearson": 0.5421817847421109,
        "manhattan_spearman": 0.5440328113589874,
        "pearson": 0.5461815857698055,
        "spearman": 0.5484003516272804
      }
    ]
  },
  "task_name": "STS13"
}