{
  "dataset_revision": "ae752c7c21bf194d8b67fd573edf7ae58183cbe3",
  "evaluation_time": 40.241570234298706,
  "kg_co2_emissions": null,
  "mteb_version": "1.14.21",
  "scores": {
    "test": [
      {
        "cosine_pearson": 0.6846208811646874,
        "cosine_spearman": 0.6878812795151714,
        "euclidean_pearson": 0.6682420606314319,
        "euclidean_spearman": 0.6839473543977911,
        "hf_subset": "default",
        "languages": [
          "eng-Latn"
        ],
        "main_score": 0.6878812795151714,
        "manhattan_pearson": 0.6669914838085861,
        "manhattan_spearman": 0.6834029347414201,
        "pearson": 0.6846208811646874,
        "spearman": 0.6878812795151714
      }
    ]
  },
  "task_name": "STS15"
}