{
  "dataset_revision": "d3c5e1fc0b855ab6097bf1cda04dd73947d7caab",
  "evaluation_time": 302.8548493385315,
  "kg_co2_emissions": null,
  "mteb_version": "1.14.20",
  "scores": {
    "test": [
      {
        "hf_subset": "default",
        "languages": [
          "eng-Latn"
        ],
        "main_score": 0.42852853185411194,
        "map": 0.42852853185411194,
        "mrr": 0.659625459870558,
        "nAUC_map_diff1": 0.023607378032840062,
        "nAUC_map_max": 0.20003669921269787,
        "nAUC_map_std": -0.01074468340812584,
        "nAUC_mrr_diff1": 0.09724136643159566,
        "nAUC_mrr_max": 0.26378945771141943,
        "nAUC_mrr_std": 0.009894684740179153
      }
    ]
  },
  "task_name": "SciDocsRR"
}