{
  "dataset_revision": "d3c5e1fc0b855ab6097bf1cda04dd73947d7caab",
  "evaluation_time": 86.78477239608765,
  "kg_co2_emissions": null,
  "mteb_version": "1.14.20",
  "scores": {
    "test": [
      {
        "hf_subset": "default",
        "languages": [
          "eng-Latn"
        ],
        "main_score": 0.4159816834954609,
        "map": 0.4159816834954609,
        "mrr": 0.6269967958693449,
        "nAUC_map_diff1": 0.19672584544557004,
        "nAUC_map_max": 0.2778268655725504,
        "nAUC_map_std": 0.2851531248417139,
        "nAUC_mrr_diff1": 0.2712832341209663,
        "nAUC_mrr_max": 0.3250916572853763,
        "nAUC_mrr_std": 0.23485240625127538
      }
    ]
  },
  "task_name": "SciDocsRR"
}