{
  "dataset_revision": "20a6d6f312dd54037fe07a32d58e5e168867909d",
  "evaluation_time": 14.165555477142334,
  "kg_co2_emissions": null,
  "mteb_version": "1.14.20",
  "scores": {
    "test": [
      {
        "cosine_pearson": 0.40752874948771745,
        "cosine_spearman": 0.38799031971836373,
        "euclidean_pearson": 0.40694807506506536,
        "euclidean_spearman": 0.3825655922503844,
        "hf_subset": "default",
        "languages": [
          "eng-Latn"
        ],
        "main_score": 0.38799031971836373,
        "manhattan_pearson": 0.4066906747523819,
        "manhattan_spearman": 0.38209832145331524,
        "pearson": 0.40752874948771745,
        "spearman": 0.38799031971836373
      }
    ]
  },
  "task_name": "SICK-R"
}