{
  "dataset_revision": "59042f120c80e8afa9cdbb224f67076cec0fc9a7",
  "evaluation_time": 113.79698204994202,
  "kg_co2_emissions": null,
  "mteb_version": "1.14.20",
  "scores": {
    "test": [
      {
        "hf_subset": "default",
        "languages": [
          "eng-Latn"
        ],
        "main_score": 0.268278506151394,
        "map": 0.268278506151394,
        "mrr": 0.2733831678188018,
        "nAUC_map_diff1": 0.14638093505166844,
        "nAUC_map_max": -0.2301525947686036,
        "nAUC_map_std": -0.1442718865082692,
        "nAUC_mrr_diff1": 0.13937234922084793,
        "nAUC_mrr_max": -0.1672576465794166,
        "nAUC_mrr_std": -0.12360663130810065
      }
    ]
  },
  "task_name": "MindSmallReranking"
}