{
  "dataset_revision": "a0d554a64d88156834ff5ae9920b964011b16384",
  "evaluation_time": 4.047450542449951,
  "kg_co2_emissions": null,
  "mteb_version": "1.14.20",
  "scores": {
    "test": [
      {
        "cosine_pearson": 0.2843122311986096,
        "cosine_spearman": 0.31719563630200337,
        "euclidean_pearson": 0.3338171108909818,
        "euclidean_spearman": 0.3359332630276212,
        "hf_subset": "default",
        "languages": [
          "eng-Latn"
        ],
        "main_score": 0.31719563630200337,
        "manhattan_pearson": 0.3345058676908513,
        "manhattan_spearman": 0.33615972324417387,
        "pearson": 0.2843122311986096,
        "spearman": 0.31719563630200337
      }
    ]
  },
  "task_name": "STS12"
}