{
  "dataset_revision": "2000358ca161889fa9c082cb41daa8dcfb161a54",
  "evaluation_time": 8.792459964752197,
  "kg_co2_emissions": null,
  "mteb_version": "1.14.20",
  "scores": {
    "test": [
      {
        "hf_subset": "default",
        "languages": [
          "eng-Latn"
        ],
        "main_score": 0.45983581680390645,
        "map": 0.45983581680390645,
        "mrr": 0.581578947368421,
        "nAUC_map_diff1": 0.17732427193813255,
        "nAUC_map_max": 0.19210209106101586,
        "nAUC_map_std": 0.09474188303288697,
        "nAUC_mrr_diff1": 0.18208593284137473,
        "nAUC_mrr_max": 0.20803809282199065,
        "nAUC_mrr_std": 0.10944884269571155
      }
    ]
  },
  "task_name": "AskUbuntuDupQuestions"
}