{
  "dataset_revision": "6031580fec1f6af667f0bd2da0a551cf4f0b2375",
  "evaluation_time": 12.68779993057251,
  "kg_co2_emissions": null,
  "mteb_version": "1.14.20",
  "scores": {
    "test": [
      {
        "cosine_pearson": 0.37806652480947023,
        "cosine_spearman": 0.3606302947935542,
        "euclidean_pearson": 0.38294701615742976,
        "euclidean_spearman": 0.366533061762094,
        "hf_subset": "default",
        "languages": [
          "eng-Latn"
        ],
        "main_score": 0.3606302947935542,
        "manhattan_pearson": 0.38318384626845897,
        "manhattan_spearman": 0.36629006855543245,
        "pearson": 0.37806652480947023,
        "spearman": 0.3606302947935542
      }
    ]
  },
  "task_name": "STS14"
}