{
  "dataset_revision": "2000358ca161889fa9c082cb41daa8dcfb161a54",
  "evaluation_time": 21.238136768341064,
  "kg_co2_emissions": null,
  "mteb_version": "1.14.20",
  "scores": {
    "test": [
      {
        "hf_subset": "default",
        "languages": [
          "eng-Latn"
        ],
        "main_score": 0.47250236735609674,
        "map": 0.47250236735609674,
        "mrr": 0.6072296970496416,
        "nAUC_map_diff1": 0.15048421741514795,
        "nAUC_map_max": 0.18600360642550354,
        "nAUC_map_std": -0.042598035971933304,
        "nAUC_mrr_diff1": 0.21103245587280484,
        "nAUC_mrr_max": 0.21844849178117223,
        "nAUC_mrr_std": -0.051097781839517326
      }
    ]
  },
  "task_name": "AskUbuntuDupQuestions"
}