{
  "dataset_revision": "d3fb88f8f02e40887cd149695127462bbcf29b4a",
  "evaluation_time": 2.9608163833618164,
  "kg_co2_emissions": null,
  "mteb_version": "1.14.20",
  "scores": {
    "test": [
      {
        "cosine_pearson": 0.5121116882759503,
        "cosine_spearman": 0.5635309127232895,
        "euclidean_pearson": 0.5276001136038722,
        "euclidean_spearman": 0.5486088859677992,
        "hf_subset": "default",
        "languages": [
          "eng-Latn"
        ],
        "main_score": 0.5635309127232895,
        "manhattan_pearson": 0.598908670155037,
        "manhattan_spearman": 0.6028691584694954,
        "pearson": 0.5121116882759503,
        "spearman": 0.5635309127232895
      }
    ]
  },
  "task_name": "BIOSSES"
}