{
  "dataset_revision": "d3c5e1fc0b855ab6097bf1cda04dd73947d7caab",
  "evaluation_time": 117.33849263191223,
  "kg_co2_emissions": null,
  "mteb_version": "1.14.19",
  "scores": {
    "test": [
      {
        "hf_subset": "default",
        "languages": [
          "eng-Latn"
        ],
        "main_score": 0.5354575803715602,
        "map": 0.5354575803715602,
        "mrr": 0.7811355311355311,
        "nAUC_map_diff1": 0.18013534175856025,
        "nAUC_map_max": 0.40997752904680457,
        "nAUC_map_std": 0.294042287617512,
        "nAUC_mrr_diff1": 0.41495491992933387,
        "nAUC_mrr_max": 0.46356815455195965,
        "nAUC_mrr_std": 0.26722491769296197
      }
    ]
  },
  "task_name": "SciDocsRR"
}