{
  "dataset_revision": "4d8694f8f0e0100860b497b999b3dbed754a0513",
  "evaluation_time": 8.570826053619385,
  "kg_co2_emissions": null,
  "mteb_version": "1.14.19",
  "scores": {
    "test": [
      {
        "cosine_pearson": 0.39334137322164286,
        "cosine_spearman": 0.45383608790156543,
        "euclidean_pearson": 0.5127208600097346,
        "euclidean_spearman": 0.5204655825789505,
        "hf_subset": "default",
        "languages": [
          "eng-Latn"
        ],
        "main_score": 0.45383608790156543,
        "manhattan_pearson": 0.5265759764778006,
        "manhattan_spearman": 0.5336068963049635,
        "pearson": 0.39334137322164286,
        "spearman": 0.45383608790156543
      }
    ]
  },
  "task_name": "STS16"
}