{
  "dataset_revision": "2000358ca161889fa9c082cb41daa8dcfb161a54",
  "evaluation_time": 7.3800272941589355,
  "kg_co2_emissions": null,
  "mteb_version": "1.14.20",
  "scores": {
    "test": [
      {
        "hf_subset": "default",
        "languages": [
          "eng-Latn"
        ],
        "main_score": 0.4746580220601442,
        "map": 0.4746580220601442,
        "mrr": 0.6014279118849757,
        "nAUC_map_diff1": 0.12489775307890212,
        "nAUC_map_max": 0.19419314655497882,
        "nAUC_map_std": 0.09718366157844062,
        "nAUC_mrr_diff1": 0.16577888506581334,
        "nAUC_mrr_max": 0.26114568884475975,
        "nAUC_mrr_std": 0.11942354746525086
      }
    ]
  },
  "task_name": "AskUbuntuDupQuestions"
}