{
  "dataset_revision": "d3fb88f8f02e40887cd149695127462bbcf29b4a",
  "evaluation_time": 1.64528226852417,
  "kg_co2_emissions": null,
  "mteb_version": "1.14.20",
  "scores": {
    "test": [
      {
        "cosine_pearson": 0.6303692507185245,
        "cosine_spearman": 0.656189650521512,
        "euclidean_pearson": 0.6064121667248477,
        "euclidean_spearman": 0.6242250667651003,
        "hf_subset": "default",
        "languages": [
          "eng-Latn"
        ],
        "main_score": 0.656189650521512,
        "manhattan_pearson": 0.6123197085090161,
        "manhattan_spearman": 0.628472151489614,
        "pearson": 0.6303692507185245,
        "spearman": 0.656189650521512
      }
    ]
  },
  "task_name": "BIOSSES"
}