{
  "dataset_revision": "59042f120c80e8afa9cdbb224f67076cec0fc9a7",
  "evaluation_time": 116.56011390686035,
  "kg_co2_emissions": null,
  "mteb_version": "1.14.20",
  "scores": {
    "test": [
      {
        "hf_subset": "default",
        "languages": [
          "eng-Latn"
        ],
        "main_score": 0.2595281306586167,
        "map": 0.2595281306586167,
        "mrr": 0.26268803587483286,
        "nAUC_map_diff1": 0.18255739958927228,
        "nAUC_map_max": -0.2532399275244128,
        "nAUC_map_std": -0.13261480365542994,
        "nAUC_mrr_diff1": 0.16588868071888516,
        "nAUC_mrr_max": -0.19595069711608915,
        "nAUC_mrr_std": -0.1151824119279319
      }
    ]
  },
  "task_name": "MindSmallReranking"
}