{
  "dataset_revision": "20a6d6f312dd54037fe07a32d58e5e168867909d",
  "evaluation_time": 11.708146333694458,
  "kg_co2_emissions": null,
  "mteb_version": "1.14.20",
  "scores": {
    "test": [
      {
        "cosine_pearson": 0.6070314469673028,
        "cosine_spearman": 0.5658858999236834,
        "euclidean_pearson": 0.5719199044586534,
        "euclidean_spearman": 0.5629408373326511,
        "hf_subset": "default",
        "languages": [
          "eng-Latn"
        ],
        "main_score": 0.5658858999236834,
        "manhattan_pearson": 0.572784677447296,
        "manhattan_spearman": 0.5646756965850013,
        "pearson": 0.6070314469673028,
        "spearman": 0.5658858999236834
      }
    ]
  },
  "task_name": "SICK-R"
}