{
  "dataset_revision": "e185fbe320c72810689fc5848eb6114e1ef5ec69",
  "evaluation_time": 41.02863025665283,
  "kg_co2_emissions": null,
  "mteb_version": "1.14.20",
  "scores": {
    "test": [
      {
        "hf_subset": "default",
        "languages": [
          "eng-Latn"
        ],
        "main_score": 0.3598700611465835,
        "map": 0.3598700611465835,
        "mrr": 0.35733384262796036,
        "nAUC_map_diff1": 0.29620599817647,
        "nAUC_map_max": 0.22413272746935192,
        "nAUC_map_std": 0.1191422202041225,
        "nAUC_mrr_diff1": 0.29449889650263156,
        "nAUC_mrr_max": 0.23107597276160424,
        "nAUC_mrr_std": 0.11973068545905213
      }
    ]
  },
  "task_name": "StackOverflowDupQuestions"
}