{
  "dataset_revision": "2000358ca161889fa9c082cb41daa8dcfb161a54",
  "evaluation_time": 7.054591655731201,
  "kg_co2_emissions": null,
  "mteb_version": "1.14.20",
  "scores": {
    "test": [
      {
        "hf_subset": "default",
        "languages": [
          "eng-Latn"
        ],
        "main_score": 0.48265185699446794,
        "map": 0.48265185699446794,
        "mrr": 0.620892142637295,
        "nAUC_map_diff1": 0.1336679429913572,
        "nAUC_map_max": 0.17138836839724692,
        "nAUC_map_std": 0.10888468270182984,
        "nAUC_mrr_diff1": 0.15247144842334026,
        "nAUC_mrr_max": 0.20355127118638378,
        "nAUC_mrr_std": 0.112724801264137
      }
    ]
  },
  "task_name": "AskUbuntuDupQuestions"
}