{
  "dataset_revision": "7e90230a92c190f1bf69ae9002b8cea547a64cca",
  "evaluation_time": 4.278259515762329,
  "kg_co2_emissions": null,
  "mteb_version": "1.14.20",
  "scores": {
    "test": [
      {
        "cosine_pearson": 0.49698969940879906,
        "cosine_spearman": 0.4969430603550062,
        "euclidean_pearson": 0.4972762591544071,
        "euclidean_spearman": 0.49375489851238447,
        "hf_subset": "default",
        "languages": [
          "eng-Latn"
        ],
        "main_score": 0.4969430603550062,
        "manhattan_pearson": 0.4990150141563576,
        "manhattan_spearman": 0.4955421652170797,
        "pearson": 0.49698969940879906,
        "spearman": 0.4969430603550062
      }
    ]
  },
  "task_name": "STS13"
}