{
  "dataset_revision": "a0d554a64d88156834ff5ae9920b964011b16384",
  "evaluation_time": 6.50411057472229,
  "kg_co2_emissions": null,
  "mteb_version": "1.14.20",
  "scores": {
    "test": [
      {
        "cosine_pearson": 0.340405852040775,
        "cosine_spearman": 0.36094687375063,
        "euclidean_pearson": 0.3449643497246953,
        "euclidean_spearman": 0.3456060925474048,
        "hf_subset": "default",
        "languages": [
          "eng-Latn"
        ],
        "main_score": 0.36094687375063,
        "manhattan_pearson": 0.34702165918265304,
        "manhattan_spearman": 0.3462210934238816,
        "pearson": 0.340405852040775,
        "spearman": 0.36094687375063
      }
    ]
  },
  "task_name": "STS12"
}