{
  "dataset_revision": "20a6d6f312dd54037fe07a32d58e5e168867909d",
  "evaluation_time": 10.399652242660522,
  "kg_co2_emissions": null,
  "mteb_version": "1.14.20",
  "scores": {
    "test": [
      {
        "cosine_pearson": 0.5294297116960144,
        "cosine_spearman": 0.49365736525200055,
        "euclidean_pearson": 0.5174801586360466,
        "euclidean_spearman": 0.49273010846530596,
        "hf_subset": "default",
        "languages": [
          "eng-Latn"
        ],
        "main_score": 0.49365736525200055,
        "manhattan_pearson": 0.5179691234084887,
        "manhattan_spearman": 0.4932460290971488,
        "pearson": 0.5294297116960144,
        "spearman": 0.49365736525200055
      }
    ]
  },
  "task_name": "SICK-R"
}