{
  "dataset_revision": "e185fbe320c72810689fc5848eb6114e1ef5ec69",
  "evaluation_time": 26.412848472595215,
  "kg_co2_emissions": null,
  "mteb_version": "1.14.20",
  "scores": {
    "test": [
      {
        "hf_subset": "default",
        "languages": [
          "eng-Latn"
        ],
        "main_score": 0.3532699565856376,
        "map": 0.3532699565856376,
        "mrr": 0.34973010037348273,
        "nAUC_map_diff1": 0.26892106055823944,
        "nAUC_map_max": 0.2104993194777697,
        "nAUC_map_std": 0.06907436949468664,
        "nAUC_mrr_diff1": 0.2638197819964081,
        "nAUC_mrr_max": 0.22028131813453655,
        "nAUC_mrr_std": 0.07374274918557903
      }
    ]
  },
  "task_name": "StackOverflowDupQuestions"
}