{
  "dataset_revision": "ae752c7c21bf194d8b67fd573edf7ae58183cbe3",
  "evaluation_time": 4.728838682174683,
  "kg_co2_emissions": null,
  "mteb_version": "1.14.20",
  "scores": {
    "test": [
      {
        "cosine_pearson": 0.5030291670304295,
        "cosine_spearman": 0.5344818090333381,
        "euclidean_pearson": 0.5372224228760121,
        "euclidean_spearman": 0.5384203410687655,
        "hf_subset": "default",
        "languages": [
          "eng-Latn"
        ],
        "main_score": 0.5344818090333381,
        "manhattan_pearson": 0.5392189199050402,
        "manhattan_spearman": 0.5396402176014903,
        "pearson": 0.5030291670304295,
        "spearman": 0.5344818090333381
      }
    ]
  },
  "task_name": "STS15"
}