{
  "dataset_revision": "d66bd1f72af766a5cc4b0ca5e00c162f89e8cc46",
  "evaluation_time": 9.56656002998352,
  "kg_co2_emissions": null,
  "mteb_version": "1.14.20",
  "scores": {
    "test": [
      {
        "cosine_accuracy": 0.9901782178217822,
        "cosine_accuracy_threshold": 0.9292022585868835,
        "cosine_ap": 0.048929001735042034,
        "cosine_f1": 0.09504455213381273,
        "cosine_f1_threshold": 0.6519181728363037,
        "cosine_precision": 0.056327589401519364,
        "cosine_recall": 0.304,
        "dot_accuracy": 0.9901683168316832,
        "dot_accuracy_threshold": 464.0785217285156,
        "dot_ap": 0.05550807059177757,
        "dot_f1": 0.11500419111483653,
        "dot_f1_threshold": 286.1240539550781,
        "dot_precision": 0.06908358509566968,
        "dot_recall": 0.343,
        "euclidean_accuracy": 0.9901683168316832,
        "euclidean_accuracy_threshold": 7.981145858764648,
        "euclidean_ap": 0.0434819042024102,
        "euclidean_f1": 0.08356275303643725,
        "euclidean_f1_threshold": 17.171527862548828,
        "euclidean_precision": 0.049855072463768114,
        "euclidean_recall": 0.258,
        "hf_subset": "default",
        "languages": [
          "eng-Latn"
        ],
        "main_score": 0.05550807059177757,
        "manhattan_accuracy": 0.9901683168316832,
        "manhattan_accuracy_threshold": 205.6253662109375,
        "manhattan_ap": 0.043435877080102325,
        "manhattan_f1": 0.08232445520581115,
        "manhattan_f1_threshold": 441.2647705078125,
        "manhattan_precision": 0.04850213980028531,
        "manhattan_recall": 0.272,
        "max_accuracy": 0.9901782178217822,
        "max_ap": 0.05550807059177757,
        "max_f1": 0.11500419111483653,
        "max_precision": 0.06908358509566968,
        "max_recall": 0.343,
        "similarity_accuracy": 0.9901782178217822,
        "similarity_accuracy_threshold": 0.9292022585868835,
        "similarity_ap": 0.048929001735042034,
        "similarity_f1": 0.09504455213381273,
        "similarity_f1_threshold": 0.6519181728363037,
        "similarity_precision": 0.056327589401519364,
        "similarity_recall": 0.304
      }
    ]
  },
  "task_name": "SprintDuplicateQuestions"
}