{
  "dataset_revision": "e185fbe320c72810689fc5848eb6114e1ef5ec69",
  "evaluation_time": 31.42358422279358,
  "kg_co2_emissions": null,
  "mteb_version": "1.14.20",
  "scores": {
    "test": [
      {
        "hf_subset": "default",
        "languages": [
          "eng-Latn"
        ],
        "main_score": 0.2761901038402258,
        "map": 0.2761901038402258,
        "mrr": 0.2648024361259655,
        "nAUC_map_diff1": 0.19663942115482516,
        "nAUC_map_max": 0.2230714885038732,
        "nAUC_map_std": 0.04883930443360709,
        "nAUC_mrr_diff1": 0.18701353235013704,
        "nAUC_mrr_max": 0.22664985022301512,
        "nAUC_mrr_std": 0.05020320248143481
      }
    ]
  },
  "task_name": "StackOverflowDupQuestions"
}