{
  "dataset_revision": "2000358ca161889fa9c082cb41daa8dcfb161a54",
  "evaluation_time": 5.758606672286987,
  "kg_co2_emissions": null,
  "mteb_version": "1.14.20",
  "scores": {
    "test": [
      {
        "hf_subset": "default",
        "languages": [
          "eng-Latn"
        ],
        "main_score": 0.47510603794005013,
        "map": 0.47510603794005013,
        "mrr": 0.6102306204106758,
        "nAUC_map_diff1": 0.15077788148849652,
        "nAUC_map_max": 0.1627905742619309,
        "nAUC_map_std": 0.049736689711391564,
        "nAUC_mrr_diff1": 0.1716565566413427,
        "nAUC_mrr_max": 0.2066378521851876,
        "nAUC_mrr_std": 0.04948002581636157
      }
    ]
  },
  "task_name": "AskUbuntuDupQuestions"
}