{
  "dataset_revision": "d3fb88f8f02e40887cd149695127462bbcf29b4a",
  "evaluation_time": 2.3950302600860596,
  "kg_co2_emissions": null,
  "mteb_version": "1.14.20",
  "scores": {
    "test": [
      {
        "cosine_pearson": 0.5662059492367034,
        "cosine_spearman": 0.5666936353904807,
        "euclidean_pearson": 0.5131486208628396,
        "euclidean_spearman": 0.5275421408874803,
        "hf_subset": "default",
        "languages": [
          "eng-Latn"
        ],
        "main_score": 0.5666936353904807,
        "manhattan_pearson": 0.5379870262121381,
        "manhattan_spearman": 0.5354218385040251,
        "pearson": 0.5662059492367034,
        "spearman": 0.5666936353904807
      }
    ]
  },
  "task_name": "BIOSSES"
}