{
  "dataset_revision": "59042f120c80e8afa9cdbb224f67076cec0fc9a7",
  "evaluation_time": 159.5659785270691,
  "kg_co2_emissions": null,
  "mteb_version": "1.14.20",
  "scores": {
    "test": [
      {
        "hf_subset": "default",
        "languages": [
          "eng-Latn"
        ],
        "main_score": 0.2678966394594158,
        "map": 0.2678966394594158,
        "mrr": 0.272025079356129,
        "nAUC_map_diff1": 0.1706184517316022,
        "nAUC_map_max": -0.2663806106863536,
        "nAUC_map_std": -0.132218082031997,
        "nAUC_mrr_diff1": 0.15681344403398317,
        "nAUC_mrr_max": -0.21194548524206203,
        "nAUC_mrr_std": -0.11666562132336254
      }
    ]
  },
  "task_name": "MindSmallReranking"
}