{
  "dataset_revision": "6031580fec1f6af667f0bd2da0a551cf4f0b2375",
  "evaluation_time": 23.81668782234192,
  "kg_co2_emissions": null,
  "mteb_version": "1.14.20",
  "scores": {
    "test": [
      {
        "cosine_pearson": 0.4379852190262777,
        "cosine_spearman": 0.43110118009988957,
        "euclidean_pearson": 0.44184363387519365,
        "euclidean_spearman": 0.42728861019421066,
        "hf_subset": "default",
        "languages": [
          "eng-Latn"
        ],
        "main_score": 0.43110118009988957,
        "manhattan_pearson": 0.47133325864994086,
        "manhattan_spearman": 0.4552307127815915,
        "pearson": 0.4379852190262777,
        "spearman": 0.43110118009988957
      }
    ]
  },
  "task_name": "STS14"
}