{
  "dataset_revision": "ae752c7c21bf194d8b67fd573edf7ae58183cbe3",
  "evaluation_time": 17.824859380722046,
  "kg_co2_emissions": null,
  "mteb_version": "1.14.20",
  "scores": {
    "test": [
      {
        "cosine_pearson": 0.5218637429835137,
        "cosine_spearman": 0.5541835838447906,
        "euclidean_pearson": 0.5448111728997705,
        "euclidean_spearman": 0.551321457265138,
        "hf_subset": "default",
        "languages": [
          "eng-Latn"
        ],
        "main_score": 0.5541835838447906,
        "manhattan_pearson": 0.5841838275688171,
        "manhattan_spearman": 0.5950011380975809,
        "pearson": 0.5218637429835137,
        "spearman": 0.5541835838447906
      }
    ]
  },
  "task_name": "STS15"
}