{
  "dataset_revision": "59042f120c80e8afa9cdbb224f67076cec0fc9a7",
  "evaluation_time": 190.2477285861969,
  "kg_co2_emissions": null,
  "mteb_version": "1.14.19",
  "scores": {
    "test": [
      {
        "hf_subset": "default",
        "languages": [
          "eng-Latn"
        ],
        "main_score": 0.26882910832653156,
        "map": 0.26882910832653156,
        "mrr": 0.2733421080424802,
        "nAUC_map_diff1": 0.1704557429105208,
        "nAUC_map_max": -0.29434813180303987,
        "nAUC_map_std": -0.1454609579643908,
        "nAUC_mrr_diff1": 0.156285713516851,
        "nAUC_mrr_max": -0.2379256038113542,
        "nAUC_mrr_std": -0.12208867839532014
      }
    ]
  },
  "task_name": "MindSmallReranking"
}