{
  "dataset_revision": "20a6d6f312dd54037fe07a32d58e5e168867909d",
  "evaluation_time": 22.72565460205078,
  "kg_co2_emissions": null,
  "mteb_version": "1.14.19",
  "scores": {
    "test": [
      {
        "cosine_pearson": 0.6188854824026356,
        "cosine_spearman": 0.5585531913099105,
        "euclidean_pearson": 0.5742793447321518,
        "euclidean_spearman": 0.5363800301336592,
        "hf_subset": "default",
        "languages": [
          "eng-Latn"
        ],
        "main_score": 0.5585531913099105,
        "manhattan_pearson": 0.5795465389737327,
        "manhattan_spearman": 0.5402927085186829,
        "pearson": 0.6188854824026356,
        "spearman": 0.5585531913099105
      }
    ]
  },
  "task_name": "SICK-R"
}