{
  "dataset_revision": "4d8694f8f0e0100860b497b999b3dbed754a0513",
  "evaluation_time": 10.05632996559143,
  "kg_co2_emissions": null,
  "mteb_version": "1.14.19",
  "scores": {
    "test": [
      {
        "cosine_pearson": 0.4963781498163081,
        "cosine_spearman": 0.5327019286646277,
        "euclidean_pearson": 0.5190162980849091,
        "euclidean_spearman": 0.5271448123239622,
        "hf_subset": "default",
        "languages": [
          "eng-Latn"
        ],
        "main_score": 0.5327019286646277,
        "manhattan_pearson": 0.5227964620191636,
        "manhattan_spearman": 0.5303353022937805,
        "pearson": 0.4963781498163081,
        "spearman": 0.5327019286646277
      }
    ]
  },
  "task_name": "STS16"
}