{
  "dataset_revision": "7e90230a92c190f1bf69ae9002b8cea547a64cca",
  "evaluation_time": 10.636446475982666,
  "kg_co2_emissions": null,
  "mteb_version": "1.14.19",
  "scores": {
    "test": [
      {
        "cosine_pearson": 0.5629913066855938,
        "cosine_spearman": 0.5614248773913222,
        "euclidean_pearson": 0.5752636131636291,
        "euclidean_spearman": 0.573814003733672,
        "hf_subset": "default",
        "languages": [
          "eng-Latn"
        ],
        "main_score": 0.5614248773913222,
        "manhattan_pearson": 0.58326725525901,
        "manhattan_spearman": 0.5802421407228637,
        "pearson": 0.5629913066855938,
        "spearman": 0.5614248773913222
      }
    ]
  },
  "task_name": "STS13"
}