{
  "dataset_revision": "d3fb88f8f02e40887cd149695127462bbcf29b4a",
  "evaluation_time": 1.9237487316131592,
  "kg_co2_emissions": null,
  "mteb_version": "1.14.20",
  "scores": {
    "test": [
      {
        "cosine_pearson": 0.04922585842456604,
        "cosine_spearman": 0.0851404942007852,
        "euclidean_pearson": 0.03694476914844909,
        "euclidean_spearman": 0.07985724128816309,
        "hf_subset": "default",
        "languages": [
          "eng-Latn"
        ],
        "main_score": 0.0851404942007852,
        "manhattan_pearson": 0.0349013711039616,
        "manhattan_spearman": 0.08139944510302198,
        "pearson": 0.04922585842456604,
        "spearman": 0.0851404942007852
      }
    ]
  },
  "task_name": "BIOSSES"
}