{
  "dataset_revision": "d3c5e1fc0b855ab6097bf1cda04dd73947d7caab",
  "evaluation_time": 81.53374552726746,
  "kg_co2_emissions": null,
  "mteb_version": "1.14.20",
  "scores": {
    "test": [
      {
        "hf_subset": "default",
        "languages": [
          "eng-Latn"
        ],
        "main_score": 0.31515778293501845,
        "map": 0.31515778293501845,
        "mrr": 0.48826701620819263,
        "nAUC_map_diff1": 0.23504340527848086,
        "nAUC_map_max": 0.3951989027241388,
        "nAUC_map_std": 0.30477623682312904,
        "nAUC_mrr_diff1": 0.3325981834844018,
        "nAUC_mrr_max": 0.43016590209215816,
        "nAUC_mrr_std": 0.3227537278063032
      }
    ]
  },
  "task_name": "SciDocsRR"
}