{
  "dataset_revision": "4d8694f8f0e0100860b497b999b3dbed754a0513",
  "evaluation_time": 6.666589736938477,
  "kg_co2_emissions": null,
  "mteb_version": "1.14.20",
  "scores": {
    "test": [
      {
        "cosine_pearson": 0.2870190020090741,
        "cosine_spearman": 0.3049981599937024,
        "euclidean_pearson": 0.30005247990964373,
        "euclidean_spearman": 0.29508522637706386,
        "hf_subset": "default",
        "languages": [
          "eng-Latn"
        ],
        "main_score": 0.3049981599937024,
        "manhattan_pearson": 0.3004808049957685,
        "manhattan_spearman": 0.2951748676859407,
        "pearson": 0.2870190020090741,
        "spearman": 0.3049981599937024
      }
    ]
  },
  "task_name": "STS16"
}