{
  "dataset_revision": "20a6d6f312dd54037fe07a32d58e5e168867909d",
  "evaluation_time": 14.97248911857605,
  "kg_co2_emissions": null,
  "mteb_version": "1.14.20",
  "scores": {
    "test": [
      {
        "cosine_pearson": 0.6159290792824569,
        "cosine_spearman": 0.5665868302652396,
        "euclidean_pearson": 0.5823537573157536,
        "euclidean_spearman": 0.5576252779334,
        "hf_subset": "default",
        "languages": [
          "eng-Latn"
        ],
        "main_score": 0.5665868302652396,
        "manhattan_pearson": 0.5826084670999782,
        "manhattan_spearman": 0.5575578406615863,
        "pearson": 0.6159290792824569,
        "spearman": 0.5665868302652396
      }
    ]
  },
  "task_name": "SICK-R"
}