{
  "dataset_revision": "a0d554a64d88156834ff5ae9920b964011b16384",
  "evaluation_time": 10.972642660140991,
  "kg_co2_emissions": null,
  "mteb_version": "1.14.20",
  "scores": {
    "test": [
      {
        "cosine_pearson": 0.4257426829201543,
        "cosine_spearman": 0.43381619609650923,
        "euclidean_pearson": 0.4145729666819501,
        "euclidean_spearman": 0.41101685728331105,
        "hf_subset": "default",
        "languages": [
          "eng-Latn"
        ],
        "main_score": 0.43381619609650923,
        "manhattan_pearson": 0.41920504999327574,
        "manhattan_spearman": 0.4121913713321892,
        "pearson": 0.4257426829201543,
        "spearman": 0.43381619609650923
      }
    ]
  },
  "task_name": "STS12"
}