{
  "dataset_revision": "b0fddb56ed78048fa8b90373c8a3cfc37b684831",
  "evaluation_time": 5.830045700073242,
  "kg_co2_emissions": null,
  "mteb_version": "1.14.20",
  "scores": {
    "test": [
      {
        "cosine_pearson": 0.4921798624332955,
        "cosine_spearman": 0.47145955788316324,
        "euclidean_pearson": 0.4899609092318274,
        "euclidean_spearman": 0.482618676923943,
        "hf_subset": "default",
        "languages": [
          "eng-Latn"
        ],
        "main_score": 0.47145955788316324,
        "manhattan_pearson": 0.4911393014006415,
        "manhattan_spearman": 0.48332475102284556,
        "pearson": 0.4921798624332955,
        "spearman": 0.47145955788316324
      }
    ]
  },
  "task_name": "STSBenchmark"
}