{"train_loss": 0.6237547993659973, "train_loss_step": 0.586965024471283, "train_acc1": 82.81407928466797, "train_acc1_step": 84.375, "train_acc5": 95.9918441772461, "train_acc5_step": 98.4375, "val_loss": 0.48626938462257385, "val_acc1": 86.03765869140625, "val_acc5": 97.77644348144531, "train_loss_epoch": 0.6237547993659973, "train_acc1_epoch": 82.81407928466797, "train_acc5_epoch": 95.9918441772461}