{"train_loss": 0.41997408866882324, "train_loss_step": 0.3611826002597809, "train_acc1": 89.42982482910156, "train_acc1_step": 89.0625, "train_acc5": 97.4050521850586, "train_acc5_step": 98.4375, "val_loss": 0.3289858400821686, "val_acc1": 90.98558044433594, "val_acc5": 98.61779022216797, "train_loss_epoch": 0.41997408866882324, "train_acc1_epoch": 89.42982482910156, "train_acc5_epoch": 97.4050521850586}