{"train_loss": 0.933962881565094, "train_loss_step": 0.6207877397537231, "train_acc1": 74.37673950195312, "train_acc1_step": 84.375, "train_acc5": 92.61406707763672, "train_acc5_step": 95.3125, "val_loss": 0.7272629737854004, "val_acc1": 79.0665054321289, "val_acc5": 95.79327392578125, "train_loss_epoch": 0.933962881565094, "train_acc1_epoch": 74.37673950195312, "train_acc5_epoch": 92.61406707763672}