{"train_loss": 2.507054328918457, "train_loss_step": 2.1342790126800537, "train_acc1": 38.32074737548828, "train_acc1_step": 46.09375, "train_acc5": 66.28064727783203, "train_acc5_step": 77.34375, "val_loss": 2.258660078048706, "val_acc1": 43.209136962890625, "val_acc5": 71.55448913574219, "train_loss_epoch": 2.507054328918457, "train_acc1_epoch": 38.32074737548828, "train_acc5_epoch": 66.28064727783203}