{"train_loss": 2.9073925018310547, "train_loss_step": 2.75985050201416, "train_acc1": 30.515356063842773, "train_acc1_step": 28.90625, "train_acc5": 57.765892028808594, "train_acc5_step": 65.625, "val_loss": 2.6825854778289795, "val_acc1": 34.49519348144531, "val_acc5": 63.721954345703125, "train_loss_epoch": 2.9073925018310547, "train_acc1_epoch": 30.515356063842773, "train_acc5_epoch": 57.765892028808594}