{"train_loss": 1.084200143814087, "train_loss_step": 0.5624030232429504, "train_acc1": 70.71932220458984, "train_acc1_step": 82.8125, "train_acc5": 90.60130310058594, "train_acc5_step": 96.09375, "val_loss": 0.86639803647995, "val_acc1": 76.16185760498047, "val_acc5": 94.13060760498047, "train_loss_epoch": 1.084200143814087, "train_acc1_epoch": 70.71932220458984, "train_acc5_epoch": 90.60130310058594}