{"train_loss": 0.797661304473877, "train_loss_step": 0.46646183729171753, "train_acc1": 77.85800170898438, "train_acc1_step": 87.5, "train_acc5": 94.1939468383789, "train_acc5_step": 98.4375, "val_loss": 0.6240164637565613, "val_acc1": 82.25160217285156, "val_acc5": 96.63461303710938, "train_loss_epoch": 0.797661304473877, "train_acc1_epoch": 77.85800170898438, "train_acc5_epoch": 94.1939468383789}