{"train_loss": 0.3964434564113617, "train_loss_step": 0.27857327461242676, "train_acc1": 90.00094604492188, "train_acc1_step": 93.75, "train_acc5": 97.61201477050781, "train_acc5_step": 97.65625, "val_loss": 0.3249405026435852, "val_acc1": 90.72515869140625, "val_acc5": 98.69792175292969, "train_loss_epoch": 0.3964434564113617, "train_acc1_epoch": 90.00094604492188, "train_acc5_epoch": 97.61201477050781}