{"train_loss": 0.4083840847015381, "train_loss_step": 0.332990437746048, "train_acc1": 89.28368377685547, "train_acc1_step": 90.625, "train_acc5": 97.65309143066406, "train_acc5_step": 97.65625, "val_loss": 0.34633317589759827, "val_acc1": 90.36458587646484, "val_acc5": 98.57772827148438, "train_loss_epoch": 0.4083840847015381, "train_acc1_epoch": 89.28368377685547, "train_acc5_epoch": 97.65309143066406}