{"train_loss": 0.9875025749206543, "train_loss_step": 0.5953898429870605, "train_acc1": 73.08123779296875, "train_acc1_step": 83.59375, "train_acc5": 91.94261932373047, "train_acc5_step": 95.3125, "val_loss": 0.7948958873748779, "val_acc1": 77.12339782714844, "val_acc5": 95.19230651855469, "train_loss_epoch": 0.9875025749206543, "train_acc1_epoch": 73.08123779296875, "train_acc5_epoch": 91.94261932373047}