{"train_loss": 2.108846426010132, "train_loss_step": 1.638399362564087, "train_acc1": 46.744659423828125, "train_acc1_step": 57.03125, "train_acc5": 73.98018646240234, "train_acc5_step": 82.8125, "val_loss": 1.8096303939819336, "val_acc1": 53.325321197509766, "val_acc5": 80.4286880493164, "train_loss_epoch": 2.108846426010132, "train_acc1_epoch": 46.744659423828125, "train_acc5_epoch": 73.98018646240234}