{"train_loss": 0.3920729458332062, "train_loss_step": 0.12838050723075867, "train_acc1": 90.1455078125, "train_acc1_step": 94.53125, "train_acc5": 97.67205047607422, "train_acc5_step": 100.0, "val_loss": 0.32565200328826904, "val_acc1": 91.0456771850586, "val_acc5": 98.71794891357422, "train_loss_epoch": 0.3920729458332062, "train_acc1_epoch": 90.1455078125, "train_acc5_epoch": 97.67205047607422}