{"train_loss": 1.331653356552124, "train_loss_step": 0.932670533657074, "train_acc1": 64.7394790649414, "train_acc1_step": 77.34375, "train_acc5": 86.98574829101562, "train_acc5_step": 92.1875, "val_loss": 1.0750716924667358, "val_acc1": 70.07211303710938, "val_acc5": 91.62660217285156, "train_loss_epoch": 1.331653356552124, "train_acc1_epoch": 64.7394790649414, "train_acc5_epoch": 86.98574829101562}