{
  "dataset_revision": "d3c5e1fc0b855ab6097bf1cda04dd73947d7caab",
  "evaluation_time": 44.1645827293396,
  "kg_co2_emissions": null,
  "mteb_version": "1.14.19",
  "scores": {
    "test": [
      {
        "hf_subset": "default",
        "languages": [
          "eng-Latn"
        ],
        "main_score": 0.5980203943614847,
        "map": 0.5980203943614847,
        "mrr": 0.8252039989785086,
        "nAUC_map_diff1": 0.18826282065681715,
        "nAUC_map_max": 0.5094876319117501,
        "nAUC_map_std": 0.5363900691087174,
        "nAUC_mrr_diff1": 0.449910243399678,
        "nAUC_mrr_max": 0.6130224093244586,
        "nAUC_mrr_std": 0.5273958005655935
      }
    ]
  },
  "task_name": "SciDocsRR"
}