{
  "dataset_revision": "6031580fec1f6af667f0bd2da0a551cf4f0b2375",
  "evaluation_time": 8.066851377487183,
  "kg_co2_emissions": null,
  "mteb_version": "1.14.19",
  "scores": {
    "test": [
      {
        "cosine_pearson": 0.4957862729194264,
        "cosine_spearman": 0.4823203910817093,
        "euclidean_pearson": 0.5133280945928773,
        "euclidean_spearman": 0.5011145320735865,
        "hf_subset": "default",
        "languages": [
          "eng-Latn"
        ],
        "main_score": 0.4823203910817093,
        "manhattan_pearson": 0.5132390117834263,
        "manhattan_spearman": 0.5013376700575473,
        "pearson": 0.4957862729194264,
        "spearman": 0.4823203910817093
      }
    ]
  },
  "task_name": "STS14"
}