{
  "dataset_revision": "59042f120c80e8afa9cdbb224f67076cec0fc9a7",
  "evaluation_time": 119.89290046691895,
  "kg_co2_emissions": null,
  "mteb_version": "1.14.20",
  "scores": {
    "test": [
      {
        "hf_subset": "default",
        "languages": [
          "eng-Latn"
        ],
        "main_score": 0.26289749673504664,
        "map": 0.26289749673504664,
        "mrr": 0.26676530522741293,
        "nAUC_map_diff1": 0.17182309016948175,
        "nAUC_map_max": -0.2669105488954343,
        "nAUC_map_std": -0.1234955348467341,
        "nAUC_mrr_diff1": 0.15786949573049483,
        "nAUC_mrr_max": -0.20354759841099945,
        "nAUC_mrr_std": -0.10475504503301845
      }
    ]
  },
  "task_name": "MindSmallReranking"
}