{
  "dataset_revision": "e185fbe320c72810689fc5848eb6114e1ef5ec69",
  "evaluation_time": 38.75129055976868,
  "kg_co2_emissions": null,
  "mteb_version": "1.14.20",
  "scores": {
    "test": [
      {
        "hf_subset": "default",
        "languages": [
          "eng-Latn"
        ],
        "main_score": 0.3498225990618342,
        "map": 0.3498225990618342,
        "mrr": 0.34589726041931923,
        "nAUC_map_diff1": 0.3162010188521393,
        "nAUC_map_max": 0.2191812105309041,
        "nAUC_map_std": 0.13464690955025344,
        "nAUC_mrr_diff1": 0.31642505010628935,
        "nAUC_mrr_max": 0.22913919885427703,
        "nAUC_mrr_std": 0.13649106922734658
      }
    ]
  },
  "task_name": "StackOverflowDupQuestions"
}