{
  "dataset_revision": "6031580fec1f6af667f0bd2da0a551cf4f0b2375",
  "evaluation_time": 9.29787302017212,
  "kg_co2_emissions": null,
  "mteb_version": "1.14.20",
  "scores": {
    "test": [
      {
        "cosine_pearson": 0.47427738779738626,
        "cosine_spearman": 0.4531594696051666,
        "euclidean_pearson": 0.47851815285930466,
        "euclidean_spearman": 0.46109352202251336,
        "hf_subset": "default",
        "languages": [
          "eng-Latn"
        ],
        "main_score": 0.4531594696051666,
        "manhattan_pearson": 0.4819313148201249,
        "manhattan_spearman": 0.46413178632484564,
        "pearson": 0.47427738779738626,
        "spearman": 0.4531594696051666
      }
    ]
  },
  "task_name": "STS14"
}