{
  "dataset_revision": "7e90230a92c190f1bf69ae9002b8cea547a64cca",
  "evaluation_time": 5.144869089126587,
  "kg_co2_emissions": null,
  "mteb_version": "1.14.20",
  "scores": {
    "test": [
      {
        "cosine_pearson": 0.5246009324718687,
        "cosine_spearman": 0.5261446215412514,
        "euclidean_pearson": 0.5167570274027659,
        "euclidean_spearman": 0.5169042533008612,
        "hf_subset": "default",
        "languages": [
          "eng-Latn"
        ],
        "main_score": 0.5261446215412514,
        "manhattan_pearson": 0.5204066870766929,
        "manhattan_spearman": 0.5195012382948704,
        "pearson": 0.5246009324718687,
        "spearman": 0.5261446215412514
      }
    ]
  },
  "task_name": "STS13"
}