{
  "dataset_revision": "b0fddb56ed78048fa8b90373c8a3cfc37b684831",
  "evaluation_time": 3.7547006607055664,
  "kg_co2_emissions": null,
  "mteb_version": "1.14.20",
  "scores": {
    "test": [
      {
        "cosine_pearson": 0.4510273461019145,
        "cosine_spearman": 0.43899283477652307,
        "euclidean_pearson": 0.4617334379520661,
        "euclidean_spearman": 0.45743684185360683,
        "hf_subset": "default",
        "languages": [
          "eng-Latn"
        ],
        "main_score": 0.43899283477652307,
        "manhattan_pearson": 0.46352522274925656,
        "manhattan_spearman": 0.4598437314759988,
        "pearson": 0.4510273461019145,
        "spearman": 0.43899283477652307
      }
    ]
  },
  "task_name": "STSBenchmark"
}