{
  "dataset_revision": "a0d554a64d88156834ff5ae9920b964011b16384",
  "evaluation_time": 11.408423900604248,
  "kg_co2_emissions": null,
  "mteb_version": "1.14.20",
  "scores": {
    "test": [
      {
        "cosine_pearson": 0.4319284665468772,
        "cosine_spearman": 0.43353550161388427,
        "euclidean_pearson": 0.4281291652675407,
        "euclidean_spearman": 0.42667522104970257,
        "hf_subset": "default",
        "languages": [
          "eng-Latn"
        ],
        "main_score": 0.43353550161388427,
        "manhattan_pearson": 0.4308610969870974,
        "manhattan_spearman": 0.4272956027947423,
        "pearson": 0.4319284665468772,
        "spearman": 0.43353550161388427
      }
    ]
  },
  "task_name": "STS12"
}