{
  "dataset_revision": "59042f120c80e8afa9cdbb224f67076cec0fc9a7",
  "evaluation_time": 200.85293412208557,
  "kg_co2_emissions": null,
  "mteb_version": "1.14.20",
  "scores": {
    "test": [
      {
        "hf_subset": "default",
        "languages": [
          "eng-Latn"
        ],
        "main_score": 0.2838000414750411,
        "map": 0.2838000414750411,
        "mrr": 0.29025113367496863,
        "nAUC_map_diff1": 0.2343889793173415,
        "nAUC_map_max": -0.24190435382886816,
        "nAUC_map_std": -0.0472306175915849,
        "nAUC_mrr_diff1": 0.20669990752827622,
        "nAUC_mrr_max": -0.184682184414717,
        "nAUC_mrr_std": -0.04909145450352338
      }
    ]
  },
  "task_name": "MindSmallReranking"
}