{
  "dataset_revision": "d3c5e1fc0b855ab6097bf1cda04dd73947d7caab",
  "evaluation_time": 259.18789315223694,
  "kg_co2_emissions": null,
  "mteb_version": "1.14.20",
  "scores": {
    "test": [
      {
        "hf_subset": "default",
        "languages": [
          "eng-Latn"
        ],
        "main_score": 0.48306389854424453,
        "map": 0.48306389854424453,
        "mrr": 0.7312715969578715,
        "nAUC_map_diff1": 0.08716637777868246,
        "nAUC_map_max": 0.3894295238876304,
        "nAUC_map_std": 0.16550637974389523,
        "nAUC_mrr_diff1": 0.2916216923355398,
        "nAUC_mrr_max": 0.4538043914321635,
        "nAUC_mrr_std": 0.14138771814029355
      }
    ]
  },
  "task_name": "SciDocsRR"
}