{
  "dataset_revision": "20a6d6f312dd54037fe07a32d58e5e168867909d",
  "evaluation_time": 49.91745471954346,
  "kg_co2_emissions": null,
  "mteb_version": "1.14.20",
  "scores": {
    "test": [
      {
        "cosine_pearson": 0.5325604868571812,
        "cosine_spearman": 0.5044984792769424,
        "euclidean_pearson": 0.5224623940601226,
        "euclidean_spearman": 0.507040012694446,
        "hf_subset": "default",
        "languages": [
          "eng-Latn"
        ],
        "main_score": 0.5044984792769424,
        "manhattan_pearson": 0.5558173540112631,
        "manhattan_spearman": 0.5451302872807402,
        "pearson": 0.5325604868571812,
        "spearman": 0.5044984792769424
      }
    ]
  },
  "task_name": "SICK-R"
}