{
  "dataset_revision": "6031580fec1f6af667f0bd2da0a551cf4f0b2375",
  "evaluation_time": 39.692193269729614,
  "kg_co2_emissions": null,
  "mteb_version": "1.14.20",
  "scores": {
    "test": [
      {
        "cosine_pearson": 0.4476624783132282,
        "cosine_spearman": 0.4212263366842197,
        "euclidean_pearson": 0.4470574661247218,
        "euclidean_spearman": 0.42661193188918817,
        "hf_subset": "default",
        "languages": [
          "eng-Latn"
        ],
        "main_score": 0.4212263366842197,
        "manhattan_pearson": 0.4973782751423877,
        "manhattan_spearman": 0.4739499511329909,
        "pearson": 0.4476624783132282,
        "spearman": 0.4212263366842197
      }
    ]
  },
  "task_name": "STS14"
}