{
  "dataset_revision": "d3fb88f8f02e40887cd149695127462bbcf29b4a",
  "evaluation_time": 2.7609646320343018,
  "kg_co2_emissions": null,
  "mteb_version": "1.14.19",
  "scores": {
    "test": [
      {
        "cosine_pearson": 0.5786539249375692,
        "cosine_spearman": 0.5770131476360014,
        "euclidean_pearson": 0.588943684924865,
        "euclidean_spearman": 0.5791637990496913,
        "hf_subset": "default",
        "languages": [
          "eng-Latn"
        ],
        "main_score": 0.5770131476360014,
        "manhattan_pearson": 0.5921675006269234,
        "manhattan_spearman": 0.582633757633124,
        "pearson": 0.5786539249375692,
        "spearman": 0.5770131476360014
      }
    ]
  },
  "task_name": "BIOSSES"
}