{
  "dataset_revision": "d66bd1f72af766a5cc4b0ca5e00c162f89e8cc46",
  "evaluation_time": 21.265788555145264,
  "kg_co2_emissions": null,
  "mteb_version": "1.14.19",
  "scores": {
    "test": [
      {
        "cosine_accuracy": 0.9902376237623762,
        "cosine_accuracy_threshold": 0.9993455410003662,
        "cosine_ap": 0.1561242699597369,
        "cosine_f1": 0.24683544303797472,
        "cosine_f1_threshold": 0.9984861612319946,
        "cosine_precision": 0.22524752475247525,
        "cosine_recall": 0.273,
        "dot_accuracy": 0.9901089108910891,
        "dot_accuracy_threshold": 194242.9375,
        "dot_ap": 0.01837552345288449,
        "dot_f1": 0.04768486523842433,
        "dot_f1_threshold": 193065.46875,
        "dot_precision": 0.036430834213305174,
        "dot_recall": 0.069,
        "euclidean_accuracy": 0.9902376237623762,
        "euclidean_accuracy_threshold": 15.861337661743164,
        "euclidean_ap": 0.15669807066817382,
        "euclidean_f1": 0.24693599636858832,
        "euclidean_f1_threshold": 24.160598754882812,
        "euclidean_precision": 0.22610141313383209,
        "euclidean_recall": 0.272,
        "hf_subset": "default",
        "languages": [
          "eng-Latn"
        ],
        "main_score": 0.15921617001581195,
        "manhattan_accuracy": 0.9902277227722772,
        "manhattan_accuracy_threshold": 280.8999328613281,
        "manhattan_ap": 0.15921617001581195,
        "manhattan_f1": 0.2501184272856466,
        "manhattan_f1_threshold": 426.937255859375,
        "manhattan_precision": 0.2376237623762376,
        "manhattan_recall": 0.264,
        "max_accuracy": 0.9902376237623762,
        "max_ap": 0.15921617001581195,
        "max_f1": 0.2501184272856466,
        "max_precision": 0.2376237623762376,
        "max_recall": 0.273,
        "similarity_accuracy": 0.9902376237623762,
        "similarity_accuracy_threshold": 0.9993455410003662,
        "similarity_ap": 0.1561242699597369,
        "similarity_f1": 0.24683544303797472,
        "similarity_f1_threshold": 0.9984861612319946,
        "similarity_precision": 0.22524752475247525,
        "similarity_recall": 0.273
      }
    ],
    "validation": [
      {
        "cosine_accuracy": 0.9902277227722772,
        "cosine_accuracy_threshold": 0.9992640018463135,
        "cosine_ap": 0.1172290309493626,
        "cosine_f1": 0.19549511262218444,
        "cosine_f1_threshold": 0.9984216690063477,
        "cosine_precision": 0.16999260901699925,
        "cosine_recall": 0.23,
        "dot_accuracy": 0.9900891089108911,
        "dot_accuracy_threshold": 193949.125,
        "dot_ap": 0.018065203849253808,
        "dot_f1": 0.04748929544569872,
        "dot_f1_threshold": 193075.9375,
        "dot_precision": 0.038878266411727216,
        "dot_recall": 0.061,
        "euclidean_accuracy": 0.9902277227722772,
        "euclidean_accuracy_threshold": 16.849103927612305,
        "euclidean_ap": 0.11801196336520278,
        "euclidean_f1": 0.19655172413793107,
        "euclidean_f1_threshold": 24.645923614501953,
        "euclidean_precision": 0.17272727272727273,
        "euclidean_recall": 0.228,
        "hf_subset": "default",
        "languages": [
          "eng-Latn"
        ],
        "main_score": 0.11934202805599936,
        "manhattan_accuracy": 0.9902277227722772,
        "manhattan_accuracy_threshold": 300.6171875,
        "manhattan_ap": 0.11934202805599936,
        "manhattan_f1": 0.1940700808625337,
        "manhattan_f1_threshold": 449.35986328125,
        "manhattan_precision": 0.14634146341463414,
        "manhattan_recall": 0.288,
        "max_accuracy": 0.9902277227722772,
        "max_ap": 0.11934202805599936,
        "max_f1": 0.19655172413793107,
        "max_precision": 0.17272727272727273,
        "max_recall": 0.288,
        "similarity_accuracy": 0.9902277227722772,
        "similarity_accuracy_threshold": 0.9992640018463135,
        "similarity_ap": 0.1172290309493626,
        "similarity_f1": 0.19549511262218444,
        "similarity_f1_threshold": 0.9984216690063477,
        "similarity_precision": 0.16999260901699925,
        "similarity_recall": 0.23
      }
    ]
  },
  "task_name": "SprintDuplicateQuestions"
}