{
  "dataset_revision": "59042f120c80e8afa9cdbb224f67076cec0fc9a7",
  "evaluation_time": 174.18767499923706,
  "kg_co2_emissions": null,
  "mteb_version": "1.14.19",
  "scores": {
    "test": [
      {
        "hf_subset": "default",
        "languages": [
          "eng-Latn"
        ],
        "main_score": 0.26157039860335135,
        "map": 0.26157039860335135,
        "mrr": 0.2672969118573026,
        "nAUC_map_diff1": 0.2625038195837101,
        "nAUC_map_max": -0.2787060372286177,
        "nAUC_map_std": -0.2658579659809277,
        "nAUC_mrr_diff1": 0.2302995377830679,
        "nAUC_mrr_max": -0.22256597724030502,
        "nAUC_mrr_std": -0.22920513648095414
      }
    ]
  },
  "task_name": "MindSmallReranking"
}