{
  "dataset_revision": "e185fbe320c72810689fc5848eb6114e1ef5ec69",
  "evaluation_time": 114.5061604976654,
  "kg_co2_emissions": null,
  "mteb_version": "1.14.19",
  "scores": {
    "test": [
      {
        "hf_subset": "default",
        "languages": [
          "eng-Latn"
        ],
        "main_score": 0.348386206631384,
        "map": 0.348386206631384,
        "mrr": 0.34615761077158136,
        "nAUC_map_diff1": 0.2701808064488184,
        "nAUC_map_max": 0.13926195015273204,
        "nAUC_map_std": 0.015362562574103166,
        "nAUC_mrr_diff1": 0.2671418773825194,
        "nAUC_mrr_max": 0.15039123305269714,
        "nAUC_mrr_std": 0.01921779886356106
      }
    ]
  },
  "task_name": "StackOverflowDupQuestions"
}