{
  "dataset_revision": "20a6d6f312dd54037fe07a32d58e5e168867909d",
  "evaluation_time": 113.69487357139587,
  "kg_co2_emissions": null,
  "mteb_version": "1.14.21",
  "scores": {
    "test": [
      {
        "cosine_pearson": 0.6271912785850633,
        "cosine_spearman": 0.60910833174329,
        "euclidean_pearson": 0.5985718048347497,
        "euclidean_spearman": 0.6060100335029195,
        "hf_subset": "default",
        "languages": [
          "eng-Latn"
        ],
        "main_score": 0.60910833174329,
        "manhattan_pearson": 0.5882200790687627,
        "manhattan_spearman": 0.5982852425980212,
        "pearson": 0.6271912785850633,
        "spearman": 0.60910833174329
      }
    ]
  },
  "task_name": "SICK-R"
}