{
  "dataset_revision": "6031580fec1f6af667f0bd2da0a551cf4f0b2375",
  "evaluation_time": 89.63590693473816,
  "kg_co2_emissions": null,
  "mteb_version": "1.14.21",
  "scores": {
    "test": [
      {
        "cosine_pearson": 0.5080450113225862,
        "cosine_spearman": 0.4887438622855494,
        "euclidean_pearson": 0.5143605302657555,
        "euclidean_spearman": 0.49697329585133304,
        "hf_subset": "default",
        "languages": [
          "eng-Latn"
        ],
        "main_score": 0.4887438622855494,
        "manhattan_pearson": 0.5012977270113883,
        "manhattan_spearman": 0.48608058491773937,
        "pearson": 0.5080450113225862,
        "spearman": 0.4887438622855494
      }
    ]
  },
  "task_name": "STS14"
}