{
  "dataset_revision": "20a6d6f312dd54037fe07a32d58e5e168867909d",
  "evaluation_time": 8.303119421005249,
  "kg_co2_emissions": null,
  "mteb_version": "1.14.20",
  "scores": {
    "test": [
      {
        "cosine_pearson": 0.5194614517602306,
        "cosine_spearman": 0.47920281155030936,
        "euclidean_pearson": 0.49259420421015454,
        "euclidean_spearman": 0.4659266870503128,
        "hf_subset": "default",
        "languages": [
          "eng-Latn"
        ],
        "main_score": 0.47920281155030936,
        "manhattan_pearson": 0.49284114544715407,
        "manhattan_spearman": 0.46596937035053637,
        "pearson": 0.5194614517602306,
        "spearman": 0.47920281155030936
      }
    ]
  },
  "task_name": "SICK-R"
}