{
  "dataset_revision": "2000358ca161889fa9c082cb41daa8dcfb161a54",
  "evaluation_time": 8.188174962997437,
  "kg_co2_emissions": null,
  "mteb_version": "1.14.20",
  "scores": {
    "test": [
      {
        "hf_subset": "default",
        "languages": [
          "eng-Latn"
        ],
        "main_score": 0.46590425792953044,
        "map": 0.46590425792953044,
        "mrr": 0.5966704040803763,
        "nAUC_map_diff1": 0.0987227501011822,
        "nAUC_map_max": 0.18923686889388244,
        "nAUC_map_std": 0.0716085110649526,
        "nAUC_mrr_diff1": 0.10072267135669626,
        "nAUC_mrr_max": 0.21368569630576362,
        "nAUC_mrr_std": 0.0918157790421971
      }
    ]
  },
  "task_name": "AskUbuntuDupQuestions"
}