{
  "dataset_revision": "d3fb88f8f02e40887cd149695127462bbcf29b4a",
  "evaluation_time": 2.6789231300354004,
  "kg_co2_emissions": null,
  "mteb_version": "1.14.20",
  "scores": {
    "test": [
      {
        "cosine_pearson": 0.6264821812834187,
        "cosine_spearman": 0.6147128018289197,
        "euclidean_pearson": 0.612029677691599,
        "euclidean_spearman": 0.5934352085707881,
        "hf_subset": "default",
        "languages": [
          "eng-Latn"
        ],
        "main_score": 0.6147128018289197,
        "manhattan_pearson": 0.6156890537443823,
        "manhattan_spearman": 0.5984774921373386,
        "pearson": 0.6264821812834187,
        "spearman": 0.6147128018289197
      }
    ]
  },
  "task_name": "BIOSSES"
}