{
  "dataset_revision": "4d8694f8f0e0100860b497b999b3dbed754a0513",
  "evaluation_time": 8.177531957626343,
  "kg_co2_emissions": null,
  "mteb_version": "1.14.20",
  "scores": {
    "test": [
      {
        "cosine_pearson": 0.5117570622997649,
        "cosine_spearman": 0.5105638353536471,
        "euclidean_pearson": 0.4940393793622407,
        "euclidean_spearman": 0.48276721288215957,
        "hf_subset": "default",
        "languages": [
          "eng-Latn"
        ],
        "main_score": 0.5105638353536471,
        "manhattan_pearson": 0.49406753004761134,
        "manhattan_spearman": 0.4826391903535275,
        "pearson": 0.5117570622997649,
        "spearman": 0.5105638353536471
      }
    ]
  },
  "task_name": "STS16"
}