{
  "dataset_revision": "59042f120c80e8afa9cdbb224f67076cec0fc9a7",
  "evaluation_time": 120.36883306503296,
  "kg_co2_emissions": null,
  "mteb_version": "1.14.20",
  "scores": {
    "test": [
      {
        "hf_subset": "default",
        "languages": [
          "eng-Latn"
        ],
        "main_score": 0.26663631354837125,
        "map": 0.26663631354837125,
        "mrr": 0.2720688242404388,
        "nAUC_map_diff1": 0.18273892878317682,
        "nAUC_map_max": -0.24520169241940057,
        "nAUC_map_std": -0.060313657971887785,
        "nAUC_mrr_diff1": 0.16594453328319986,
        "nAUC_mrr_max": -0.18441874351837642,
        "nAUC_mrr_std": -0.051662220491597244
      }
    ]
  },
  "task_name": "MindSmallReranking"
}