{
  "dataset_revision": "6031580fec1f6af667f0bd2da0a551cf4f0b2375",
  "evaluation_time": 11.294713973999023,
  "kg_co2_emissions": null,
  "mteb_version": "1.14.20",
  "scores": {
    "test": [
      {
        "cosine_pearson": 0.5033784048729645,
        "cosine_spearman": 0.47716348046452933,
        "euclidean_pearson": 0.5006344464666578,
        "euclidean_spearman": 0.48003726484117915,
        "hf_subset": "default",
        "languages": [
          "eng-Latn"
        ],
        "main_score": 0.47716348046452933,
        "manhattan_pearson": 0.5030630789354962,
        "manhattan_spearman": 0.48155721654973044,
        "pearson": 0.5033784048729645,
        "spearman": 0.47716348046452933
      }
    ]
  },
  "task_name": "STS14"
}