{
  "dataset_revision": "d3fb88f8f02e40887cd149695127462bbcf29b4a",
  "evaluation_time": 14.193684339523315,
  "kg_co2_emissions": null,
  "mteb_version": "1.14.21",
  "scores": {
    "test": [
      {
        "cosine_pearson": 0.82500161308827,
        "cosine_spearman": 0.8057894447964783,
        "euclidean_pearson": 0.7910592604622262,
        "euclidean_spearman": 0.7802888637484401,
        "hf_subset": "default",
        "languages": [
          "eng-Latn"
        ],
        "main_score": 0.8057894447964783,
        "manhattan_pearson": 0.8006099993083173,
        "manhattan_spearman": 0.7910180238822826,
        "pearson": 0.82500161308827,
        "spearman": 0.8057894447964783
      }
    ]
  },
  "task_name": "BIOSSES"
}