{
  "dataset_revision": "20a6d6f312dd54037fe07a32d58e5e168867909d",
  "evaluation_time": 11.57568073272705,
  "kg_co2_emissions": null,
  "mteb_version": "1.14.19",
  "scores": {
    "test": [
      {
        "cosine_pearson": 0.5321355540210266,
        "cosine_spearman": 0.5005008417856376,
        "euclidean_pearson": 0.5127105230227331,
        "euclidean_spearman": 0.5010716150811427,
        "hf_subset": "default",
        "languages": [
          "eng-Latn"
        ],
        "main_score": 0.5005008417856376,
        "manhattan_pearson": 0.5173787885395195,
        "manhattan_spearman": 0.5054912493559325,
        "pearson": 0.5321355540210266,
        "spearman": 0.5005008417856376
      }
    ]
  },
  "task_name": "SICK-R"
}