{
  "dataset_revision": "b0fddb56ed78048fa8b90373c8a3cfc37b684831",
  "evaluation_time": 5.03595232963562,
  "kg_co2_emissions": null,
  "mteb_version": "1.14.19",
  "scores": {
    "test": [
      {
        "cosine_pearson": 0.31747405042903704,
        "cosine_spearman": 0.3199326852054042,
        "euclidean_pearson": 0.3279925682020122,
        "euclidean_spearman": 0.3278447679480961,
        "hf_subset": "default",
        "languages": [
          "eng-Latn"
        ],
        "main_score": 0.3199326852054042,
        "manhattan_pearson": 0.3378193693423651,
        "manhattan_spearman": 0.3328992938502496,
        "pearson": 0.31747405042903704,
        "spearman": 0.3199326852054042
      }
    ]
  },
  "task_name": "STSBenchmark"
}