{
  "dataset_revision": "20a6d6f312dd54037fe07a32d58e5e168867909d",
  "evaluation_time": 14.059153318405151,
  "kg_co2_emissions": null,
  "mteb_version": "1.14.20",
  "scores": {
    "test": [
      {
        "cosine_pearson": 0.5890885264363205,
        "cosine_spearman": 0.5534994172713718,
        "euclidean_pearson": 0.5607148720662645,
        "euclidean_spearman": 0.5432198190900779,
        "hf_subset": "default",
        "languages": [
          "eng-Latn"
        ],
        "main_score": 0.5534994172713718,
        "manhattan_pearson": 0.5603168260768567,
        "manhattan_spearman": 0.5426139667695398,
        "pearson": 0.5890885264363205,
        "spearman": 0.5534994172713718
      }
    ]
  },
  "task_name": "SICK-R"
}