{
  "dataset_revision": "d3fb88f8f02e40887cd149695127462bbcf29b4a",
  "evaluation_time": 9.926142454147339,
  "kg_co2_emissions": null,
  "mteb_version": "1.14.21",
  "scores": {
    "test": [
      {
        "cosine_pearson": 0.7270943493708627,
        "cosine_spearman": 0.7248598899182961,
        "euclidean_pearson": 0.6740767393518836,
        "euclidean_spearman": 0.6781720791169032,
        "hf_subset": "default",
        "languages": [
          "eng-Latn"
        ],
        "main_score": 0.7248598899182961,
        "manhattan_pearson": 0.6665514259784657,
        "manhattan_spearman": 0.6667802532813635,
        "pearson": 0.7270943493708627,
        "spearman": 0.7248598899182961
      }
    ]
  },
  "task_name": "BIOSSES"
}