{
  "dataset_revision": "d3c5e1fc0b855ab6097bf1cda04dd73947d7caab",
  "evaluation_time": 743.8620758056641,
  "kg_co2_emissions": null,
  "mteb_version": "1.14.21",
  "scores": {
    "test": [
      {
        "hf_subset": "default",
        "languages": [
          "eng-Latn"
        ],
        "main_score": 0.6323568877883573,
        "map": 0.6323568877883573,
        "mrr": 0.8556421428970449,
        "nAUC_map_diff1": 0.17184239136603016,
        "nAUC_map_max": 0.4302880713455761,
        "nAUC_map_std": 0.4287222923620346,
        "nAUC_mrr_diff1": 0.4866887917329329,
        "nAUC_mrr_max": 0.5655342401982156,
        "nAUC_mrr_std": 0.44243573682422543
      }
    ]
  },
  "task_name": "SciDocsRR"
}