{
  "dataset_revision": "20a6d6f312dd54037fe07a32d58e5e168867909d",
  "evaluation_time": 99.21034932136536,
  "kg_co2_emissions": null,
  "mteb_version": "1.14.21",
  "scores": {
    "test": [
      {
        "cosine_pearson": 0.6166861289114166,
        "cosine_spearman": 0.5980164696076588,
        "euclidean_pearson": 0.5852068918126307,
        "euclidean_spearman": 0.5928904909210185,
        "hf_subset": "default",
        "languages": [
          "eng-Latn"
        ],
        "main_score": 0.5980164696076588,
        "manhattan_pearson": 0.5751303604767797,
        "manhattan_spearman": 0.5845658569018475,
        "pearson": 0.6166861289114166,
        "spearman": 0.5980164696076588
      }
    ]
  },
  "task_name": "SICK-R"
}