{
  "dataset_revision": "70970daeab8776df92f5ea462b6173c0b46fd2d1",
  "evaluation_time": 81.07537198066711,
  "kg_co2_emissions": null,
  "mteb_version": "1.14.21",
  "scores": {
    "test": [
      {
        "cosine_accuracy": 0.8301245753114382,
        "cosine_accuracy_threshold": 0.7456632256507874,
        "cosine_ap": 0.6379144273856465,
        "cosine_f1": 0.5986649490572666,
        "cosine_f1_threshold": 0.6878487467765808,
        "cosine_precision": 0.5382185723310171,
        "cosine_recall": 0.6744063324538259,
        "dot_accuracy": 0.8232699529117243,
        "dot_accuracy_threshold": 6465.9072265625,
        "dot_ap": 0.6064608373837056,
        "dot_f1": 0.579816051404813,
        "dot_f1_threshold": 6020.3896484375,
        "dot_precision": 0.554858934169279,
        "dot_recall": 0.6071240105540897,
        "euclidean_accuracy": 0.8267866722298385,
        "euclidean_accuracy_threshold": 65.71922302246094,
        "euclidean_ap": 0.626568277660443,
        "euclidean_f1": 0.591890205864005,
        "euclidean_f1_threshold": 72.09986877441406,
        "euclidean_precision": 0.5614201183431953,
        "euclidean_recall": 0.6258575197889182,
        "hf_subset": "default",
        "languages": [
          "eng-Latn"
        ],
        "main_score": 0.6379144273856465,
        "manhattan_accuracy": 0.8266674614054956,
        "manhattan_accuracy_threshold": 3315.39306640625,
        "manhattan_ap": 0.6256034049628283,
        "manhattan_f1": 0.5909834150899324,
        "manhattan_f1_threshold": 3661.155029296875,
        "manhattan_precision": 0.5301760268231349,
        "manhattan_recall": 0.6675461741424802,
        "max_accuracy": 0.8301245753114382,
        "max_ap": 0.6379144273856465,
        "max_f1": 0.5986649490572666,
        "max_precision": 0.5614201183431953,
        "max_recall": 0.6744063324538259,
        "similarity_accuracy": 0.8301245753114382,
        "similarity_accuracy_threshold": 0.7456632256507874,
        "similarity_ap": 0.6379144273856465,
        "similarity_f1": 0.5986649490572666,
        "similarity_f1_threshold": 0.6878487467765808,
        "similarity_precision": 0.5382185723310171,
        "similarity_recall": 0.6744063324538259
      }
    ]
  },
  "task_name": "TwitterSemEval2015"
}