{
  "dataset_revision": "d3fb88f8f02e40887cd149695127462bbcf29b4a",
  "evaluation_time": 2.2585177421569824,
  "kg_co2_emissions": null,
  "mteb_version": "1.14.20",
  "scores": {
    "test": [
      {
        "cosine_pearson": 0.6351662085722776,
        "cosine_spearman": 0.6432194754692024,
        "euclidean_pearson": 0.6253915445825926,
        "euclidean_spearman": 0.6281468428724172,
        "hf_subset": "default",
        "languages": [
          "eng-Latn"
        ],
        "main_score": 0.6432194754692024,
        "manhattan_pearson": 0.622463767170433,
        "manhattan_spearman": 0.6280082854984259,
        "pearson": 0.6351662085722776,
        "spearman": 0.6432194754692024
      }
    ]
  },
  "task_name": "BIOSSES"
}