{
  "dataset_revision": "59042f120c80e8afa9cdbb224f67076cec0fc9a7",
  "evaluation_time": 130.25202059745789,
  "kg_co2_emissions": null,
  "mteb_version": "1.14.20",
  "scores": {
    "test": [
      {
        "hf_subset": "default",
        "languages": [
          "eng-Latn"
        ],
        "main_score": 0.2715875237864008,
        "map": 0.2715875237864008,
        "mrr": 0.27542417434048155,
        "nAUC_map_diff1": 0.20116081402692776,
        "nAUC_map_max": -0.2760863659059897,
        "nAUC_map_std": -0.146529217275369,
        "nAUC_mrr_diff1": 0.18580523443329766,
        "nAUC_mrr_max": -0.21546120154924736,
        "nAUC_mrr_std": -0.12730889517768448
      }
    ]
  },
  "task_name": "MindSmallReranking"
}