{
  "dataset_revision": "d3c5e1fc0b855ab6097bf1cda04dd73947d7caab",
  "evaluation_time": 120.65674448013306,
  "kg_co2_emissions": null,
  "mteb_version": "1.14.20",
  "scores": {
    "test": [
      {
        "hf_subset": "default",
        "languages": [
          "eng-Latn"
        ],
        "main_score": 0.4738399085056666,
        "map": 0.4738399085056666,
        "mrr": 0.7120258644768449,
        "nAUC_map_diff1": 0.17863289592026815,
        "nAUC_map_max": 0.3184918264558105,
        "nAUC_map_std": 0.2636449742374281,
        "nAUC_mrr_diff1": 0.32016940742546257,
        "nAUC_mrr_max": 0.4040333995335868,
        "nAUC_mrr_std": 0.24304197548169296
      }
    ]
  },
  "task_name": "SciDocsRR"
}