{
  "dataset_revision": "20a6d6f312dd54037fe07a32d58e5e168867909d",
  "evaluation_time": 16.348711490631104,
  "kg_co2_emissions": null,
  "mteb_version": "1.14.20",
  "scores": {
    "test": [
      {
        "cosine_pearson": 0.5291365685553284,
        "cosine_spearman": 0.4942419707740241,
        "euclidean_pearson": 0.5129018605809279,
        "euclidean_spearman": 0.4922629935497333,
        "hf_subset": "default",
        "languages": [
          "eng-Latn"
        ],
        "main_score": 0.4942419707740241,
        "manhattan_pearson": 0.5127434726324085,
        "manhattan_spearman": 0.49197502941539123,
        "pearson": 0.5291365685553284,
        "spearman": 0.4942419707740241
      }
    ]
  },
  "task_name": "SICK-R"
}