{
  "dataset_revision": "d3fb88f8f02e40887cd149695127462bbcf29b4a",
  "evaluation_time": 3.5150980949401855,
  "kg_co2_emissions": null,
  "mteb_version": "1.14.19",
  "scores": {
    "test": [
      {
        "cosine_pearson": 0.6656769350931679,
        "cosine_spearman": 0.7176609307044038,
        "euclidean_pearson": 0.655040133335313,
        "euclidean_spearman": 0.6905458550376853,
        "hf_subset": "default",
        "languages": [
          "eng-Latn"
        ],
        "main_score": 0.7176609307044038,
        "manhattan_pearson": 0.6565754413735411,
        "manhattan_spearman": 0.6889012392507458,
        "pearson": 0.6656769350931679,
        "spearman": 0.7176609307044038
      }
    ]
  },
  "task_name": "BIOSSES"
}