{
  "dataset_revision": "20a6d6f312dd54037fe07a32d58e5e168867909d",
  "evaluation_time": 20.1570987701416,
  "kg_co2_emissions": null,
  "mteb_version": "1.14.19",
  "scores": {
    "test": [
      {
        "cosine_pearson": 0.6256201207063911,
        "cosine_spearman": 0.5805717592004862,
        "euclidean_pearson": 0.5933469611724718,
        "euclidean_spearman": 0.5797096733153931,
        "hf_subset": "default",
        "languages": [
          "eng-Latn"
        ],
        "main_score": 0.5805717592004862,
        "manhattan_pearson": 0.5938235096649231,
        "manhattan_spearman": 0.5801244901048134,
        "pearson": 0.6256201207063911,
        "spearman": 0.5805717592004862
      }
    ]
  },
  "task_name": "SICK-R"
}