{
  "dataset_revision": "e185fbe320c72810689fc5848eb6114e1ef5ec69",
  "evaluation_time": 76.28336024284363,
  "kg_co2_emissions": null,
  "mteb_version": "1.14.19",
  "scores": {
    "test": [
      {
        "hf_subset": "default",
        "languages": [
          "eng-Latn"
        ],
        "main_score": 0.3615329701409676,
        "map": 0.3615329701409676,
        "mrr": 0.3605563248026483,
        "nAUC_map_diff1": 0.2819186006280901,
        "nAUC_map_max": 0.1922193405331922,
        "nAUC_map_std": 0.10809846635611169,
        "nAUC_mrr_diff1": 0.279031247359024,
        "nAUC_mrr_max": 0.20009992347606434,
        "nAUC_mrr_std": 0.11332576216441222
      }
    ]
  },
  "task_name": "StackOverflowDupQuestions"
}