{
  "dataset_revision": "a0d554a64d88156834ff5ae9920b964011b16384",
  "evaluation_time": 15.182598114013672,
  "kg_co2_emissions": null,
  "mteb_version": "1.14.19",
  "scores": {
    "test": [
      {
        "cosine_pearson": 0.45151699379293425,
        "cosine_spearman": 0.44956614623000024,
        "euclidean_pearson": 0.43910846236775547,
        "euclidean_spearman": 0.4400369044730834,
        "hf_subset": "default",
        "languages": [
          "eng-Latn"
        ],
        "main_score": 0.44956614623000024,
        "manhattan_pearson": 0.44275076272387487,
        "manhattan_spearman": 0.4412319502800123,
        "pearson": 0.45151699379293425,
        "spearman": 0.44956614623000024
      }
    ]
  },
  "task_name": "STS12"
}