{
  "dataset_revision": "2000358ca161889fa9c082cb41daa8dcfb161a54",
  "evaluation_time": 6.686254501342773,
  "kg_co2_emissions": null,
  "mteb_version": "1.14.19",
  "scores": {
    "test": [
      {
        "hf_subset": "default",
        "languages": [
          "eng-Latn"
        ],
        "main_score": 0.46346645865135067,
        "map": 0.46346645865135067,
        "mrr": 0.600298993096777,
        "nAUC_map_diff1": 0.09880634515575527,
        "nAUC_map_max": 0.22376543845766642,
        "nAUC_map_std": 0.05685182330884208,
        "nAUC_mrr_diff1": 0.1394111770707833,
        "nAUC_mrr_max": 0.2698839871023116,
        "nAUC_mrr_std": 0.06415280367065784
      }
    ]
  },
  "task_name": "AskUbuntuDupQuestions"
}