{
  "dataset_revision": "20a6d6f312dd54037fe07a32d58e5e168867909d",
  "evaluation_time": 12.285429239273071,
  "kg_co2_emissions": null,
  "mteb_version": "1.14.19",
  "scores": {
    "test": [
      {
        "cosine_pearson": 0.6452871149832986,
        "cosine_spearman": 0.6226436168785012,
        "euclidean_pearson": 0.6243726867156149,
        "euclidean_spearman": 0.6223315865545945,
        "hf_subset": "default",
        "languages": [
          "eng-Latn"
        ],
        "main_score": 0.6226436168785012,
        "manhattan_pearson": 0.6285564630777927,
        "manhattan_spearman": 0.6298032282075298,
        "pearson": 0.6452871149832986,
        "spearman": 0.6226436168785012
      }
    ]
  },
  "task_name": "SICK-R"
}