{
  "dataset_revision": "d66bd1f72af766a5cc4b0ca5e00c162f89e8cc46",
  "evaluation_time": 23.033605098724365,
  "kg_co2_emissions": null,
  "mteb_version": "1.14.19",
  "scores": {
    "test": [
      {
        "cosine_accuracy": 0.9923267326732673,
        "cosine_accuracy_threshold": 0.987790584564209,
        "cosine_ap": 0.4543130266789944,
        "cosine_f1": 0.47725996631106116,
        "cosine_f1_threshold": 0.9852709770202637,
        "cosine_precision": 0.5441741357234315,
        "cosine_recall": 0.425,
        "dot_accuracy": 0.9901188118811881,
        "dot_accuracy_threshold": 532.6853637695312,
        "dot_ap": 0.052615028796660634,
        "dot_f1": 0.11137724550898204,
        "dot_f1_threshold": 519.5303344726562,
        "dot_precision": 0.13880597014925372,
        "dot_recall": 0.093,
        "euclidean_accuracy": 0.9922970297029703,
        "euclidean_accuracy_threshold": 3.5423121452331543,
        "euclidean_ap": 0.45200691355943806,
        "euclidean_f1": 0.47725996631106116,
        "euclidean_f1_threshold": 3.8851304054260254,
        "euclidean_precision": 0.5441741357234315,
        "euclidean_recall": 0.425,
        "hf_subset": "default",
        "languages": [
          "eng-Latn"
        ],
        "main_score": 0.47189106868732916,
        "manhattan_accuracy": 0.9923960396039604,
        "manhattan_accuracy_threshold": 75.53340148925781,
        "manhattan_ap": 0.47189106868732916,
        "manhattan_f1": 0.4883323847467273,
        "manhattan_f1_threshold": 82.06751251220703,
        "manhattan_precision": 0.5667107001321003,
        "manhattan_recall": 0.429,
        "max_accuracy": 0.9923960396039604,
        "max_ap": 0.47189106868732916,
        "max_f1": 0.4883323847467273,
        "max_precision": 0.5667107001321003,
        "max_recall": 0.429,
        "similarity_accuracy": 0.9923267326732673,
        "similarity_accuracy_threshold": 0.987790584564209,
        "similarity_ap": 0.4543130266789944,
        "similarity_f1": 0.47725996631106116,
        "similarity_f1_threshold": 0.9852709770202637,
        "similarity_precision": 0.5441741357234315,
        "similarity_recall": 0.425
      }
    ],
    "validation": [
      {
        "cosine_accuracy": 0.9911782178217822,
        "cosine_accuracy_threshold": 0.98771071434021,
        "cosine_ap": 0.3374642297311675,
        "cosine_f1": 0.3965330444203684,
        "cosine_f1_threshold": 0.9845524430274963,
        "cosine_precision": 0.4326241134751773,
        "cosine_recall": 0.366,
        "dot_accuracy": 0.9901881188118812,
        "dot_accuracy_threshold": 530.425537109375,
        "dot_ap": 0.053656630630287694,
        "dot_f1": 0.09836065573770492,
        "dot_f1_threshold": 519.023681640625,
        "dot_precision": 0.11313394018205461,
        "dot_recall": 0.087,
        "euclidean_accuracy": 0.9912475247524752,
        "euclidean_accuracy_threshold": 3.5296809673309326,
        "euclidean_ap": 0.3369068037092916,
        "euclidean_f1": 0.39220183486238536,
        "euclidean_f1_threshold": 3.9340367317199707,
        "euclidean_precision": 0.4596774193548387,
        "euclidean_recall": 0.342,
        "hf_subset": "default",
        "languages": [
          "eng-Latn"
        ],
        "main_score": 0.3675890296822146,
        "manhattan_accuracy": 0.9913564356435643,
        "manhattan_accuracy_threshold": 75.78555297851562,
        "manhattan_ap": 0.3675890296822146,
        "manhattan_f1": 0.42322300596852963,
        "manhattan_f1_threshold": 84.15634155273438,
        "manhattan_precision": 0.4626334519572954,
        "manhattan_recall": 0.39,
        "max_accuracy": 0.9913564356435643,
        "max_ap": 0.3675890296822146,
        "max_f1": 0.42322300596852963,
        "max_precision": 0.4626334519572954,
        "max_recall": 0.39,
        "similarity_accuracy": 0.9911782178217822,
        "similarity_accuracy_threshold": 0.98771071434021,
        "similarity_ap": 0.3374642297311675,
        "similarity_f1": 0.3965330444203684,
        "similarity_f1_threshold": 0.9845524430274963,
        "similarity_precision": 0.4326241134751773,
        "similarity_recall": 0.366
      }
    ]
  },
  "task_name": "SprintDuplicateQuestions"
}