{
  "dataset_revision": "ae752c7c21bf194d8b67fd573edf7ae58183cbe3",
  "evaluation_time": 8.97744107246399,
  "kg_co2_emissions": null,
  "mteb_version": "1.14.19",
  "scores": {
    "test": [
      {
        "cosine_pearson": 0.6390822297798557,
        "cosine_spearman": 0.6571156776444914,
        "euclidean_pearson": 0.6441445235493506,
        "euclidean_spearman": 0.6513444217580603,
        "hf_subset": "default",
        "languages": [
          "eng-Latn"
        ],
        "main_score": 0.6571156776444914,
        "manhattan_pearson": 0.6497711486517931,
        "manhattan_spearman": 0.6558510495665237,
        "pearson": 0.6390822297798557,
        "spearman": 0.6571156776444914
      }
    ]
  },
  "task_name": "STS15"
}