{
  "dataset_revision": "b0fddb56ed78048fa8b90373c8a3cfc37b684831",
  "evaluation_time": 4.5760369300842285,
  "kg_co2_emissions": null,
  "mteb_version": "1.14.19",
  "scores": {
    "test": [
      {
        "cosine_pearson": 0.5413128615724644,
        "cosine_spearman": 0.5516536979741478,
        "euclidean_pearson": 0.5556236492990356,
        "euclidean_spearman": 0.5560565790858993,
        "hf_subset": "default",
        "languages": [
          "eng-Latn"
        ],
        "main_score": 0.5516536979741478,
        "manhattan_pearson": 0.5599715859292634,
        "manhattan_spearman": 0.5598770389187041,
        "pearson": 0.5413128615724644,
        "spearman": 0.5516536979741478
      }
    ]
  },
  "task_name": "STSBenchmark"
}