{
  "dataset_revision": "e185fbe320c72810689fc5848eb6114e1ef5ec69",
  "evaluation_time": 1462.8795049190521,
  "kg_co2_emissions": null,
  "mteb_version": "1.14.21",
  "scores": {
    "test": [
      {
        "hf_subset": "default",
        "languages": [
          "eng-Latn"
        ],
        "main_score": 0.47341203115671304,
        "map": 0.47341203115671304,
        "mrr": 0.48049361790170614,
        "nAUC_map_diff1": 0.3365590995344258,
        "nAUC_map_max": 0.15298801629084452,
        "nAUC_map_std": 0.07327166820804737,
        "nAUC_mrr_diff1": 0.3413957831166744,
        "nAUC_mrr_max": 0.1670423975253457,
        "nAUC_mrr_std": 0.07722490999765332
      }
    ]
  },
  "task_name": "StackOverflowDupQuestions"
}