{
  "dataset_revision": "20a6d6f312dd54037fe07a32d58e5e168867909d",
  "evaluation_time": 16.49962878227234,
  "kg_co2_emissions": null,
  "mteb_version": "1.14.20",
  "scores": {
    "test": [
      {
        "cosine_pearson": 0.2373732290544941,
        "cosine_spearman": 0.28531437170686025,
        "euclidean_pearson": 0.26562073505698813,
        "euclidean_spearman": 0.2819249789460649,
        "hf_subset": "default",
        "languages": [
          "eng-Latn"
        ],
        "main_score": 0.28531437170686025,
        "manhattan_pearson": 0.26480349846495194,
        "manhattan_spearman": 0.2804751668177417,
        "pearson": 0.2373732290544941,
        "spearman": 0.28531437170686025
      }
    ]
  },
  "task_name": "SICK-R"
}