{
  "dataset_revision": "d3fb88f8f02e40887cd149695127462bbcf29b4a",
  "evaluation_time": 3.967639207839966,
  "kg_co2_emissions": null,
  "mteb_version": "1.14.19",
  "scores": {
    "test": [
      {
        "cosine_pearson": 0.6995719235652851,
        "cosine_spearman": 0.7216549976155423,
        "euclidean_pearson": 0.6852752282941402,
        "euclidean_spearman": 0.7229923774862403,
        "hf_subset": "default",
        "languages": [
          "eng-Latn"
        ],
        "main_score": 0.7216549976155423,
        "manhattan_pearson": 0.689779905094757,
        "manhattan_spearman": 0.7222995906162841,
        "pearson": 0.6995719235652851,
        "spearman": 0.7216549976155423
      }
    ]
  },
  "task_name": "BIOSSES"
}