{
  "dataset_revision": "20a6d6f312dd54037fe07a32d58e5e168867909d",
  "evaluation_time": 22.418489933013916,
  "kg_co2_emissions": null,
  "mteb_version": "1.14.19",
  "scores": {
    "test": [
      {
        "cosine_pearson": 0.6249665497521097,
        "cosine_spearman": 0.5583699124112814,
        "euclidean_pearson": 0.5912305453140702,
        "euclidean_spearman": 0.5615104870497463,
        "hf_subset": "default",
        "languages": [
          "eng-Latn"
        ],
        "main_score": 0.5583699124112814,
        "manhattan_pearson": 0.5917011354632784,
        "manhattan_spearman": 0.562082369684377,
        "pearson": 0.6249665497521097,
        "spearman": 0.5583699124112814
      }
    ]
  },
  "task_name": "SICK-R"
}