{
  "dataset_revision": "d66bd1f72af766a5cc4b0ca5e00c162f89e8cc46",
  "evaluation_time": 33.10346341133118,
  "kg_co2_emissions": null,
  "mteb_version": "1.14.19",
  "scores": {
    "test": [
      {
        "cosine_accuracy": 0.9917326732673267,
        "cosine_accuracy_threshold": 0.9105216264724731,
        "cosine_ap": 0.4215610871391437,
        "cosine_f1": 0.46841811067635547,
        "cosine_f1_threshold": 0.8935316801071167,
        "cosine_precision": 0.5310519645120405,
        "cosine_recall": 0.419,
        "dot_accuracy": 0.9900990099009901,
        "dot_accuracy_threshold": 3034.57763671875,
        "dot_ap": 0.035555189448680746,
        "dot_f1": 0.08010540184453227,
        "dot_f1_threshold": 2377.544921875,
        "dot_precision": 0.05438282647584973,
        "dot_recall": 0.152,
        "euclidean_accuracy": 0.9919405940594059,
        "euclidean_accuracy_threshold": 21.482940673828125,
        "euclidean_ap": 0.43834107337964995,
        "euclidean_f1": 0.47703180212014135,
        "euclidean_f1_threshold": 22.608789443969727,
        "euclidean_precision": 0.5802292263610315,
        "euclidean_recall": 0.405,
        "hf_subset": "default",
        "languages": [
          "eng-Latn"
        ],
        "main_score": 0.44160969421303914,
        "manhattan_accuracy": 0.991970297029703,
        "manhattan_accuracy_threshold": 538.1246337890625,
        "manhattan_ap": 0.44160969421303914,
        "manhattan_f1": 0.48213272830402726,
        "manhattan_f1_threshold": 580.0642700195312,
        "manhattan_precision": 0.5570117955439057,
        "manhattan_recall": 0.425,
        "max_accuracy": 0.991970297029703,
        "max_ap": 0.44160969421303914,
        "max_f1": 0.48213272830402726,
        "max_precision": 0.5802292263610315,
        "max_recall": 0.425,
        "similarity_accuracy": 0.9917326732673267,
        "similarity_accuracy_threshold": 0.9105216264724731,
        "similarity_ap": 0.4215610871391437,
        "similarity_f1": 0.46841811067635547,
        "similarity_f1_threshold": 0.8935316801071167,
        "similarity_precision": 0.5310519645120405,
        "similarity_recall": 0.419
      }
    ],
    "validation": [
      {
        "cosine_accuracy": 0.9909009900990099,
        "cosine_accuracy_threshold": 0.9107964038848877,
        "cosine_ap": 0.31209685008630017,
        "cosine_f1": 0.36252189141856384,
        "cosine_f1_threshold": 0.8808927536010742,
        "cosine_precision": 0.32242990654205606,
        "cosine_recall": 0.414,
        "dot_accuracy": 0.9901287128712871,
        "dot_accuracy_threshold": 3180.33251953125,
        "dot_ap": 0.03813304327270699,
        "dot_f1": 0.08186309103740297,
        "dot_f1_threshold": 2363.9560546875,
        "dot_precision": 0.05352199323285143,
        "dot_recall": 0.174,
        "euclidean_accuracy": 0.9911485148514851,
        "euclidean_accuracy_threshold": 21.756481170654297,
        "euclidean_ap": 0.3491291821653837,
        "euclidean_f1": 0.4068459657701711,
        "euclidean_f1_threshold": 24.21707534790039,
        "euclidean_precision": 0.3980861244019139,
        "euclidean_recall": 0.416,
        "hf_subset": "default",
        "languages": [
          "eng-Latn"
        ],
        "main_score": 0.3503241393210536,
        "manhattan_accuracy": 0.9911188118811881,
        "manhattan_accuracy_threshold": 557.90771484375,
        "manhattan_ap": 0.3503241393210536,
        "manhattan_f1": 0.4082041020510255,
        "manhattan_f1_threshold": 614.6914672851562,
        "manhattan_precision": 0.4084084084084084,
        "manhattan_recall": 0.408,
        "max_accuracy": 0.9911485148514851,
        "max_ap": 0.3503241393210536,
        "max_f1": 0.4082041020510255,
        "max_precision": 0.4084084084084084,
        "max_recall": 0.416,
        "similarity_accuracy": 0.9909009900990099,
        "similarity_accuracy_threshold": 0.9107964038848877,
        "similarity_ap": 0.31209685008630017,
        "similarity_f1": 0.36252189141856384,
        "similarity_f1_threshold": 0.8808927536010742,
        "similarity_precision": 0.32242990654205606,
        "similarity_recall": 0.414
      }
    ]
  },
  "task_name": "SprintDuplicateQuestions"
}