{
  "dataset_revision": "d3fb88f8f02e40887cd149695127462bbcf29b4a",
  "evaluation_time": 3.2657506465911865,
  "kg_co2_emissions": null,
  "mteb_version": "1.14.19",
  "scores": {
    "test": [
      {
        "cosine_pearson": 0.6194980113771136,
        "cosine_spearman": 0.6537438116588841,
        "euclidean_pearson": 0.5956380213896112,
        "euclidean_spearman": 0.6084415745974036,
        "hf_subset": "default",
        "languages": [
          "eng-Latn"
        ],
        "main_score": 0.6537438116588841,
        "manhattan_pearson": 0.6062379334618953,
        "manhattan_spearman": 0.6205382357702032,
        "pearson": 0.6194980113771136,
        "spearman": 0.6537438116588841
      }
    ]
  },
  "task_name": "BIOSSES"
}