{
  "dataset_revision": "59042f120c80e8afa9cdbb224f67076cec0fc9a7",
  "evaluation_time": 144.682954788208,
  "kg_co2_emissions": null,
  "mteb_version": "1.14.19",
  "scores": {
    "test": [
      {
        "hf_subset": "default",
        "languages": [
          "eng-Latn"
        ],
        "main_score": 0.26232839599872676,
        "map": 0.26232839599872676,
        "mrr": 0.26566225167785684,
        "nAUC_map_diff1": 0.18523440161812077,
        "nAUC_map_max": -0.2579271338893402,
        "nAUC_map_std": -0.1588302132621212,
        "nAUC_mrr_diff1": 0.1691767897121127,
        "nAUC_mrr_max": -0.20019674547606173,
        "nAUC_mrr_std": -0.13469210499645853
      }
    ]
  },
  "task_name": "MindSmallReranking"
}