{
  "dataset_revision": "4d8694f8f0e0100860b497b999b3dbed754a0513",
  "evaluation_time": 7.784151792526245,
  "kg_co2_emissions": null,
  "mteb_version": "1.14.19",
  "scores": {
    "test": [
      {
        "cosine_pearson": 0.5597681028040788,
        "cosine_spearman": 0.5596277361103816,
        "euclidean_pearson": 0.544459826609811,
        "euclidean_spearman": 0.5401661993318599,
        "hf_subset": "default",
        "languages": [
          "eng-Latn"
        ],
        "main_score": 0.5596277361103816,
        "manhattan_pearson": 0.5453925387205675,
        "manhattan_spearman": 0.5414220861089611,
        "pearson": 0.5597681028040788,
        "spearman": 0.5596277361103816
      }
    ]
  },
  "task_name": "STS16"
}