{
  "dataset_revision": "7e90230a92c190f1bf69ae9002b8cea547a64cca",
  "evaluation_time": 7.616701602935791,
  "kg_co2_emissions": null,
  "mteb_version": "1.14.19",
  "scores": {
    "test": [
      {
        "cosine_pearson": 0.5478598783824888,
        "cosine_spearman": 0.5546382838607705,
        "euclidean_pearson": 0.5457706302437615,
        "euclidean_spearman": 0.5460778368092477,
        "hf_subset": "default",
        "languages": [
          "eng-Latn"
        ],
        "main_score": 0.5546382838607705,
        "manhattan_pearson": 0.5497835956300983,
        "manhattan_spearman": 0.5491240984874027,
        "pearson": 0.5478598783824888,
        "spearman": 0.5546382838607705
      }
    ]
  },
  "task_name": "STS13"
}