{
  "dataset_revision": "4d8694f8f0e0100860b497b999b3dbed754a0513",
  "evaluation_time": 8.200408220291138,
  "kg_co2_emissions": null,
  "mteb_version": "1.14.20",
  "scores": {
    "test": [
      {
        "cosine_pearson": 0.5482340903875326,
        "cosine_spearman": 0.563133652575937,
        "euclidean_pearson": 0.5740298631078787,
        "euclidean_spearman": 0.5696093159200494,
        "hf_subset": "default",
        "languages": [
          "eng-Latn"
        ],
        "main_score": 0.563133652575937,
        "manhattan_pearson": 0.5749748562170306,
        "manhattan_spearman": 0.5705577771534025,
        "pearson": 0.5482340903875326,
        "spearman": 0.563133652575937
      }
    ]
  },
  "task_name": "STS16"
}