{
  "dataset_revision": "6031580fec1f6af667f0bd2da0a551cf4f0b2375",
  "evaluation_time": 13.538729190826416,
  "kg_co2_emissions": null,
  "mteb_version": "1.14.20",
  "scores": {
    "test": [
      {
        "cosine_pearson": 0.5283861426983144,
        "cosine_spearman": 0.4965333263451873,
        "euclidean_pearson": 0.513988972844938,
        "euclidean_spearman": 0.4946176325220221,
        "hf_subset": "default",
        "languages": [
          "eng-Latn"
        ],
        "main_score": 0.4965333263451873,
        "manhattan_pearson": 0.516810743668027,
        "manhattan_spearman": 0.49736108783646804,
        "pearson": 0.5283861426983144,
        "spearman": 0.4965333263451873
      }
    ]
  },
  "task_name": "STS14"
}