{
  "dataset_revision": "2000358ca161889fa9c082cb41daa8dcfb161a54",
  "evaluation_time": 7.263253688812256,
  "kg_co2_emissions": null,
  "mteb_version": "1.14.20",
  "scores": {
    "test": [
      {
        "hf_subset": "default",
        "languages": [
          "eng-Latn"
        ],
        "main_score": 0.48765550410387626,
        "map": 0.48765550410387626,
        "mrr": 0.6168040715824649,
        "nAUC_map_diff1": 0.0903834827987091,
        "nAUC_map_max": 0.20977818930647352,
        "nAUC_map_std": 0.09912497168036954,
        "nAUC_mrr_diff1": 0.10884541963548763,
        "nAUC_mrr_max": 0.2602763349326984,
        "nAUC_mrr_std": 0.13495677068122702
      }
    ]
  },
  "task_name": "AskUbuntuDupQuestions"
}