{
  "dataset_revision": "e185fbe320c72810689fc5848eb6114e1ef5ec69",
  "evaluation_time": 53.65501403808594,
  "kg_co2_emissions": null,
  "mteb_version": "1.14.20",
  "scores": {
    "test": [
      {
        "hf_subset": "default",
        "languages": [
          "eng-Latn"
        ],
        "main_score": 0.36381472742828447,
        "map": 0.36381472742828447,
        "mrr": 0.36380652639843813,
        "nAUC_map_diff1": 0.3141449601868678,
        "nAUC_map_max": 0.22141144356775508,
        "nAUC_map_std": 0.12550851669899205,
        "nAUC_mrr_diff1": 0.3060847485656813,
        "nAUC_mrr_max": 0.22336195062983166,
        "nAUC_mrr_std": 0.12480882962608614
      }
    ]
  },
  "task_name": "StackOverflowDupQuestions"
}