{
  "dataset_revision": "a0d554a64d88156834ff5ae9920b964011b16384",
  "evaluation_time": 12.293372392654419,
  "kg_co2_emissions": null,
  "mteb_version": "1.14.21",
  "scores": {
    "test": [
      {
        "cosine_pearson": 0.3176020514412999,
        "cosine_spearman": 0.3413461316257508,
        "euclidean_pearson": 0.36582761710996203,
        "euclidean_spearman": 0.35543626105270004,
        "hf_subset": "default",
        "languages": [
          "eng-Latn"
        ],
        "main_score": 0.3413461316257508,
        "manhattan_pearson": 0.3752163153995944,
        "manhattan_spearman": 0.3590197099710838,
        "pearson": 0.3176020514412999,
        "spearman": 0.3413461316257508
      }
    ]
  },
  "task_name": "STS12"
}