{
  "dataset_revision": "6031580fec1f6af667f0bd2da0a551cf4f0b2375",
  "evaluation_time": 12.295835018157959,
  "kg_co2_emissions": null,
  "mteb_version": "1.14.21",
  "scores": {
    "test": [
      {
        "cosine_pearson": 0.5115854088004117,
        "cosine_spearman": 0.49946370742381013,
        "euclidean_pearson": 0.5164317682805705,
        "euclidean_spearman": 0.5041383601583848,
        "hf_subset": "default",
        "languages": [
          "eng-Latn"
        ],
        "main_score": 0.49946370742381013,
        "manhattan_pearson": 0.5260654206311004,
        "manhattan_spearman": 0.5129872544424314,
        "pearson": 0.5115854088004117,
        "spearman": 0.49946370742381013
      }
    ]
  },
  "task_name": "STS14"
}