{
  "dataset_revision": "7e90230a92c190f1bf69ae9002b8cea547a64cca",
  "evaluation_time": 7.882170915603638,
  "kg_co2_emissions": null,
  "mteb_version": "1.14.21",
  "scores": {
    "test": [
      {
        "cosine_pearson": 0.5528163632424155,
        "cosine_spearman": 0.5547760418216907,
        "euclidean_pearson": 0.5678979281755968,
        "euclidean_spearman": 0.5640287804603307,
        "hf_subset": "default",
        "languages": [
          "eng-Latn"
        ],
        "main_score": 0.5547760418216907,
        "manhattan_pearson": 0.5734107882222315,
        "manhattan_spearman": 0.5688976504265043,
        "pearson": 0.5528163632424155,
        "spearman": 0.5547760418216907
      }
    ]
  },
  "task_name": "STS13"
}