{
  "dataset_revision": "d3fb88f8f02e40887cd149695127462bbcf29b4a",
  "evaluation_time": 2.3430707454681396,
  "kg_co2_emissions": null,
  "mteb_version": "1.14.20",
  "scores": {
    "test": [
      {
        "cosine_pearson": 0.5979519639371922,
        "cosine_spearman": 0.6035498968721479,
        "euclidean_pearson": 0.548870953092349,
        "euclidean_spearman": 0.5327711756972364,
        "hf_subset": "default",
        "languages": [
          "eng-Latn"
        ],
        "main_score": 0.6035498968721479,
        "manhattan_pearson": 0.5470407974990468,
        "manhattan_spearman": 0.52354204974269,
        "pearson": 0.5979519639371922,
        "spearman": 0.6035498968721479
      }
    ]
  },
  "task_name": "BIOSSES"
}