{
  "dataset_revision": "59042f120c80e8afa9cdbb224f67076cec0fc9a7",
  "evaluation_time": 105.55895805358887,
  "kg_co2_emissions": null,
  "mteb_version": "1.14.20",
  "scores": {
    "test": [
      {
        "hf_subset": "default",
        "languages": [
          "eng-Latn"
        ],
        "main_score": 0.2583754229789576,
        "map": 0.2583754229789576,
        "mrr": 0.2643820425347956,
        "nAUC_map_diff1": 0.12065115377864145,
        "nAUC_map_max": -0.18539882689490872,
        "nAUC_map_std": -0.06918868601549857,
        "nAUC_mrr_diff1": 0.12644966876614855,
        "nAUC_mrr_max": -0.11418533874390978,
        "nAUC_mrr_std": -0.029389814218433893
      }
    ]
  },
  "task_name": "MindSmallReranking"
}