{
  "dataset_revision": "6031580fec1f6af667f0bd2da0a551cf4f0b2375",
  "evaluation_time": 4.226141452789307,
  "kg_co2_emissions": null,
  "mteb_version": "1.14.20",
  "scores": {
    "test": [
      {
        "cosine_pearson": 0.34957521187780516,
        "cosine_spearman": 0.34033537424701366,
        "euclidean_pearson": 0.35470993900330805,
        "euclidean_spearman": 0.3387795193367609,
        "hf_subset": "default",
        "languages": [
          "eng-Latn"
        ],
        "main_score": 0.34033537424701366,
        "manhattan_pearson": 0.3541630974314822,
        "manhattan_spearman": 0.33877797956648686,
        "pearson": 0.34957521187780516,
        "spearman": 0.34033537424701366
      }
    ]
  },
  "task_name": "STS14"
}