{
  "dataset_revision": "8b6510b0b1fa4e4c4f879467980e9be563ec1cdf",
  "evaluation_time": 16.196769952774048,
  "kg_co2_emissions": null,
  "mteb_version": "1.14.20",
  "scores": {
    "test": [
      {
        "cosine_accuracy": 0.8418907905460473,
        "cosine_accuracy_threshold": 0.6731828451156616,
        "cosine_ap": 0.723526494933871,
        "cosine_f1": 0.647602891877701,
        "cosine_f1_threshold": 0.6341395378112793,
        "cosine_precision": 0.681080621867301,
        "cosine_recall": 0.6172620880813058,
        "dot_accuracy": 0.8465479101175922,
        "dot_accuracy_threshold": 135.99063110351562,
        "dot_ap": 0.7404242647952171,
        "dot_f1": 0.6708846109332202,
        "dot_f1_threshold": 125.72362518310547,
        "dot_precision": 0.6723111420397433,
        "dot_recall": 0.6694641207268247,
        "euclidean_accuracy": 0.826755151938526,
        "euclidean_accuracy_threshold": 10.927074432373047,
        "euclidean_ap": 0.6741603776874566,
        "euclidean_f1": 0.596594149759635,
        "euclidean_f1_threshold": 11.935371398925781,
        "euclidean_precision": 0.6335006056411144,
        "euclidean_recall": 0.5637511549122267,
        "hf_subset": "default",
        "languages": [
          "eng-Latn"
        ],
        "main_score": 0.7404242647952171,
        "manhattan_accuracy": 0.8268715799278147,
        "manhattan_accuracy_threshold": 284.57891845703125,
        "manhattan_ap": 0.6738206918755595,
        "manhattan_f1": 0.5952116956182498,
        "manhattan_f1_threshold": 303.8576965332031,
        "manhattan_precision": 0.6377717152160521,
        "manhattan_recall": 0.5579765937788728,
        "max_accuracy": 0.8465479101175922,
        "max_ap": 0.7404242647952171,
        "max_f1": 0.6708846109332202,
        "max_precision": 0.681080621867301,
        "max_recall": 0.6694641207268247,
        "similarity_accuracy": 0.8418907905460473,
        "similarity_accuracy_threshold": 0.6731828451156616,
        "similarity_ap": 0.723526494933871,
        "similarity_f1": 0.647602891877701,
        "similarity_f1_threshold": 0.6341395378112793,
        "similarity_precision": 0.681080621867301,
        "similarity_recall": 0.6172620880813058
      }
    ]
  },
  "task_name": "TwitterURLCorpus"
}