{
  "dataset_revision": "d3fb88f8f02e40887cd149695127462bbcf29b4a",
  "evaluation_time": 3.0995686054229736,
  "kg_co2_emissions": null,
  "mteb_version": "1.14.19",
  "scores": {
    "test": [
      {
        "cosine_pearson": 0.37856238022444283,
        "cosine_spearman": 0.4766132695952255,
        "euclidean_pearson": 0.42637959532565606,
        "euclidean_spearman": 0.4719023188795236,
        "hf_subset": "default",
        "languages": [
          "eng-Latn"
        ],
        "main_score": 0.4766132695952255,
        "manhattan_pearson": 0.5254523068007712,
        "manhattan_spearman": 0.5399460379765214,
        "pearson": 0.37856238022444283,
        "spearman": 0.4766132695952255
      }
    ]
  },
  "task_name": "BIOSSES"
}