{
  "dataset_revision": "d66bd1f72af766a5cc4b0ca5e00c162f89e8cc46",
  "evaluation_time": 31.708228826522827,
  "kg_co2_emissions": null,
  "mteb_version": "1.14.19",
  "scores": {
    "test": [
      {
        "cosine_accuracy": 0.9914653465346535,
        "cosine_accuracy_threshold": 0.9583871364593506,
        "cosine_ap": 0.3658018220638277,
        "cosine_f1": 0.3925,
        "cosine_f1_threshold": 0.9499871730804443,
        "cosine_precision": 0.5233333333333333,
        "cosine_recall": 0.314,
        "dot_accuracy": 0.9900891089108911,
        "dot_accuracy_threshold": 994.052978515625,
        "dot_ap": 0.027066743096986635,
        "dot_f1": 0.0692967409948542,
        "dot_f1_threshold": 817.547119140625,
        "dot_precision": 0.05274151436031332,
        "dot_recall": 0.101,
        "euclidean_accuracy": 0.9916732673267327,
        "euclidean_accuracy_threshold": 8.101694107055664,
        "euclidean_ap": 0.3991072578239637,
        "euclidean_f1": 0.42184776292852993,
        "euclidean_f1_threshold": 9.181861877441406,
        "euclidean_precision": 0.5034674063800277,
        "euclidean_recall": 0.363,
        "hf_subset": "default",
        "languages": [
          "eng-Latn"
        ],
        "main_score": 0.5165389685652919,
        "manhattan_accuracy": 0.9924851485148515,
        "manhattan_accuracy_threshold": 186.94862365722656,
        "manhattan_ap": 0.5165389685652919,
        "manhattan_f1": 0.5135583840619812,
        "manhattan_f1_threshold": 210.50680541992188,
        "manhattan_precision": 0.5749690210656754,
        "manhattan_recall": 0.464,
        "max_accuracy": 0.9924851485148515,
        "max_ap": 0.5165389685652919,
        "max_f1": 0.5135583840619812,
        "max_precision": 0.5749690210656754,
        "max_recall": 0.464,
        "similarity_accuracy": 0.9914653465346535,
        "similarity_accuracy_threshold": 0.9583871364593506,
        "similarity_ap": 0.3658018220638277,
        "similarity_f1": 0.3925,
        "similarity_f1_threshold": 0.9499871730804443,
        "similarity_precision": 0.5233333333333333,
        "similarity_recall": 0.314
      }
    ],
    "validation": [
      {
        "cosine_accuracy": 0.9908316831683168,
        "cosine_accuracy_threshold": 0.9610773324966431,
        "cosine_ap": 0.2820735775171665,
        "cosine_f1": 0.33528472591804154,
        "cosine_f1_threshold": 0.9448705315589905,
        "cosine_precision": 0.3583617747440273,
        "cosine_recall": 0.315,
        "dot_accuracy": 0.9901089108910891,
        "dot_accuracy_threshold": 996.77734375,
        "dot_ap": 0.02804556508142062,
        "dot_f1": 0.07338638373121131,
        "dot_f1_threshold": 833.23779296875,
        "dot_precision": 0.06576862123613313,
        "dot_recall": 0.083,
        "euclidean_accuracy": 0.9910792079207921,
        "euclidean_accuracy_threshold": 8.302511215209961,
        "euclidean_ap": 0.32112890268615263,
        "euclidean_f1": 0.3743560389238695,
        "euclidean_f1_threshold": 9.363954544067383,
        "euclidean_precision": 0.43775100401606426,
        "euclidean_recall": 0.327,
        "hf_subset": "default",
        "languages": [
          "eng-Latn"
        ],
        "main_score": 0.4416401359292695,
        "manhattan_accuracy": 0.9918118811881188,
        "manhattan_accuracy_threshold": 200.00363159179688,
        "manhattan_ap": 0.4416401359292695,
        "manhattan_f1": 0.4630832841110455,
        "manhattan_f1_threshold": 210.21646118164062,
        "manhattan_precision": 0.5656565656565656,
        "manhattan_recall": 0.392,
        "max_accuracy": 0.9918118811881188,
        "max_ap": 0.4416401359292695,
        "max_f1": 0.4630832841110455,
        "max_precision": 0.5656565656565656,
        "max_recall": 0.392,
        "similarity_accuracy": 0.9908316831683168,
        "similarity_accuracy_threshold": 0.9610773324966431,
        "similarity_ap": 0.2820735775171665,
        "similarity_f1": 0.33528472591804154,
        "similarity_f1_threshold": 0.9448705315589905,
        "similarity_precision": 0.3583617747440273,
        "similarity_recall": 0.315
      }
    ]
  },
  "task_name": "SprintDuplicateQuestions"
}