{
  "dataset_revision": "20a6d6f312dd54037fe07a32d58e5e168867909d",
  "evaluation_time": 49.50880527496338,
  "kg_co2_emissions": null,
  "mteb_version": "1.14.20",
  "scores": {
    "test": [
      {
        "cosine_pearson": 0.561671540326146,
        "cosine_spearman": 0.5256095981136203,
        "euclidean_pearson": 0.544748122311931,
        "euclidean_spearman": 0.5233598014963653,
        "hf_subset": "default",
        "languages": [
          "eng-Latn"
        ],
        "main_score": 0.5256095981136203,
        "manhattan_pearson": 0.5679365229207769,
        "manhattan_spearman": 0.5482479386432141,
        "pearson": 0.561671540326146,
        "spearman": 0.5256095981136203
      }
    ]
  },
  "task_name": "SICK-R"
}