{
  "dataset_revision": "e185fbe320c72810689fc5848eb6114e1ef5ec69",
  "evaluation_time": 189.3760313987732,
  "kg_co2_emissions": null,
  "mteb_version": "1.14.20",
  "scores": {
    "test": [
      {
        "hf_subset": "default",
        "languages": [
          "eng-Latn"
        ],
        "main_score": 0.34038463901464844,
        "map": 0.34038463901464844,
        "mrr": 0.33547130973601563,
        "nAUC_map_diff1": 0.2692820975307715,
        "nAUC_map_max": 0.22585427448081868,
        "nAUC_map_std": 0.08813616681738229,
        "nAUC_mrr_diff1": 0.2690063369681956,
        "nAUC_mrr_max": 0.233859141462161,
        "nAUC_mrr_std": 0.08992802162787422
      }
    ]
  },
  "task_name": "StackOverflowDupQuestions"
}