{
  "dataset_revision": "6031580fec1f6af667f0bd2da0a551cf4f0b2375",
  "evaluation_time": 35.456008434295654,
  "kg_co2_emissions": null,
  "mteb_version": "1.14.20",
  "scores": {
    "test": [
      {
        "cosine_pearson": 0.42497116280828967,
        "cosine_spearman": 0.4138044081394658,
        "euclidean_pearson": 0.44994321370486684,
        "euclidean_spearman": 0.43318090178648,
        "hf_subset": "default",
        "languages": [
          "eng-Latn"
        ],
        "main_score": 0.4138044081394658,
        "manhattan_pearson": 0.48196909243165253,
        "manhattan_spearman": 0.46206703008227296,
        "pearson": 0.42497116280828967,
        "spearman": 0.4138044081394658
      }
    ]
  },
  "task_name": "STS14"
}