{
  "dataset_revision": "a0d554a64d88156834ff5ae9920b964011b16384",
  "evaluation_time": 28.272360801696777,
  "kg_co2_emissions": null,
  "mteb_version": "1.14.20",
  "scores": {
    "test": [
      {
        "cosine_pearson": 0.2948817070792135,
        "cosine_spearman": 0.347204413273619,
        "euclidean_pearson": 0.3164338671647412,
        "euclidean_spearman": 0.33290671387440435,
        "hf_subset": "default",
        "languages": [
          "eng-Latn"
        ],
        "main_score": 0.347204413273619,
        "manhattan_pearson": 0.34251991427231826,
        "manhattan_spearman": 0.34542884041402455,
        "pearson": 0.2948817070792135,
        "spearman": 0.347204413273619
      }
    ]
  },
  "task_name": "STS12"
}