{
  "dataset_revision": "d3fb88f8f02e40887cd149695127462bbcf29b4a",
  "evaluation_time": 1.677469253540039,
  "kg_co2_emissions": null,
  "mteb_version": "1.14.20",
  "scores": {
    "test": [
      {
        "cosine_pearson": 0.6394859962685305,
        "cosine_spearman": 0.658888507197515,
        "euclidean_pearson": 0.5825536337143693,
        "euclidean_spearman": 0.5839470405692146,
        "hf_subset": "default",
        "languages": [
          "eng-Latn"
        ],
        "main_score": 0.658888507197515,
        "manhattan_pearson": 0.5850335102182134,
        "manhattan_spearman": 0.5837361923914021,
        "pearson": 0.6394859962685305,
        "spearman": 0.658888507197515
      }
    ]
  },
  "task_name": "BIOSSES"
}