{
  "dataset_revision": "59042f120c80e8afa9cdbb224f67076cec0fc9a7",
  "evaluation_time": 119.52803421020508,
  "kg_co2_emissions": null,
  "mteb_version": "1.14.20",
  "scores": {
    "test": [
      {
        "hf_subset": "default",
        "languages": [
          "eng-Latn"
        ],
        "main_score": 0.255090990735548,
        "map": 0.255090990735548,
        "mrr": 0.25711455162948016,
        "nAUC_map_diff1": 0.21530970949417177,
        "nAUC_map_max": -0.2668214916967919,
        "nAUC_map_std": -0.1365811167891774,
        "nAUC_mrr_diff1": 0.1963190143118543,
        "nAUC_mrr_max": -0.2046430745618787,
        "nAUC_mrr_std": -0.11997722182452696
      }
    ]
  },
  "task_name": "MindSmallReranking"
}