{
  "dataset_revision": "d3c5e1fc0b855ab6097bf1cda04dd73947d7caab",
  "evaluation_time": 63.65631628036499,
  "kg_co2_emissions": null,
  "mteb_version": "1.14.20",
  "scores": {
    "test": [
      {
        "hf_subset": "default",
        "languages": [
          "eng-Latn"
        ],
        "main_score": 0.5065571458971613,
        "map": 0.5065571458971613,
        "mrr": 0.7507695100832356,
        "nAUC_map_diff1": 0.1812342326845755,
        "nAUC_map_max": 0.4050869363480357,
        "nAUC_map_std": 0.3269284573854723,
        "nAUC_mrr_diff1": 0.3518319411657435,
        "nAUC_mrr_max": 0.4836098903820553,
        "nAUC_mrr_std": 0.3087862144735529
      }
    ]
  },
  "task_name": "SciDocsRR"
}