{
  "dataset_revision": "ae752c7c21bf194d8b67fd573edf7ae58183cbe3",
  "evaluation_time": 62.91939043998718,
  "kg_co2_emissions": null,
  "mteb_version": "1.14.21",
  "scores": {
    "test": [
      {
        "cosine_pearson": 0.6655594797069554,
        "cosine_spearman": 0.6664362389803539,
        "euclidean_pearson": 0.6446832700199135,
        "euclidean_spearman": 0.6595601494065856,
        "hf_subset": "default",
        "languages": [
          "eng-Latn"
        ],
        "main_score": 0.6664362389803539,
        "manhattan_pearson": 0.637739716947699,
        "manhattan_spearman": 0.6527173547767426,
        "pearson": 0.6655594797069554,
        "spearman": 0.6664362389803539
      }
    ]
  },
  "task_name": "STS15"
}