{
  "dataset_revision": "6031580fec1f6af667f0bd2da0a551cf4f0b2375",
  "evaluation_time": 72.41539287567139,
  "kg_co2_emissions": null,
  "mteb_version": "1.14.21",
  "scores": {
    "test": [
      {
        "cosine_pearson": 0.5187068281305961,
        "cosine_spearman": 0.49622030900572894,
        "euclidean_pearson": 0.5232463365990464,
        "euclidean_spearman": 0.5091154810769187,
        "hf_subset": "default",
        "languages": [
          "eng-Latn"
        ],
        "main_score": 0.49622030900572894,
        "manhattan_pearson": 0.5159428398125758,
        "manhattan_spearman": 0.5033181696177049,
        "pearson": 0.5187068281305961,
        "spearman": 0.49622030900572894
      }
    ]
  },
  "task_name": "STS14"
}