{
  "dataset_revision": "7e90230a92c190f1bf69ae9002b8cea547a64cca",
  "evaluation_time": 36.71664643287659,
  "kg_co2_emissions": null,
  "mteb_version": "1.14.21",
  "scores": {
    "test": [
      {
        "cosine_pearson": 0.5411786716997099,
        "cosine_spearman": 0.5456741843284143,
        "euclidean_pearson": 0.5476405542941783,
        "euclidean_spearman": 0.552592293930902,
        "hf_subset": "default",
        "languages": [
          "eng-Latn"
        ],
        "main_score": 0.5456741843284143,
        "manhattan_pearson": 0.5392311834855815,
        "manhattan_spearman": 0.5441838935843065,
        "pearson": 0.5411786716997099,
        "spearman": 0.5456741843284143
      }
    ]
  },
  "task_name": "STS13"
}