{
  "dataset_revision": "20a6d6f312dd54037fe07a32d58e5e168867909d",
  "evaluation_time": 135.6758828163147,
  "kg_co2_emissions": null,
  "mteb_version": "1.14.21",
  "scores": {
    "test": [
      {
        "cosine_pearson": 0.719284058449792,
        "cosine_spearman": 0.6761908242594148,
        "euclidean_pearson": 0.682653293420265,
        "euclidean_spearman": 0.6701764978319023,
        "hf_subset": "default",
        "languages": [
          "eng-Latn"
        ],
        "main_score": 0.6761908242594148,
        "manhattan_pearson": 0.6839152329571027,
        "manhattan_spearman": 0.6721667768698543,
        "pearson": 0.719284058449792,
        "spearman": 0.6761908242594148
      }
    ]
  },
  "task_name": "SICK-R"
}