{
  "dataset_revision": "d3c5e1fc0b855ab6097bf1cda04dd73947d7caab",
  "evaluation_time": 102.41835427284241,
  "kg_co2_emissions": null,
  "mteb_version": "1.14.20",
  "scores": {
    "test": [
      {
        "hf_subset": "default",
        "languages": [
          "eng-Latn"
        ],
        "main_score": 0.5716780174010285,
        "map": 0.5716780174010285,
        "mrr": 0.8007028737420894,
        "nAUC_map_diff1": 0.15822062002196036,
        "nAUC_map_max": 0.4114779325771388,
        "nAUC_map_std": 0.38807410404887965,
        "nAUC_mrr_diff1": 0.3477013760296621,
        "nAUC_mrr_max": 0.511232927387782,
        "nAUC_mrr_std": 0.3640085351486947
      }
    ]
  },
  "task_name": "SciDocsRR"
}