{
  "dataset_revision": "20a6d6f312dd54037fe07a32d58e5e168867909d",
  "evaluation_time": 12.25368356704712,
  "kg_co2_emissions": null,
  "mteb_version": "1.14.20",
  "scores": {
    "test": [
      {
        "cosine_pearson": 0.6042495050465319,
        "cosine_spearman": 0.5667143545219036,
        "euclidean_pearson": 0.569316162871779,
        "euclidean_spearman": 0.5615760979352764,
        "hf_subset": "default",
        "languages": [
          "eng-Latn"
        ],
        "main_score": 0.5667143545219036,
        "manhattan_pearson": 0.569155949409099,
        "manhattan_spearman": 0.5624620805881263,
        "pearson": 0.6042495050465319,
        "spearman": 0.5667143545219036
      }
    ]
  },
  "task_name": "SICK-R"
}