{
  "dataset_revision": "d66bd1f72af766a5cc4b0ca5e00c162f89e8cc46",
  "evaluation_time": 12.449440002441406,
  "kg_co2_emissions": null,
  "mteb_version": "1.14.20",
  "scores": {
    "test": [
      {
        "cosine_accuracy": 0.9913762376237624,
        "cosine_accuracy_threshold": 0.9052203297615051,
        "cosine_ap": 0.3698775052937276,
        "cosine_f1": 0.42438452520515824,
        "cosine_f1_threshold": 0.8905267715454102,
        "cosine_precision": 0.5127478753541076,
        "cosine_recall": 0.362,
        "dot_accuracy": 0.9904257425742574,
        "dot_accuracy_threshold": 3651.759765625,
        "dot_ap": 0.19602536716139374,
        "dot_f1": 0.2670157068062827,
        "dot_f1_threshold": 3512.89990234375,
        "dot_precision": 0.38636363636363635,
        "dot_recall": 0.204,
        "euclidean_accuracy": 0.9910693069306931,
        "euclidean_accuracy_threshold": 26.46188735961914,
        "euclidean_ap": 0.3395422955390078,
        "euclidean_f1": 0.4023668639053255,
        "euclidean_f1_threshold": 28.337791442871094,
        "euclidean_precision": 0.4927536231884058,
        "euclidean_recall": 0.34,
        "hf_subset": "default",
        "languages": [
          "eng-Latn"
        ],
        "main_score": 0.3698775052937276,
        "manhattan_accuracy": 0.9910990099009901,
        "manhattan_accuracy_threshold": 660.9862670898438,
        "manhattan_ap": 0.34665874633270494,
        "manhattan_f1": 0.4055522027761013,
        "manhattan_f1_threshold": 714.441650390625,
        "manhattan_precision": 0.5114155251141552,
        "manhattan_recall": 0.336,
        "max_accuracy": 0.9913762376237624,
        "max_ap": 0.3698775052937276,
        "max_f1": 0.42438452520515824,
        "max_precision": 0.5127478753541076,
        "max_recall": 0.362,
        "similarity_accuracy": 0.9913762376237624,
        "similarity_accuracy_threshold": 0.9052203297615051,
        "similarity_ap": 0.3698775052937276,
        "similarity_f1": 0.42438452520515824,
        "similarity_f1_threshold": 0.8905267715454102,
        "similarity_precision": 0.5127478753541076,
        "similarity_recall": 0.362
      }
    ]
  },
  "task_name": "SprintDuplicateQuestions"
}