{
  "dataset_revision": "d3fb88f8f02e40887cd149695127462bbcf29b4a",
  "evaluation_time": 3.087691307067871,
  "kg_co2_emissions": null,
  "mteb_version": "1.14.20",
  "scores": {
    "test": [
      {
        "cosine_pearson": 0.5543739850842005,
        "cosine_spearman": 0.6061463415760706,
        "euclidean_pearson": 0.5609768634978043,
        "euclidean_spearman": 0.5850795964957517,
        "hf_subset": "default",
        "languages": [
          "eng-Latn"
        ],
        "main_score": 0.6061463415760706,
        "manhattan_pearson": 0.6239347489137552,
        "manhattan_spearman": 0.6246226661861185,
        "pearson": 0.5543739850842005,
        "spearman": 0.6061463415760706
      }
    ]
  },
  "task_name": "BIOSSES"
}