{
  "dataset_revision": "59042f120c80e8afa9cdbb224f67076cec0fc9a7",
  "evaluation_time": 182.0857503414154,
  "kg_co2_emissions": null,
  "mteb_version": "1.14.20",
  "scores": {
    "test": [
      {
        "hf_subset": "default",
        "languages": [
          "eng-Latn"
        ],
        "main_score": 0.2725305322113416,
        "map": 0.2725305322113416,
        "mrr": 0.27927576596061754,
        "nAUC_map_diff1": 0.20258705622494222,
        "nAUC_map_max": -0.22881775187302109,
        "nAUC_map_std": -0.044267219771511025,
        "nAUC_mrr_diff1": 0.18065662104181468,
        "nAUC_mrr_max": -0.16556480721112124,
        "nAUC_mrr_std": -0.04696897547253335
      }
    ]
  },
  "task_name": "MindSmallReranking"
}