{
  "dataset_revision": "2000358ca161889fa9c082cb41daa8dcfb161a54",
  "evaluation_time": 7.7243757247924805,
  "kg_co2_emissions": null,
  "mteb_version": "1.14.20",
  "scores": {
    "test": [
      {
        "hf_subset": "default",
        "languages": [
          "eng-Latn"
        ],
        "main_score": 0.44231266359586224,
        "map": 0.44231266359586224,
        "mrr": 0.5555181814184584,
        "nAUC_map_diff1": 0.1654968792887216,
        "nAUC_map_max": 0.19105600424031075,
        "nAUC_map_std": 0.08805024866525206,
        "nAUC_mrr_diff1": 0.19096597871479476,
        "nAUC_mrr_max": 0.22137569661307818,
        "nAUC_mrr_std": 0.10913725671784595
      }
    ]
  },
  "task_name": "AskUbuntuDupQuestions"
}