{
  "dataset_revision": "59042f120c80e8afa9cdbb224f67076cec0fc9a7",
  "evaluation_time": 115.18873238563538,
  "kg_co2_emissions": null,
  "mteb_version": "1.14.20",
  "scores": {
    "test": [
      {
        "hf_subset": "default",
        "languages": [
          "eng-Latn"
        ],
        "main_score": 0.25607364327729554,
        "map": 0.25607364327729554,
        "mrr": 0.2613299138483102,
        "nAUC_map_diff1": 0.1317187149244994,
        "nAUC_map_max": -0.19341019139589724,
        "nAUC_map_std": -0.07131341817825873,
        "nAUC_mrr_diff1": 0.12667759686549337,
        "nAUC_mrr_max": -0.11919283180649219,
        "nAUC_mrr_std": -0.025145301421536013
      }
    ]
  },
  "task_name": "MindSmallReranking"
}