{
  "dataset_revision": "d3c5e1fc0b855ab6097bf1cda04dd73947d7caab",
  "evaluation_time": 52.3593955039978,
  "kg_co2_emissions": null,
  "mteb_version": "1.14.20",
  "scores": {
    "test": [
      {
        "hf_subset": "default",
        "languages": [
          "eng-Latn"
        ],
        "main_score": 0.3258025820842437,
        "map": 0.3258025820842437,
        "mrr": 0.5067549099411844,
        "nAUC_map_diff1": 0.2330450124928539,
        "nAUC_map_max": 0.39649598906440653,
        "nAUC_map_std": 0.3051400992028524,
        "nAUC_mrr_diff1": 0.32415516604991956,
        "nAUC_mrr_max": 0.42234120120250257,
        "nAUC_mrr_std": 0.3192226817094183
      }
    ]
  },
  "task_name": "SciDocsRR"
}