{
  "dataset_revision": "20a6d6f312dd54037fe07a32d58e5e168867909d",
  "evaluation_time": 102.51531744003296,
  "kg_co2_emissions": null,
  "mteb_version": "1.14.21",
  "scores": {
    "test": [
      {
        "cosine_pearson": 0.6987789650238776,
        "cosine_spearman": 0.6594109520652655,
        "euclidean_pearson": 0.6579744787329341,
        "euclidean_spearman": 0.6528993677211806,
        "hf_subset": "default",
        "languages": [
          "eng-Latn"
        ],
        "main_score": 0.6594109520652655,
        "manhattan_pearson": 0.6562246577051541,
        "manhattan_spearman": 0.6525084160051023,
        "pearson": 0.6987789650238776,
        "spearman": 0.6594109520652655
      }
    ]
  },
  "task_name": "SICK-R"
}