{
  "dataset_revision": "7e90230a92c190f1bf69ae9002b8cea547a64cca",
  "evaluation_time": 49.4012656211853,
  "kg_co2_emissions": null,
  "mteb_version": "1.14.21",
  "scores": {
    "test": [
      {
        "cosine_pearson": 0.5845099413039859,
        "cosine_spearman": 0.5950439684914289,
        "euclidean_pearson": 0.5886889195403605,
        "euclidean_spearman": 0.5931277210023144,
        "hf_subset": "default",
        "languages": [
          "eng-Latn"
        ],
        "main_score": 0.5950439684914289,
        "manhattan_pearson": 0.5817348395662845,
        "manhattan_spearman": 0.586147340674495,
        "pearson": 0.5845099413039859,
        "spearman": 0.5950439684914289
      }
    ]
  },
  "task_name": "STS13"
}