{
  "dataset_revision": "59042f120c80e8afa9cdbb224f67076cec0fc9a7",
  "evaluation_time": 142.60846614837646,
  "kg_co2_emissions": null,
  "mteb_version": "1.14.19",
  "scores": {
    "test": [
      {
        "hf_subset": "default",
        "languages": [
          "eng-Latn"
        ],
        "main_score": 0.26374376501797386,
        "map": 0.26374376501797386,
        "mrr": 0.26762979812015597,
        "nAUC_map_diff1": 0.19846252355392857,
        "nAUC_map_max": -0.24383649242137398,
        "nAUC_map_std": -0.12936171489158102,
        "nAUC_mrr_diff1": 0.18033716513081455,
        "nAUC_mrr_max": -0.1867060904238659,
        "nAUC_mrr_std": -0.1088963060990819
      }
    ]
  },
  "task_name": "MindSmallReranking"
}