{
  "dataset_revision": "d3c5e1fc0b855ab6097bf1cda04dd73947d7caab",
  "evaluation_time": 65.99728631973267,
  "kg_co2_emissions": null,
  "mteb_version": "1.14.19",
  "scores": {
    "test": [
      {
        "hf_subset": "default",
        "languages": [
          "eng-Latn"
        ],
        "main_score": 0.5725404543859349,
        "map": 0.5725404543859349,
        "mrr": 0.8125497777458561,
        "nAUC_map_diff1": 0.1772491096260848,
        "nAUC_map_max": 0.41990607669433117,
        "nAUC_map_std": 0.3718571519193492,
        "nAUC_mrr_diff1": 0.4201604436302898,
        "nAUC_mrr_max": 0.5347312910986386,
        "nAUC_mrr_std": 0.36770498918577155
      }
    ]
  },
  "task_name": "SciDocsRR"
}