{
  "dataset_revision": "20a6d6f312dd54037fe07a32d58e5e168867909d",
  "evaluation_time": 16.328503847122192,
  "kg_co2_emissions": null,
  "mteb_version": "1.14.19",
  "scores": {
    "test": [
      {
        "cosine_pearson": 0.6141091432223568,
        "cosine_spearman": 0.5674506765021172,
        "euclidean_pearson": 0.5771911616578309,
        "euclidean_spearman": 0.5627586770261198,
        "hf_subset": "default",
        "languages": [
          "eng-Latn"
        ],
        "main_score": 0.5674506765021172,
        "manhattan_pearson": 0.5778861015499062,
        "manhattan_spearman": 0.5646003587113839,
        "pearson": 0.6141091432223568,
        "spearman": 0.5674506765021172
      }
    ]
  },
  "task_name": "SICK-R"
}