{
  "dataset_revision": "6031580fec1f6af667f0bd2da0a551cf4f0b2375",
  "evaluation_time": 12.617895364761353,
  "kg_co2_emissions": null,
  "mteb_version": "1.14.19",
  "scores": {
    "test": [
      {
        "cosine_pearson": 0.5096832067713675,
        "cosine_spearman": 0.48491239800623875,
        "euclidean_pearson": 0.5063144348984764,
        "euclidean_spearman": 0.4864830908096733,
        "hf_subset": "default",
        "languages": [
          "eng-Latn"
        ],
        "main_score": 0.48491239800623875,
        "manhattan_pearson": 0.5101639902289699,
        "manhattan_spearman": 0.48936785173009706,
        "pearson": 0.5096832067713675,
        "spearman": 0.48491239800623875
      }
    ]
  },
  "task_name": "STS14"
}