{
  "dataset_revision": "2000358ca161889fa9c082cb41daa8dcfb161a54",
  "evaluation_time": 7.168499708175659,
  "kg_co2_emissions": null,
  "mteb_version": "1.14.19",
  "scores": {
    "test": [
      {
        "hf_subset": "default",
        "languages": [
          "eng-Latn"
        ],
        "main_score": 0.4596022110758487,
        "map": 0.4596022110758487,
        "mrr": 0.5996548388515148,
        "nAUC_map_diff1": 0.09223945590802676,
        "nAUC_map_max": 0.24240772866612756,
        "nAUC_map_std": 0.028747681628666356,
        "nAUC_mrr_diff1": 0.12449434964617319,
        "nAUC_mrr_max": 0.2736926427242286,
        "nAUC_mrr_std": 0.039029388070477296
      }
    ]
  },
  "task_name": "AskUbuntuDupQuestions"
}