{
  "dataset_revision": "6031580fec1f6af667f0bd2da0a551cf4f0b2375",
  "evaluation_time": 10.782729387283325,
  "kg_co2_emissions": null,
  "mteb_version": "1.14.19",
  "scores": {
    "test": [
      {
        "cosine_pearson": 0.49399250826105295,
        "cosine_spearman": 0.474979468951332,
        "euclidean_pearson": 0.49611464854190723,
        "euclidean_spearman": 0.47567409484516304,
        "hf_subset": "default",
        "languages": [
          "eng-Latn"
        ],
        "main_score": 0.474979468951332,
        "manhattan_pearson": 0.5200446844807025,
        "manhattan_spearman": 0.4950983326367857,
        "pearson": 0.49399250826105295,
        "spearman": 0.474979468951332
      }
    ]
  },
  "task_name": "STS14"
}