{
  "dataset_revision": "70970daeab8776df92f5ea462b6173c0b46fd2d1",
  "evaluation_time": 9.710257291793823,
  "kg_co2_emissions": null,
  "mteb_version": "1.14.19",
  "scores": {
    "test": [
      {
        "cosine_accuracy": 0.8152828276807534,
        "cosine_accuracy_threshold": 0.9763286113739014,
        "cosine_ap": 0.5562026486638618,
        "cosine_f1": 0.5241611607721207,
        "cosine_f1_threshold": 0.9706557989120483,
        "cosine_precision": 0.514889284805294,
        "cosine_recall": 0.5337730870712402,
        "dot_accuracy": 0.7744531203433271,
        "dot_accuracy_threshold": 551.8104858398438,
        "dot_ap": 0.24522132584208778,
        "dot_f1": 0.36906443286416984,
        "dot_f1_threshold": 462.3135986328125,
        "dot_precision": 0.2263035298333632,
        "dot_recall": 0.9997361477572559,
        "euclidean_accuracy": 0.815640460153782,
        "euclidean_accuracy_threshold": 4.926250457763672,
        "euclidean_ap": 0.5611948177166904,
        "euclidean_f1": 0.5301997077447638,
        "euclidean_f1_threshold": 5.676756858825684,
        "euclidean_precision": 0.492311171415649,
        "euclidean_recall": 0.5744063324538259,
        "hf_subset": "default",
        "languages": [
          "eng-Latn"
        ],
        "main_score": 0.5739147221351478,
        "manhattan_accuracy": 0.8187995469988675,
        "manhattan_accuracy_threshold": 105.88188934326172,
        "manhattan_ap": 0.5739147221351478,
        "manhattan_f1": 0.5408137477887287,
        "manhattan_f1_threshold": 117.8603515625,
        "manhattan_precision": 0.518913676042677,
        "manhattan_recall": 0.5646437994722955,
        "max_accuracy": 0.8187995469988675,
        "max_ap": 0.5739147221351478,
        "max_f1": 0.5408137477887287,
        "max_precision": 0.518913676042677,
        "max_recall": 0.9997361477572559,
        "similarity_accuracy": 0.8152828276807534,
        "similarity_accuracy_threshold": 0.9763286113739014,
        "similarity_ap": 0.5562026486638618,
        "similarity_f1": 0.5241611607721207,
        "similarity_f1_threshold": 0.9706557989120483,
        "similarity_precision": 0.514889284805294,
        "similarity_recall": 0.5337730870712402
      }
    ]
  },
  "task_name": "TwitterSemEval2015"
}