{
  "dataset_revision": "d3c5e1fc0b855ab6097bf1cda04dd73947d7caab",
  "evaluation_time": 77.21520829200745,
  "kg_co2_emissions": null,
  "mteb_version": "1.14.19",
  "scores": {
    "test": [
      {
        "hf_subset": "default",
        "languages": [
          "eng-Latn"
        ],
        "main_score": 0.555329314185361,
        "map": 0.555329314185361,
        "mrr": 0.7961370873135579,
        "nAUC_map_diff1": 0.18162286861321336,
        "nAUC_map_max": 0.41574455988026515,
        "nAUC_map_std": 0.3764373806282962,
        "nAUC_mrr_diff1": 0.40053526464312966,
        "nAUC_mrr_max": 0.5116707826366051,
        "nAUC_mrr_std": 0.36738981943546883
      }
    ]
  },
  "task_name": "SciDocsRR"
}