{
  "dataset_revision": "d3c5e1fc0b855ab6097bf1cda04dd73947d7caab",
  "evaluation_time": 966.0649008750916,
  "kg_co2_emissions": null,
  "mteb_version": "1.14.21",
  "scores": {
    "test": [
      {
        "hf_subset": "default",
        "languages": [
          "eng-Latn"
        ],
        "main_score": 0.7399705803193916,
        "map": 0.7399705803193916,
        "mrr": 0.9187774825029726,
        "nAUC_map_diff1": 0.09714687103814731,
        "nAUC_map_max": 0.48036506578109966,
        "nAUC_map_std": 0.5649777291738095,
        "nAUC_mrr_diff1": 0.4790166926793902,
        "nAUC_mrr_max": 0.6847525550511511,
        "nAUC_mrr_std": 0.5971057724040523
      }
    ]
  },
  "task_name": "SciDocsRR"
}