{
  "dataset_revision": "d3fb88f8f02e40887cd149695127462bbcf29b4a",
  "evaluation_time": 2.013585090637207,
  "kg_co2_emissions": null,
  "mteb_version": "1.14.20",
  "scores": {
    "test": [
      {
        "cosine_pearson": 0.06481030640389958,
        "cosine_spearman": 0.09147196376881925,
        "euclidean_pearson": 0.04996999866060517,
        "euclidean_spearman": 0.07558003539539031,
        "hf_subset": "default",
        "languages": [
          "eng-Latn"
        ],
        "main_score": 0.09147196376881925,
        "manhattan_pearson": 0.053118063078608495,
        "manhattan_spearman": 0.07873070959527785,
        "pearson": 0.06481030640389958,
        "spearman": 0.09147196376881925
      }
    ]
  },
  "task_name": "BIOSSES"
}