{
  "dataset_revision": "a0d554a64d88156834ff5ae9920b964011b16384",
  "evaluation_time": 8.530526161193848,
  "kg_co2_emissions": null,
  "mteb_version": "1.14.20",
  "scores": {
    "test": [
      {
        "cosine_pearson": 0.07330673830983023,
        "cosine_spearman": 0.17923359158240443,
        "euclidean_pearson": 0.1321954383716275,
        "euclidean_spearman": 0.17730650982604235,
        "hf_subset": "default",
        "languages": [
          "eng-Latn"
        ],
        "main_score": 0.17923359158240443,
        "manhattan_pearson": 0.13170983935888633,
        "manhattan_spearman": 0.17700246826554783,
        "pearson": 0.07330673830983023,
        "spearman": 0.17923359158240443
      }
    ]
  },
  "task_name": "STS12"
}