{
  "dataset_revision": "ae752c7c21bf194d8b67fd573edf7ae58183cbe3",
  "evaluation_time": 10.972126245498657,
  "kg_co2_emissions": null,
  "mteb_version": "1.14.20",
  "scores": {
    "test": [
      {
        "cosine_pearson": 0.314661039449288,
        "cosine_spearman": 0.33376167549425845,
        "euclidean_pearson": 0.3286454832141675,
        "euclidean_spearman": 0.3129510080288342,
        "hf_subset": "default",
        "languages": [
          "eng-Latn"
        ],
        "main_score": 0.33376167549425845,
        "manhattan_pearson": 0.3273458704182433,
        "manhattan_spearman": 0.3112681604161419,
        "pearson": 0.314661039449288,
        "spearman": 0.33376167549425845
      }
    ]
  },
  "task_name": "STS15"
}