{
  "dataset_revision": "d3fb88f8f02e40887cd149695127462bbcf29b4a",
  "evaluation_time": 5.44481086730957,
  "kg_co2_emissions": null,
  "mteb_version": "1.14.19",
  "scores": {
    "test": [
      {
        "cosine_pearson": 0.48633945297372694,
        "cosine_spearman": 0.5367652426083749,
        "euclidean_pearson": 0.47915167003903425,
        "euclidean_spearman": 0.49866798899443826,
        "hf_subset": "default",
        "languages": [
          "eng-Latn"
        ],
        "main_score": 0.5367652426083749,
        "manhattan_pearson": 0.4914609198635808,
        "manhattan_spearman": 0.507391079322234,
        "pearson": 0.48633945297372694,
        "spearman": 0.5367652426083749
      }
    ]
  },
  "task_name": "BIOSSES"
}