{
  "dataset_revision": "a0d554a64d88156834ff5ae9920b964011b16384",
  "evaluation_time": 16.839081287384033,
  "kg_co2_emissions": null,
  "mteb_version": "1.14.19",
  "scores": {
    "test": [
      {
        "cosine_pearson": 0.3973948856711929,
        "cosine_spearman": 0.42547227735533205,
        "euclidean_pearson": 0.39870606586252477,
        "euclidean_spearman": 0.38777787527820423,
        "hf_subset": "default",
        "languages": [
          "eng-Latn"
        ],
        "main_score": 0.42547227735533205,
        "manhattan_pearson": 0.4100731227670978,
        "manhattan_spearman": 0.39529008452934655,
        "pearson": 0.3973948856711929,
        "spearman": 0.42547227735533205
      }
    ]
  },
  "task_name": "STS12"
}