{
  "dataset_revision": "d3fb88f8f02e40887cd149695127462bbcf29b4a",
  "evaluation_time": 4.109700679779053,
  "kg_co2_emissions": null,
  "mteb_version": "1.14.21",
  "scores": {
    "test": [
      {
        "cosine_pearson": 0.6933783197588775,
        "cosine_spearman": 0.6787624540147789,
        "euclidean_pearson": 0.6450560718205319,
        "euclidean_spearman": 0.6373277749577493,
        "hf_subset": "default",
        "languages": [
          "eng-Latn"
        ],
        "main_score": 0.6787624540147789,
        "manhattan_pearson": 0.6521840383527377,
        "manhattan_spearman": 0.6410146059526463,
        "pearson": 0.6933783197588775,
        "spearman": 0.6787624540147789
      }
    ]
  },
  "task_name": "BIOSSES"
}