{
  "dataset_revision": "2000358ca161889fa9c082cb41daa8dcfb161a54",
  "evaluation_time": 6.380961894989014,
  "kg_co2_emissions": null,
  "mteb_version": "1.14.19",
  "scores": {
    "test": [
      {
        "hf_subset": "default",
        "languages": [
          "eng-Latn"
        ],
        "main_score": 0.4699412767221724,
        "map": 0.4699412767221724,
        "mrr": 0.6040682847469551,
        "nAUC_map_diff1": 0.09843649592750192,
        "nAUC_map_max": 0.201206913246484,
        "nAUC_map_std": 0.026997191083358605,
        "nAUC_mrr_diff1": 0.11203915715593141,
        "nAUC_mrr_max": 0.23702521291147996,
        "nAUC_mrr_std": 0.030305043832676435
      }
    ]
  },
  "task_name": "AskUbuntuDupQuestions"
}