{
  "dataset_revision": "d3fb88f8f02e40887cd149695127462bbcf29b4a",
  "evaluation_time": 1.5475399494171143,
  "kg_co2_emissions": null,
  "mteb_version": "1.14.20",
  "scores": {
    "test": [
      {
        "cosine_pearson": 0.5128466507605951,
        "cosine_spearman": 0.525228835165192,
        "euclidean_pearson": 0.35578619795600197,
        "euclidean_spearman": 0.3622371694822907,
        "hf_subset": "default",
        "languages": [
          "eng-Latn"
        ],
        "main_score": 0.525228835165192,
        "manhattan_pearson": 0.36047245736750033,
        "manhattan_spearman": 0.368122845760092,
        "pearson": 0.5128466507605951,
        "spearman": 0.525228835165192
      }
    ]
  },
  "task_name": "BIOSSES"
}