{
  "dataset_revision": "7e90230a92c190f1bf69ae9002b8cea547a64cca",
  "evaluation_time": 2.779912233352661,
  "kg_co2_emissions": null,
  "mteb_version": "1.14.20",
  "scores": {
    "test": [
      {
        "cosine_pearson": 0.5166260334660326,
        "cosine_spearman": 0.5163208354507788,
        "euclidean_pearson": 0.5281519721091753,
        "euclidean_spearman": 0.5220017463785626,
        "hf_subset": "default",
        "languages": [
          "eng-Latn"
        ],
        "main_score": 0.5163208354507788,
        "manhattan_pearson": 0.5267044828848364,
        "manhattan_spearman": 0.5201792217147617,
        "pearson": 0.5166260334660326,
        "spearman": 0.5163208354507788
      }
    ]
  },
  "task_name": "STS13"
}