{
  "dataset_revision": "4d8694f8f0e0100860b497b999b3dbed754a0513",
  "evaluation_time": 2.5695993900299072,
  "kg_co2_emissions": null,
  "mteb_version": "1.14.20",
  "scores": {
    "test": [
      {
        "cosine_pearson": 0.5781785642325462,
        "cosine_spearman": 0.5782964082829832,
        "euclidean_pearson": 0.47868247374050166,
        "euclidean_spearman": 0.4745221364115062,
        "hf_subset": "default",
        "languages": [
          "eng-Latn"
        ],
        "main_score": 0.5782964082829832,
        "manhattan_pearson": 0.4785468070762412,
        "manhattan_spearman": 0.4745419363053615,
        "pearson": 0.5781785642325462,
        "spearman": 0.5782964082829832
      }
    ]
  },
  "task_name": "STS16"
}