{
  "dataset_revision": "2000358ca161889fa9c082cb41daa8dcfb161a54",
  "evaluation_time": 7.754452228546143,
  "kg_co2_emissions": null,
  "mteb_version": "1.14.20",
  "scores": {
    "test": [
      {
        "hf_subset": "default",
        "languages": [
          "eng-Latn"
        ],
        "main_score": 0.47390748382983433,
        "map": 0.47390748382983433,
        "mrr": 0.6005045508508112,
        "nAUC_map_diff1": 0.14358506584352293,
        "nAUC_map_max": 0.20046649136720346,
        "nAUC_map_std": 0.07068795219161322,
        "nAUC_mrr_diff1": 0.1899917972982752,
        "nAUC_mrr_max": 0.2695231896070607,
        "nAUC_mrr_std": 0.0994491066203882
      }
    ]
  },
  "task_name": "AskUbuntuDupQuestions"
}