{
  "dataset_revision": "d3fb88f8f02e40887cd149695127462bbcf29b4a",
  "evaluation_time": 2.241210699081421,
  "kg_co2_emissions": null,
  "mteb_version": "1.14.20",
  "scores": {
    "test": [
      {
        "cosine_pearson": 0.622713832098829,
        "cosine_spearman": 0.6392555297263228,
        "euclidean_pearson": 0.5969348195420718,
        "euclidean_spearman": 0.610923558861942,
        "hf_subset": "default",
        "languages": [
          "eng-Latn"
        ],
        "main_score": 0.6392555297263228,
        "manhattan_pearson": 0.5999049822231838,
        "manhattan_spearman": 0.6132187918832751,
        "pearson": 0.622713832098829,
        "spearman": 0.6392555297263228
      }
    ]
  },
  "task_name": "BIOSSES"
}