{
  "dataset_revision": "20a6d6f312dd54037fe07a32d58e5e168867909d",
  "evaluation_time": 13.004154920578003,
  "kg_co2_emissions": null,
  "mteb_version": "1.14.20",
  "scores": {
    "test": [
      {
        "cosine_pearson": 0.6000875777471937,
        "cosine_spearman": 0.5632896071425413,
        "euclidean_pearson": 0.5676055384536717,
        "euclidean_spearman": 0.5594646801530557,
        "hf_subset": "default",
        "languages": [
          "eng-Latn"
        ],
        "main_score": 0.5632896071425413,
        "manhattan_pearson": 0.5676155137773395,
        "manhattan_spearman": 0.5598957360085857,
        "pearson": 0.6000875777471937,
        "spearman": 0.5632896071425413
      }
    ]
  },
  "task_name": "SICK-R"
}