{
  "dataset_revision": "6031580fec1f6af667f0bd2da0a551cf4f0b2375",
  "evaluation_time": 10.256633520126343,
  "kg_co2_emissions": null,
  "mteb_version": "1.14.20",
  "scores": {
    "test": [
      {
        "cosine_pearson": 0.4929446752936034,
        "cosine_spearman": 0.46633589043581675,
        "euclidean_pearson": 0.4896733150392938,
        "euclidean_spearman": 0.47019918995052173,
        "hf_subset": "default",
        "languages": [
          "eng-Latn"
        ],
        "main_score": 0.46633589043581675,
        "manhattan_pearson": 0.49221352451122313,
        "manhattan_spearman": 0.472270820369315,
        "pearson": 0.4929446752936034,
        "spearman": 0.46633589043581675
      }
    ]
  },
  "task_name": "STS14"
}