{
  "dataset_revision": "59042f120c80e8afa9cdbb224f67076cec0fc9a7",
  "evaluation_time": 121.26496291160583,
  "kg_co2_emissions": null,
  "mteb_version": "1.14.20",
  "scores": {
    "test": [
      {
        "hf_subset": "default",
        "languages": [
          "eng-Latn"
        ],
        "main_score": 0.25413763031695347,
        "map": 0.25413763031695347,
        "mrr": 0.25597589242920377,
        "nAUC_map_diff1": 0.1500746850540578,
        "nAUC_map_max": -0.24865775627949402,
        "nAUC_map_std": -0.13866693504964342,
        "nAUC_mrr_diff1": 0.13858434419926818,
        "nAUC_mrr_max": -0.194759851156036,
        "nAUC_mrr_std": -0.12013537279186852
      }
    ]
  },
  "task_name": "MindSmallReranking"
}