{
  "dataset_revision": "d3c5e1fc0b855ab6097bf1cda04dd73947d7caab",
  "evaluation_time": 67.89618635177612,
  "kg_co2_emissions": null,
  "mteb_version": "1.14.20",
  "scores": {
    "test": [
      {
        "hf_subset": "default",
        "languages": [
          "eng-Latn"
        ],
        "main_score": 0.42517253718640086,
        "map": 0.42517253718640086,
        "mrr": 0.6471389267957895,
        "nAUC_map_diff1": 0.2057309609430393,
        "nAUC_map_max": 0.29304619188787967,
        "nAUC_map_std": 0.3161826094822314,
        "nAUC_mrr_diff1": 0.32358787580189347,
        "nAUC_mrr_max": 0.3386608267774206,
        "nAUC_mrr_std": 0.25809957390334876
      }
    ]
  },
  "task_name": "SciDocsRR"
}