{
  "dataset_revision": "6031580fec1f6af667f0bd2da0a551cf4f0b2375",
  "evaluation_time": 11.787702322006226,
  "kg_co2_emissions": null,
  "mteb_version": "1.14.20",
  "scores": {
    "test": [
      {
        "cosine_pearson": 0.20600009451191972,
        "cosine_spearman": 0.20773326946535164,
        "euclidean_pearson": 0.2716694374217722,
        "euclidean_spearman": 0.2590621450557597,
        "hf_subset": "default",
        "languages": [
          "eng-Latn"
        ],
        "main_score": 0.20773326946535164,
        "manhattan_pearson": 0.2708847657827045,
        "manhattan_spearman": 0.25839398202220865,
        "pearson": 0.20600009451191972,
        "spearman": 0.20773326946535164
      }
    ]
  },
  "task_name": "STS14"
}