{
  "dataset_revision": "59042f120c80e8afa9cdbb224f67076cec0fc9a7",
  "evaluation_time": 115.71526455879211,
  "kg_co2_emissions": null,
  "mteb_version": "1.14.20",
  "scores": {
    "test": [
      {
        "hf_subset": "default",
        "languages": [
          "eng-Latn"
        ],
        "main_score": 0.25382983329676434,
        "map": 0.25382983329676434,
        "mrr": 0.25606880835355,
        "nAUC_map_diff1": 0.21433388752448326,
        "nAUC_map_max": -0.23696641974022317,
        "nAUC_map_std": -0.1454623943161039,
        "nAUC_mrr_diff1": 0.19710599706645496,
        "nAUC_mrr_max": -0.17339248364421567,
        "nAUC_mrr_std": -0.12438870755940669
      }
    ]
  },
  "task_name": "MindSmallReranking"
}