{
  "dataset_revision": "7e90230a92c190f1bf69ae9002b8cea547a64cca",
  "evaluation_time": 4.9809348583221436,
  "kg_co2_emissions": null,
  "mteb_version": "1.14.20",
  "scores": {
    "test": [
      {
        "cosine_pearson": 0.32590181393926826,
        "cosine_spearman": 0.31130145647270685,
        "euclidean_pearson": 0.35649074678135,
        "euclidean_spearman": 0.3476895753754981,
        "hf_subset": "default",
        "languages": [
          "eng-Latn"
        ],
        "main_score": 0.31130145647270685,
        "manhattan_pearson": 0.35571344308284253,
        "manhattan_spearman": 0.34688405975061243,
        "pearson": 0.32590181393926826,
        "spearman": 0.31130145647270685
      }
    ]
  },
  "task_name": "STS13"
}