{
  "dataset_revision": "59042f120c80e8afa9cdbb224f67076cec0fc9a7",
  "evaluation_time": 133.45619177818298,
  "kg_co2_emissions": null,
  "mteb_version": "1.14.19",
  "scores": {
    "test": [
      {
        "hf_subset": "default",
        "languages": [
          "eng-Latn"
        ],
        "main_score": 0.26833767152866866,
        "map": 0.26833767152866866,
        "mrr": 0.27092852600549466,
        "nAUC_map_diff1": 0.2577747326846667,
        "nAUC_map_max": -0.3057256629076685,
        "nAUC_map_std": -0.1634824066387667,
        "nAUC_mrr_diff1": 0.2350364833684608,
        "nAUC_mrr_max": -0.2560186024082957,
        "nAUC_mrr_std": -0.144440064531054
      }
    ]
  },
  "task_name": "MindSmallReranking"
}