{
  "dataset_revision": "ae752c7c21bf194d8b67fd573edf7ae58183cbe3",
  "evaluation_time": 8.595657348632812,
  "kg_co2_emissions": null,
  "mteb_version": "1.14.19",
  "scores": {
    "test": [
      {
        "cosine_pearson": 0.48085481210941405,
        "cosine_spearman": 0.5255218885614338,
        "euclidean_pearson": 0.564005460436815,
        "euclidean_spearman": 0.5744342208122415,
        "hf_subset": "default",
        "languages": [
          "eng-Latn"
        ],
        "main_score": 0.5255218885614338,
        "manhattan_pearson": 0.5971727809848322,
        "manhattan_spearman": 0.6065283538543406,
        "pearson": 0.48085481210941405,
        "spearman": 0.5255218885614338
      }
    ]
  },
  "task_name": "STS15"
}