{
  "dataset_revision": "a0d554a64d88156834ff5ae9920b964011b16384",
  "evaluation_time": 7.017933130264282,
  "kg_co2_emissions": null,
  "mteb_version": "1.14.19",
  "scores": {
    "test": [
      {
        "cosine_pearson": 0.3733229988801315,
        "cosine_spearman": 0.4378020708455524,
        "euclidean_pearson": 0.3802981842263624,
        "euclidean_spearman": 0.3796476429907159,
        "hf_subset": "default",
        "languages": [
          "eng-Latn"
        ],
        "main_score": 0.4378020708455524,
        "manhattan_pearson": 0.41508906961148073,
        "manhattan_spearman": 0.4051554211472573,
        "pearson": 0.3733229988801315,
        "spearman": 0.4378020708455524
      }
    ]
  },
  "task_name": "STS12"
}