{
  "dataset_revision": "b0fddb56ed78048fa8b90373c8a3cfc37b684831",
  "evaluation_time": 38.46986508369446,
  "kg_co2_emissions": null,
  "mteb_version": "1.14.21",
  "scores": {
    "test": [
      {
        "cosine_pearson": 0.5770988196742108,
        "cosine_spearman": 0.571796935387819,
        "euclidean_pearson": 0.5612502145520711,
        "euclidean_spearman": 0.5629792500004115,
        "hf_subset": "default",
        "languages": [
          "eng-Latn"
        ],
        "main_score": 0.571796935387819,
        "manhattan_pearson": 0.5502746681845085,
        "manhattan_spearman": 0.5527587923135837,
        "pearson": 0.5770988196742108,
        "spearman": 0.571796935387819
      }
    ]
  },
  "task_name": "STSBenchmark"
}