{
  "dataset_revision": "d3fb88f8f02e40887cd149695127462bbcf29b4a",
  "evaluation_time": 2.864607334136963,
  "kg_co2_emissions": null,
  "mteb_version": "1.14.19",
  "scores": {
    "test": [
      {
        "cosine_pearson": 0.5686516587835041,
        "cosine_spearman": 0.6051101733879622,
        "euclidean_pearson": 0.5591941763144497,
        "euclidean_spearman": 0.5690250138137244,
        "hf_subset": "default",
        "languages": [
          "eng-Latn"
        ],
        "main_score": 0.6051101733879622,
        "manhattan_pearson": 0.5801570513844333,
        "manhattan_spearman": 0.5822421824457574,
        "pearson": 0.5686516587835041,
        "spearman": 0.6051101733879622
      }
    ]
  },
  "task_name": "BIOSSES"
}