{
  "dataset_revision": "20a6d6f312dd54037fe07a32d58e5e168867909d",
  "evaluation_time": 15.451255798339844,
  "kg_co2_emissions": null,
  "mteb_version": "1.14.19",
  "scores": {
    "test": [
      {
        "cosine_pearson": 0.6035592623707274,
        "cosine_spearman": 0.5539371807497541,
        "euclidean_pearson": 0.568018204154381,
        "euclidean_spearman": 0.5483409230558419,
        "hf_subset": "default",
        "languages": [
          "eng-Latn"
        ],
        "main_score": 0.5539371807497541,
        "manhattan_pearson": 0.5695639964325049,
        "manhattan_spearman": 0.5495308277918852,
        "pearson": 0.6035592623707274,
        "spearman": 0.5539371807497541
      }
    ]
  },
  "task_name": "SICK-R"
}