{
  "dataset_revision": "d66bd1f72af766a5cc4b0ca5e00c162f89e8cc46",
  "evaluation_time": 23.7410728931427,
  "kg_co2_emissions": null,
  "mteb_version": "1.14.19",
  "scores": {
    "test": [
      {
        "cosine_accuracy": 0.9924554455445544,
        "cosine_accuracy_threshold": 0.9524182081222534,
        "cosine_ap": 0.5255313813290781,
        "cosine_f1": 0.5286783042394015,
        "cosine_f1_threshold": 0.942102313041687,
        "cosine_precision": 0.527363184079602,
        "cosine_recall": 0.53,
        "dot_accuracy": 0.9901188118811881,
        "dot_accuracy_threshold": 6804.44677734375,
        "dot_ap": 0.05901572727720755,
        "dot_f1": 0.1276849642004773,
        "dot_f1_threshold": 6014.50341796875,
        "dot_precision": 0.15828402366863906,
        "dot_recall": 0.107,
        "euclidean_accuracy": 0.9922772277227723,
        "euclidean_accuracy_threshold": 23.29901695251465,
        "euclidean_ap": 0.5042717410653472,
        "euclidean_f1": 0.5098265895953756,
        "euclidean_f1_threshold": 24.69244384765625,
        "euclidean_precision": 0.6041095890410959,
        "euclidean_recall": 0.441,
        "hf_subset": "default",
        "languages": [
          "eng-Latn"
        ],
        "main_score": 0.5255313813290781,
        "manhattan_accuracy": 0.9923069306930693,
        "manhattan_accuracy_threshold": 574.6602783203125,
        "manhattan_ap": 0.5086358253018688,
        "manhattan_f1": 0.5159752026704816,
        "manhattan_f1_threshold": 652.2808837890625,
        "manhattan_precision": 0.49316317228805834,
        "manhattan_recall": 0.541,
        "max_accuracy": 0.9924554455445544,
        "max_ap": 0.5255313813290781,
        "max_f1": 0.5286783042394015,
        "max_precision": 0.6041095890410959,
        "max_recall": 0.541,
        "similarity_accuracy": 0.9924554455445544,
        "similarity_accuracy_threshold": 0.9524182081222534,
        "similarity_ap": 0.5255313813290781,
        "similarity_f1": 0.5286783042394015,
        "similarity_f1_threshold": 0.942102313041687,
        "similarity_precision": 0.527363184079602,
        "similarity_recall": 0.53
      }
    ],
    "validation": [
      {
        "cosine_accuracy": 0.9917128712871287,
        "cosine_accuracy_threshold": 0.9533810615539551,
        "cosine_ap": 0.4385289381291378,
        "cosine_f1": 0.4727626459143969,
        "cosine_f1_threshold": 0.9411584138870239,
        "cosine_precision": 0.4602272727272727,
        "cosine_recall": 0.486,
        "dot_accuracy": 0.9901881188118812,
        "dot_accuracy_threshold": 6469.7197265625,
        "dot_ap": 0.06765393117533786,
        "dot_f1": 0.12745618693574082,
        "dot_f1_threshold": 5966.193359375,
        "dot_precision": 0.13590033975084936,
        "dot_recall": 0.12,
        "euclidean_accuracy": 0.9915841584158416,
        "euclidean_accuracy_threshold": 23.5183162689209,
        "euclidean_ap": 0.42954948799025205,
        "euclidean_f1": 0.48012552301255235,
        "euclidean_f1_threshold": 25.651531219482422,
        "euclidean_precision": 0.5032894736842105,
        "euclidean_recall": 0.459,
        "hf_subset": "default",
        "languages": [
          "eng-Latn"
        ],
        "main_score": 0.4385289381291378,
        "manhattan_accuracy": 0.9916930693069307,
        "manhattan_accuracy_threshold": 597.564208984375,
        "manhattan_ap": 0.4313093260612997,
        "manhattan_f1": 0.47503782148260215,
        "manhattan_f1_threshold": 651.725830078125,
        "manhattan_precision": 0.47914547304170907,
        "manhattan_recall": 0.471,
        "max_accuracy": 0.9917128712871287,
        "max_ap": 0.4385289381291378,
        "max_f1": 0.48012552301255235,
        "max_precision": 0.5032894736842105,
        "max_recall": 0.486,
        "similarity_accuracy": 0.9917128712871287,
        "similarity_accuracy_threshold": 0.9533810615539551,
        "similarity_ap": 0.4385289381291378,
        "similarity_f1": 0.4727626459143969,
        "similarity_f1_threshold": 0.9411584138870239,
        "similarity_precision": 0.4602272727272727,
        "similarity_recall": 0.486
      }
    ]
  },
  "task_name": "SprintDuplicateQuestions"
}