{
  "dataset_revision": "20a6d6f312dd54037fe07a32d58e5e168867909d",
  "evaluation_time": 16.20213747024536,
  "kg_co2_emissions": null,
  "mteb_version": "1.14.20",
  "scores": {
    "test": [
      {
        "cosine_pearson": 0.6035995399700704,
        "cosine_spearman": 0.551291474641338,
        "euclidean_pearson": 0.5703697335088879,
        "euclidean_spearman": 0.5483337824169013,
        "hf_subset": "default",
        "languages": [
          "eng-Latn"
        ],
        "main_score": 0.551291474641338,
        "manhattan_pearson": 0.5702722444460707,
        "manhattan_spearman": 0.5485406405659246,
        "pearson": 0.6035995399700704,
        "spearman": 0.551291474641338
      }
    ]
  },
  "task_name": "SICK-R"
}