{
  "dataset_revision": "6031580fec1f6af667f0bd2da0a551cf4f0b2375",
  "evaluation_time": 13.443944215774536,
  "kg_co2_emissions": null,
  "mteb_version": "1.14.20",
  "scores": {
    "test": [
      {
        "cosine_pearson": 0.4518017543052134,
        "cosine_spearman": 0.4431518585724258,
        "euclidean_pearson": 0.4546485395318016,
        "euclidean_spearman": 0.4460701081277831,
        "hf_subset": "default",
        "languages": [
          "eng-Latn"
        ],
        "main_score": 0.4431518585724258,
        "manhattan_pearson": 0.4576576627441952,
        "manhattan_spearman": 0.4481774663743102,
        "pearson": 0.4518017543052134,
        "spearman": 0.4431518585724258
      }
    ]
  },
  "task_name": "STS14"
}