{
  "dataset_revision": "a0d554a64d88156834ff5ae9920b964011b16384",
  "evaluation_time": 9.899921417236328,
  "kg_co2_emissions": null,
  "mteb_version": "1.14.20",
  "scores": {
    "test": [
      {
        "cosine_pearson": 0.4571206078309102,
        "cosine_spearman": 0.46625530820581423,
        "euclidean_pearson": 0.4442726849410716,
        "euclidean_spearman": 0.4516925503198494,
        "hf_subset": "default",
        "languages": [
          "eng-Latn"
        ],
        "main_score": 0.46625530820581423,
        "manhattan_pearson": 0.4450182394366761,
        "manhattan_spearman": 0.4511044797096814,
        "pearson": 0.4571206078309102,
        "spearman": 0.46625530820581423
      }
    ]
  },
  "task_name": "STS12"
}