{
  "dataset_revision": "d3c5e1fc0b855ab6097bf1cda04dd73947d7caab",
  "evaluation_time": 115.79276156425476,
  "kg_co2_emissions": null,
  "mteb_version": "1.14.20",
  "scores": {
    "test": [
      {
        "hf_subset": "default",
        "languages": [
          "eng-Latn"
        ],
        "main_score": 0.5898404161591694,
        "map": 0.5898404161591694,
        "mrr": 0.8107376283846872,
        "nAUC_map_diff1": 0.165465402013636,
        "nAUC_map_max": 0.3602157689315897,
        "nAUC_map_std": 0.36084300087023896,
        "nAUC_mrr_diff1": 0.3496098311645504,
        "nAUC_mrr_max": 0.48875159551371267,
        "nAUC_mrr_std": 0.32268947056158526
      }
    ]
  },
  "task_name": "SciDocsRR"
}