{
  "dataset_revision": "4d8694f8f0e0100860b497b999b3dbed754a0513",
  "evaluation_time": 9.784334182739258,
  "kg_co2_emissions": null,
  "mteb_version": "1.14.20",
  "scores": {
    "test": [
      {
        "cosine_pearson": 0.5274966614327363,
        "cosine_spearman": 0.5412117519169358,
        "euclidean_pearson": 0.5681481562012587,
        "euclidean_spearman": 0.5623649628465969,
        "hf_subset": "default",
        "languages": [
          "eng-Latn"
        ],
        "main_score": 0.5412117519169358,
        "manhattan_pearson": 0.569694320009563,
        "manhattan_spearman": 0.5638525817105774,
        "pearson": 0.5274966614327363,
        "spearman": 0.5412117519169358
      }
    ]
  },
  "task_name": "STS16"
}