{
  "dataset_revision": "7e90230a92c190f1bf69ae9002b8cea547a64cca",
  "evaluation_time": 8.242428064346313,
  "kg_co2_emissions": null,
  "mteb_version": "1.14.20",
  "scores": {
    "test": [
      {
        "cosine_pearson": 0.5172772513481314,
        "cosine_spearman": 0.5217549833637936,
        "euclidean_pearson": 0.5194897318992998,
        "euclidean_spearman": 0.5209422003890121,
        "hf_subset": "default",
        "languages": [
          "eng-Latn"
        ],
        "main_score": 0.5217549833637936,
        "manhattan_pearson": 0.5249456684896066,
        "manhattan_spearman": 0.5264105911322169,
        "pearson": 0.5172772513481314,
        "spearman": 0.5217549833637936
      }
    ]
  },
  "task_name": "STS13"
}