{
  "dataset_revision": "2000358ca161889fa9c082cb41daa8dcfb161a54",
  "evaluation_time": 9.06017017364502,
  "kg_co2_emissions": null,
  "mteb_version": "1.14.20",
  "scores": {
    "test": [
      {
        "hf_subset": "default",
        "languages": [
          "eng-Latn"
        ],
        "main_score": 0.4759436101920733,
        "map": 0.4759436101920733,
        "mrr": 0.5970386492547157,
        "nAUC_map_diff1": 0.14113544158612798,
        "nAUC_map_max": 0.24846967179170587,
        "nAUC_map_std": 0.08580269497241488,
        "nAUC_mrr_diff1": 0.21533461561803727,
        "nAUC_mrr_max": 0.30547104618870785,
        "nAUC_mrr_std": 0.10976362535872394
      }
    ]
  },
  "task_name": "AskUbuntuDupQuestions"
}