{
  "dataset_revision": "59042f120c80e8afa9cdbb224f67076cec0fc9a7",
  "evaluation_time": 129.06557703018188,
  "kg_co2_emissions": null,
  "mteb_version": "1.14.20",
  "scores": {
    "test": [
      {
        "hf_subset": "default",
        "languages": [
          "eng-Latn"
        ],
        "main_score": 0.28381697596299577,
        "map": 0.28381697596299577,
        "mrr": 0.2897331483741447,
        "nAUC_map_diff1": 0.2225758458106801,
        "nAUC_map_max": -0.29760668212253527,
        "nAUC_map_std": -0.15299655842114654,
        "nAUC_mrr_diff1": 0.20086308818029194,
        "nAUC_mrr_max": -0.23633674602169585,
        "nAUC_mrr_std": -0.13492858375318753
      }
    ]
  },
  "task_name": "MindSmallReranking"
}