{
  "dataset_revision": "e185fbe320c72810689fc5848eb6114e1ef5ec69",
  "evaluation_time": 75.55548048019409,
  "kg_co2_emissions": null,
  "mteb_version": "1.14.20",
  "scores": {
    "test": [
      {
        "hf_subset": "default",
        "languages": [
          "eng-Latn"
        ],
        "main_score": 0.35542185075703914,
        "map": 0.35542185075703914,
        "mrr": 0.3544579195314489,
        "nAUC_map_diff1": 0.25003717379489443,
        "nAUC_map_max": 0.21248817117846341,
        "nAUC_map_std": 0.07052890776153774,
        "nAUC_mrr_diff1": 0.24627649603002824,
        "nAUC_mrr_max": 0.21666186793220177,
        "nAUC_mrr_std": 0.0741467661622036
      }
    ]
  },
  "task_name": "StackOverflowDupQuestions"
}