{
  "dataset_revision": "d66bd1f72af766a5cc4b0ca5e00c162f89e8cc46",
  "evaluation_time": 23.346606969833374,
  "kg_co2_emissions": null,
  "mteb_version": "1.14.19",
  "scores": {
    "test": [
      {
        "cosine_accuracy": 0.9913168316831683,
        "cosine_accuracy_threshold": 0.9144666790962219,
        "cosine_ap": 0.3306019506453463,
        "cosine_f1": 0.3804347826086956,
        "cosine_f1_threshold": 0.8972488045692444,
        "cosine_precision": 0.4801829268292683,
        "cosine_recall": 0.315,
        "dot_accuracy": 0.9901188118811881,
        "dot_accuracy_threshold": 221.12908935546875,
        "dot_ap": 0.041786082613135565,
        "dot_f1": 0.08930075821398482,
        "dot_f1_threshold": 172.97772216796875,
        "dot_precision": 0.06208512299882858,
        "dot_recall": 0.159,
        "euclidean_accuracy": 0.9912079207920792,
        "euclidean_accuracy_threshold": 5.592076301574707,
        "euclidean_ap": 0.3366105591442227,
        "euclidean_f1": 0.396835057821059,
        "euclidean_f1_threshold": 6.141511917114258,
        "euclidean_precision": 0.5069984447900466,
        "euclidean_recall": 0.326,
        "hf_subset": "default",
        "languages": [
          "eng-Latn"
        ],
        "main_score": 0.3506816502245653,
        "manhattan_accuracy": 0.9912475247524752,
        "manhattan_accuracy_threshold": 117.30653381347656,
        "manhattan_ap": 0.3506816502245653,
        "manhattan_f1": 0.4059171597633136,
        "manhattan_f1_threshold": 134.45111083984375,
        "manhattan_precision": 0.4971014492753623,
        "manhattan_recall": 0.343,
        "max_accuracy": 0.9913168316831683,
        "max_ap": 0.3506816502245653,
        "max_f1": 0.4059171597633136,
        "max_precision": 0.5069984447900466,
        "max_recall": 0.343,
        "similarity_accuracy": 0.9913168316831683,
        "similarity_accuracy_threshold": 0.9144666790962219,
        "similarity_ap": 0.3306019506453463,
        "similarity_f1": 0.3804347826086956,
        "similarity_f1_threshold": 0.8972488045692444,
        "similarity_precision": 0.4801829268292683,
        "similarity_recall": 0.315
      }
    ],
    "validation": [
      {
        "cosine_accuracy": 0.9907128712871287,
        "cosine_accuracy_threshold": 0.9113180637359619,
        "cosine_ap": 0.24266091700127249,
        "cosine_f1": 0.29473684210526313,
        "cosine_f1_threshold": 0.8940903544425964,
        "cosine_precision": 0.38699186991869916,
        "cosine_recall": 0.238,
        "dot_accuracy": 0.9901584158415841,
        "dot_accuracy_threshold": 205.78604125976562,
        "dot_ap": 0.04926282494463311,
        "dot_f1": 0.09608843537414966,
        "dot_f1_threshold": 176.79537963867188,
        "dot_precision": 0.08357988165680473,
        "dot_recall": 0.113,
        "euclidean_accuracy": 0.9905940594059406,
        "euclidean_accuracy_threshold": 5.4155426025390625,
        "euclidean_ap": 0.2418321449070187,
        "euclidean_f1": 0.29101449275362323,
        "euclidean_f1_threshold": 6.282264709472656,
        "euclidean_precision": 0.34620689655172415,
        "euclidean_recall": 0.251,
        "hf_subset": "default",
        "languages": [
          "eng-Latn"
        ],
        "main_score": 0.2478462840945846,
        "manhattan_accuracy": 0.9905841584158416,
        "manhattan_accuracy_threshold": 116.98594665527344,
        "manhattan_ap": 0.2478462840945846,
        "manhattan_f1": 0.2977558839627805,
        "manhattan_f1_threshold": 138.56182861328125,
        "manhattan_precision": 0.32889963724304716,
        "manhattan_recall": 0.272,
        "max_accuracy": 0.9907128712871287,
        "max_ap": 0.2478462840945846,
        "max_f1": 0.2977558839627805,
        "max_precision": 0.38699186991869916,
        "max_recall": 0.272,
        "similarity_accuracy": 0.9907128712871287,
        "similarity_accuracy_threshold": 0.9113180637359619,
        "similarity_ap": 0.24266091700127249,
        "similarity_f1": 0.29473684210526313,
        "similarity_f1_threshold": 0.8940903544425964,
        "similarity_precision": 0.38699186991869916,
        "similarity_recall": 0.238
      }
    ]
  },
  "task_name": "SprintDuplicateQuestions"
}