{
  "dataset_revision": "6031580fec1f6af667f0bd2da0a551cf4f0b2375",
  "evaluation_time": 11.172185182571411,
  "kg_co2_emissions": null,
  "mteb_version": "1.14.19",
  "scores": {
    "test": [
      {
        "cosine_pearson": 0.5343175850849621,
        "cosine_spearman": 0.5041848224266379,
        "euclidean_pearson": 0.503078780178828,
        "euclidean_spearman": 0.48667668490875066,
        "hf_subset": "default",
        "languages": [
          "eng-Latn"
        ],
        "main_score": 0.5041848224266379,
        "manhattan_pearson": 0.5099169093267623,
        "manhattan_spearman": 0.49393339724856417,
        "pearson": 0.5343175850849621,
        "spearman": 0.5041848224266379
      }
    ]
  },
  "task_name": "STS14"
}