{
  "dataset_revision": "2000358ca161889fa9c082cb41daa8dcfb161a54",
  "evaluation_time": 8.639962434768677,
  "kg_co2_emissions": null,
  "mteb_version": "1.14.19",
  "scores": {
    "test": [
      {
        "hf_subset": "default",
        "languages": [
          "eng-Latn"
        ],
        "main_score": 0.47593174615683015,
        "map": 0.47593174615683015,
        "mrr": 0.6216638086444181,
        "nAUC_map_diff1": 0.15474107475583315,
        "nAUC_map_max": 0.16785214302080112,
        "nAUC_map_std": 0.05887308436177549,
        "nAUC_mrr_diff1": 0.17951055501378987,
        "nAUC_mrr_max": 0.23330724013221318,
        "nAUC_mrr_std": 0.08349450553959258
      }
    ]
  },
  "task_name": "AskUbuntuDupQuestions"
}