{
  "dataset_revision": "59042f120c80e8afa9cdbb224f67076cec0fc9a7",
  "evaluation_time": 130.97488927841187,
  "kg_co2_emissions": null,
  "mteb_version": "1.14.19",
  "scores": {
    "test": [
      {
        "hf_subset": "default",
        "languages": [
          "eng-Latn"
        ],
        "main_score": 0.27190772646942896,
        "map": 0.27190772646942896,
        "mrr": 0.2774506644970994,
        "nAUC_map_diff1": 0.16597286005453463,
        "nAUC_map_max": -0.24928891013868923,
        "nAUC_map_std": -0.11945524086168756,
        "nAUC_mrr_diff1": 0.1515470772080743,
        "nAUC_mrr_max": -0.19119565285243842,
        "nAUC_mrr_std": -0.09682414469314919
      }
    ]
  },
  "task_name": "MindSmallReranking"
}