{
  "dataset_revision": "20a6d6f312dd54037fe07a32d58e5e168867909d",
  "evaluation_time": 14.633616924285889,
  "kg_co2_emissions": null,
  "mteb_version": "1.14.19",
  "scores": {
    "test": [
      {
        "cosine_pearson": 0.6000003065070681,
        "cosine_spearman": 0.5702436750145811,
        "euclidean_pearson": 0.582105934535717,
        "euclidean_spearman": 0.5716252579918937,
        "hf_subset": "default",
        "languages": [
          "eng-Latn"
        ],
        "main_score": 0.5702436750145811,
        "manhattan_pearson": 0.5795021862428723,
        "manhattan_spearman": 0.5699481790426657,
        "pearson": 0.6000003065070681,
        "spearman": 0.5702436750145811
      }
    ]
  },
  "task_name": "SICK-R"
}