{
  "dataset_revision": "e185fbe320c72810689fc5848eb6114e1ef5ec69",
  "evaluation_time": 37.810500621795654,
  "kg_co2_emissions": null,
  "mteb_version": "1.14.19",
  "scores": {
    "test": [
      {
        "hf_subset": "default",
        "languages": [
          "eng-Latn"
        ],
        "main_score": 0.3703471845931722,
        "map": 0.3703471845931722,
        "mrr": 0.3701254933791698,
        "nAUC_map_diff1": 0.3125638296016336,
        "nAUC_map_max": 0.21946447954919782,
        "nAUC_map_std": 0.11136862521993637,
        "nAUC_mrr_diff1": 0.3116784363547542,
        "nAUC_mrr_max": 0.23125302202131343,
        "nAUC_mrr_std": 0.11436852696801847
      }
    ]
  },
  "task_name": "StackOverflowDupQuestions"
}