{
  "dataset_revision": "b0fddb56ed78048fa8b90373c8a3cfc37b684831",
  "evaluation_time": 4.084372520446777,
  "kg_co2_emissions": null,
  "mteb_version": "1.14.19",
  "scores": {
    "test": [
      {
        "cosine_pearson": 0.49585151325387516,
        "cosine_spearman": 0.49811299727144903,
        "euclidean_pearson": 0.5278881796285194,
        "euclidean_spearman": 0.5235421528783478,
        "hf_subset": "default",
        "languages": [
          "eng-Latn"
        ],
        "main_score": 0.49811299727144903,
        "manhattan_pearson": 0.5248634565011435,
        "manhattan_spearman": 0.5200683178363915,
        "pearson": 0.49585151325387516,
        "spearman": 0.49811299727144903
      }
    ]
  },
  "task_name": "STSBenchmark"
}