{
  "dataset_revision": "59042f120c80e8afa9cdbb224f67076cec0fc9a7",
  "evaluation_time": 215.20394921302795,
  "kg_co2_emissions": null,
  "mteb_version": "1.14.20",
  "scores": {
    "test": [
      {
        "hf_subset": "default",
        "languages": [
          "eng-Latn"
        ],
        "main_score": 0.2504587593863023,
        "map": 0.2504587593863023,
        "mrr": 0.2508022767030633,
        "nAUC_map_diff1": 0.4164456706530464,
        "nAUC_map_max": -0.2602095699013435,
        "nAUC_map_std": -0.1240453617066553,
        "nAUC_mrr_diff1": 0.36691457244360054,
        "nAUC_mrr_max": -0.20125060959981786,
        "nAUC_mrr_std": -0.11918818863688722
      }
    ]
  },
  "task_name": "MindSmallReranking"
}