{
  "dataset_revision": "e185fbe320c72810689fc5848eb6114e1ef5ec69",
  "evaluation_time": 83.3002655506134,
  "kg_co2_emissions": null,
  "mteb_version": "1.14.19",
  "scores": {
    "test": [
      {
        "hf_subset": "default",
        "languages": [
          "eng-Latn"
        ],
        "main_score": 0.3613489420098032,
        "map": 0.3613489420098032,
        "mrr": 0.36101296579237757,
        "nAUC_map_diff1": 0.27434716744020604,
        "nAUC_map_max": 0.19930875712250584,
        "nAUC_map_std": 0.0769342057734565,
        "nAUC_mrr_diff1": 0.2699875389803675,
        "nAUC_mrr_max": 0.20562820670026474,
        "nAUC_mrr_std": 0.08220641474259754
      }
    ]
  },
  "task_name": "StackOverflowDupQuestions"
}