{
  "dataset_revision": "6031580fec1f6af667f0bd2da0a551cf4f0b2375",
  "evaluation_time": 18.49652361869812,
  "kg_co2_emissions": null,
  "mteb_version": "1.14.19",
  "scores": {
    "test": [
      {
        "cosine_pearson": 0.5496048450928017,
        "cosine_spearman": 0.5149906182897943,
        "euclidean_pearson": 0.5305312546372819,
        "euclidean_spearman": 0.511293956672882,
        "hf_subset": "default",
        "languages": [
          "eng-Latn"
        ],
        "main_score": 0.5149906182897943,
        "manhattan_pearson": 0.5325241409081503,
        "manhattan_spearman": 0.5132033344380914,
        "pearson": 0.5496048450928017,
        "spearman": 0.5149906182897943
      }
    ]
  },
  "task_name": "STS14"
}