{
  "dataset_revision": "2000358ca161889fa9c082cb41daa8dcfb161a54",
  "evaluation_time": 5.9710471630096436,
  "kg_co2_emissions": null,
  "mteb_version": "1.14.19",
  "scores": {
    "test": [
      {
        "hf_subset": "default",
        "languages": [
          "eng-Latn"
        ],
        "main_score": 0.39699975564438233,
        "map": 0.39699975564438233,
        "mrr": 0.4936606868047312,
        "nAUC_map_diff1": 0.0687295796491393,
        "nAUC_map_max": 0.08268675729945524,
        "nAUC_map_std": -0.06727671747244622,
        "nAUC_mrr_diff1": 0.0936044970526481,
        "nAUC_mrr_max": 0.1433454229309163,
        "nAUC_mrr_std": -0.025192264983759344
      }
    ]
  },
  "task_name": "AskUbuntuDupQuestions"
}