{
  "dataset_revision": "20a6d6f312dd54037fe07a32d58e5e168867909d",
  "evaluation_time": 10.73712158203125,
  "kg_co2_emissions": null,
  "mteb_version": "1.14.19",
  "scores": {
    "test": [
      {
        "cosine_pearson": 0.25516906013293583,
        "cosine_spearman": 0.36334809889259906,
        "euclidean_pearson": 0.32418490155466984,
        "euclidean_spearman": 0.36211035937809744,
        "hf_subset": "default",
        "languages": [
          "eng-Latn"
        ],
        "main_score": 0.36334809889259906,
        "manhattan_pearson": 0.34985150309858387,
        "manhattan_spearman": 0.3667812622562694,
        "pearson": 0.25516906013293583,
        "spearman": 0.36334809889259906
      }
    ]
  },
  "task_name": "SICK-R"
}