{
  "dataset_revision": "ae752c7c21bf194d8b67fd573edf7ae58183cbe3",
  "evaluation_time": 7.778820037841797,
  "kg_co2_emissions": null,
  "mteb_version": "1.14.19",
  "scores": {
    "test": [
      {
        "cosine_pearson": 0.17586876114098332,
        "cosine_spearman": 0.28427951898304477,
        "euclidean_pearson": 0.22670477470708222,
        "euclidean_spearman": 0.2833757456942943,
        "hf_subset": "default",
        "languages": [
          "eng-Latn"
        ],
        "main_score": 0.28427951898304477,
        "manhattan_pearson": 0.2749088660336077,
        "manhattan_spearman": 0.28941573296767215,
        "pearson": 0.17586876114098332,
        "spearman": 0.28427951898304477
      }
    ]
  },
  "task_name": "STS15"
}