{
  "dataset_revision": "59042f120c80e8afa9cdbb224f67076cec0fc9a7",
  "evaluation_time": 157.78527522087097,
  "kg_co2_emissions": null,
  "mteb_version": "1.14.19",
  "scores": {
    "test": [
      {
        "hf_subset": "default",
        "languages": [
          "eng-Latn"
        ],
        "main_score": 0.28499687621338043,
        "map": 0.28499687621338043,
        "mrr": 0.29212701724331597,
        "nAUC_map_diff1": 0.1916254454740807,
        "nAUC_map_max": -0.2678512486367034,
        "nAUC_map_std": -0.1251070652760251,
        "nAUC_mrr_diff1": 0.17337900325271818,
        "nAUC_mrr_max": -0.20654212463549887,
        "nAUC_mrr_std": -0.10791038807277473
      }
    ]
  },
  "task_name": "MindSmallReranking"
}