{
  "dataset_revision": "e185fbe320c72810689fc5848eb6114e1ef5ec69",
  "evaluation_time": 218.67698884010315,
  "kg_co2_emissions": null,
  "mteb_version": "1.14.20",
  "scores": {
    "test": [
      {
        "hf_subset": "default",
        "languages": [
          "eng-Latn"
        ],
        "main_score": 0.28627025585179766,
        "map": 0.28627025585179766,
        "mrr": 0.27727299253034543,
        "nAUC_map_diff1": 0.20891771482344224,
        "nAUC_map_max": 0.22147245753442446,
        "nAUC_map_std": 0.007479604569712262,
        "nAUC_mrr_diff1": 0.19822319231788918,
        "nAUC_mrr_max": 0.22467471740251066,
        "nAUC_mrr_std": 0.0031981479189045424
      }
    ]
  },
  "task_name": "StackOverflowDupQuestions"
}