{
  "dataset_revision": "59042f120c80e8afa9cdbb224f67076cec0fc9a7",
  "evaluation_time": 165.03509521484375,
  "kg_co2_emissions": null,
  "mteb_version": "1.14.19",
  "scores": {
    "test": [
      {
        "hf_subset": "default",
        "languages": [
          "eng-Latn"
        ],
        "main_score": 0.2618899827536268,
        "map": 0.2618899827536268,
        "mrr": 0.26585090288993696,
        "nAUC_map_diff1": 0.1792217265293602,
        "nAUC_map_max": -0.28135328903064316,
        "nAUC_map_std": -0.09903031003778759,
        "nAUC_mrr_diff1": 0.16368096216839945,
        "nAUC_mrr_max": -0.22064908664641575,
        "nAUC_mrr_std": -0.08956457873948505
      }
    ]
  },
  "task_name": "MindSmallReranking"
}