{"train_loss": 0.30097007751464844, "train_loss_step": 0.32240933179855347, "train_acc1": 92.08876037597656, "train_acc1_step": 93.75, "train_acc5": 98.75347900390625, "train_acc5_step": 98.4375, "val_loss": 0.252741277217865, "val_acc1": 92.88862609863281, "val_acc5": 99.21875, "train_loss_epoch": 0.30097007751464844, "train_acc1_epoch": 92.08876037597656, "train_acc5_epoch": 98.75347900390625}