{"train_loss": 0.3852742612361908, "train_loss_step": 0.2852911353111267, "train_acc1": 89.72367858886719, "train_acc1_step": 93.75, "train_acc5": 98.14759063720703, "train_acc5_step": 98.4375, "val_loss": 0.2718519866466522, "val_acc1": 91.88702392578125, "val_acc5": 99.29888153076172, "train_loss_epoch": 0.3852742612361908, "train_acc1_epoch": 89.72367858886719, "train_acc5_epoch": 98.14759063720703}