{"train_loss": 0.2762260138988495, "train_loss_step": 0.05857928842306137, "train_acc1": 92.80681610107422, "train_acc1_step": 98.4375, "train_acc5": 98.88460540771484, "train_acc5_step": 100.0, "val_loss": 0.20175999402999878, "val_acc1": 93.5897445678711, "val_acc5": 99.67948913574219, "train_loss_epoch": 0.2762260138988495, "train_acc1_epoch": 92.80681610107422, "train_acc5_epoch": 98.88460540771484}