{"train_loss": 3.4422082901000977, "train_loss_step": 3.3067188262939453, "train_acc1": 20.069198608398438, "train_acc1_step": 25.78125, "train_acc5": 44.51624298095703, "train_acc5_step": 46.875, "val_loss": 3.2937939167022705, "val_acc1": 22.235576629638672, "val_acc5": 48.85817337036133, "train_loss_epoch": 3.4422082901000977, "train_acc1_epoch": 20.069198608398438, "train_acc5_epoch": 44.51624298095703}