{"train_loss": 0.24289225041866302, "train_loss_step": 0.07646399736404419, "train_acc1": 93.763427734375, "train_acc1_step": 98.4375, "train_acc5": 99.06787109375, "train_acc5_step": 100.0, "val_loss": 0.1879228949546814, "val_acc1": 94.73157501220703, "val_acc5": 99.71955108642578, "train_loss_epoch": 0.24289225041866302, "train_acc1_epoch": 93.763427734375, "train_acc5_epoch": 99.06787109375}