{"train_loss": 0.44557085633277893, "train_loss_step": 0.34625354409217834, "train_acc1": 87.94552612304688, "train_acc1_step": 90.625, "train_acc5": 97.59858703613281, "train_acc5_step": 97.65625, "val_loss": 0.2963910400867462, "val_acc1": 90.7852554321289, "val_acc5": 99.09855651855469, "train_loss_epoch": 0.44557085633277893, "train_acc1_epoch": 87.94552612304688, "train_acc5_epoch": 97.59858703613281}