{"train_loss": 0.2515575587749481, "train_loss_step": 0.15348488092422485, "train_acc1": 93.66152954101562, "train_acc1_step": 96.09375, "train_acc5": 99.11763763427734, "train_acc5_step": 100.0, "val_loss": 0.20177461206912994, "val_acc1": 94.05048370361328, "val_acc5": 99.55929565429688, "train_loss_epoch": 0.2515575587749481, "train_acc1_epoch": 93.66152954101562, "train_acc5_epoch": 99.11763763427734}