{"train_loss": 0.5904945731163025, "train_loss_step": 0.31827080249786377, "train_acc1": 83.93500518798828, "train_acc1_step": 92.96875, "train_acc5": 96.2493667602539, "train_acc5_step": 99.21875, "val_loss": 0.4336472451686859, "val_acc1": 86.71875, "val_acc5": 98.37740325927734, "train_loss_epoch": 0.5904945731163025, "train_acc1_epoch": 83.93500518798828, "train_acc5_epoch": 96.2493667602539}