{"train_loss": 0.2578471004962921, "train_loss_step": 0.11176475882530212, "train_acc1": 93.43639373779297, "train_acc1_step": 97.65625, "train_acc5": 99.02284240722656, "train_acc5_step": 99.21875, "val_loss": 0.2125517576932907, "val_acc1": 93.64984130859375, "val_acc5": 99.59935760498047, "train_loss_epoch": 0.2578471004962921, "train_acc1_epoch": 93.43639373779297, "train_acc5_epoch": 99.02284240722656}