{"train_loss": 0.25490790605545044, "train_loss_step": 0.17470413446426392, "train_acc1": 93.46324920654297, "train_acc1_step": 92.96875, "train_acc5": 98.87275695800781, "train_acc5_step": 100.0, "val_loss": 0.18850305676460266, "val_acc1": 94.55128479003906, "val_acc5": 99.61939239501953, "train_loss_epoch": 0.25490790605545044, "train_acc1_epoch": 93.46324920654297, "train_acc5_epoch": 98.87275695800781}