{"train_loss": 0.7772175073623657, "train_loss_step": 0.41732028126716614, "train_acc1": 78.93310546875, "train_acc1_step": 85.9375, "train_acc5": 94.3448257446289, "train_acc5_step": 97.65625, "val_loss": 0.5680897831916809, "val_acc1": 83.83413696289062, "val_acc5": 96.875, "train_loss_epoch": 0.7772175073623657, "train_acc1_epoch": 78.93310546875, "train_acc5_epoch": 94.3448257446289}