{
  "dataset_revision": "d3c5e1fc0b855ab6097bf1cda04dd73947d7caab",
  "evaluation_time": 80.11254382133484,
  "kg_co2_emissions": null,
  "mteb_version": "1.14.20",
  "scores": {
    "test": [
      {
        "hf_subset": "default",
        "languages": [
          "eng-Latn"
        ],
        "main_score": 0.5791465224370048,
        "map": 0.5791465224370048,
        "mrr": 0.8124083251534232,
        "nAUC_map_diff1": 0.18361296427427362,
        "nAUC_map_max": 0.4428718595336682,
        "nAUC_map_std": 0.4112901421063035,
        "nAUC_mrr_diff1": 0.42835083955438735,
        "nAUC_mrr_max": 0.5432407388241391,
        "nAUC_mrr_std": 0.3699568218121066
      }
    ]
  },
  "task_name": "SciDocsRR"
}