{
  "dataset_revision": "20a6d6f312dd54037fe07a32d58e5e168867909d",
  "evaluation_time": 14.866983413696289,
  "kg_co2_emissions": null,
  "mteb_version": "1.14.20",
  "scores": {
    "test": [
      {
        "cosine_pearson": 0.6060085202593366,
        "cosine_spearman": 0.5623040148403118,
        "euclidean_pearson": 0.5744996663945201,
        "euclidean_spearman": 0.5597981796131697,
        "hf_subset": "default",
        "languages": [
          "eng-Latn"
        ],
        "main_score": 0.5623040148403118,
        "manhattan_pearson": 0.5738882892960249,
        "manhattan_spearman": 0.5591705560597059,
        "pearson": 0.6060085202593366,
        "spearman": 0.5623040148403118
      }
    ]
  },
  "task_name": "SICK-R"
}