{
  "dataset_revision": "d3fb88f8f02e40887cd149695127462bbcf29b4a",
  "evaluation_time": 2.025343179702759,
  "kg_co2_emissions": null,
  "mteb_version": "1.14.20",
  "scores": {
    "test": [
      {
        "cosine_pearson": 0.6549301912809636,
        "cosine_spearman": 0.6404242310547708,
        "euclidean_pearson": 0.6292704751952958,
        "euclidean_spearman": 0.6286287815645607,
        "hf_subset": "default",
        "languages": [
          "eng-Latn"
        ],
        "main_score": 0.6404242310547708,
        "manhattan_pearson": 0.6328958802392892,
        "manhattan_spearman": 0.6361229282273907,
        "pearson": 0.6549301912809636,
        "spearman": 0.6404242310547708
      }
    ]
  },
  "task_name": "BIOSSES"
}