{
  "dataset_revision": "d3c5e1fc0b855ab6097bf1cda04dd73947d7caab",
  "evaluation_time": 92.71221685409546,
  "kg_co2_emissions": null,
  "mteb_version": "1.14.20",
  "scores": {
    "test": [
      {
        "hf_subset": "default",
        "languages": [
          "eng-Latn"
        ],
        "main_score": 0.5481220635515078,
        "map": 0.5481220635515078,
        "mrr": 0.7863572067003439,
        "nAUC_map_diff1": 0.17586744753774247,
        "nAUC_map_max": 0.3740400581011272,
        "nAUC_map_std": 0.32738021735185785,
        "nAUC_mrr_diff1": 0.37524709688899666,
        "nAUC_mrr_max": 0.47125537130212,
        "nAUC_mrr_std": 0.31724730046360944
      }
    ]
  },
  "task_name": "SciDocsRR"
}