{
  "dataset_revision": "e185fbe320c72810689fc5848eb6114e1ef5ec69",
  "evaluation_time": 65.85951161384583,
  "kg_co2_emissions": null,
  "mteb_version": "1.14.20",
  "scores": {
    "test": [
      {
        "hf_subset": "default",
        "languages": [
          "eng-Latn"
        ],
        "main_score": 0.3448373296479921,
        "map": 0.3448373296479921,
        "mrr": 0.3417794011544012,
        "nAUC_map_diff1": 0.2759484601315292,
        "nAUC_map_max": 0.21669630729993974,
        "nAUC_map_std": 0.12650632398275907,
        "nAUC_mrr_diff1": 0.2732553651437852,
        "nAUC_mrr_max": 0.2241747981473353,
        "nAUC_mrr_std": 0.1281428799702601
      }
    ]
  },
  "task_name": "StackOverflowDupQuestions"
}