{
  "dataset_revision": "a0d554a64d88156834ff5ae9920b964011b16384",
  "evaluation_time": 10.93198847770691,
  "kg_co2_emissions": null,
  "mteb_version": "1.14.20",
  "scores": {
    "test": [
      {
        "cosine_pearson": 0.3564651242210474,
        "cosine_spearman": 0.3781344554348082,
        "euclidean_pearson": 0.3541841141131423,
        "euclidean_spearman": 0.36038810349848194,
        "hf_subset": "default",
        "languages": [
          "eng-Latn"
        ],
        "main_score": 0.3781344554348082,
        "manhattan_pearson": 0.35598134333496606,
        "manhattan_spearman": 0.36071476817763853,
        "pearson": 0.3564651242210474,
        "spearman": 0.3781344554348082
      }
    ]
  },
  "task_name": "STS12"
}