{
  "dataset_revision": "2000358ca161889fa9c082cb41daa8dcfb161a54",
  "evaluation_time": 33.767723083496094,
  "kg_co2_emissions": null,
  "mteb_version": "1.14.21",
  "scores": {
    "test": [
      {
        "hf_subset": "default",
        "languages": [
          "eng-Latn"
        ],
        "main_score": 0.5016917221332555,
        "map": 0.5016917221332555,
        "mrr": 0.6401453194389483,
        "nAUC_map_diff1": 0.1444842970718919,
        "nAUC_map_max": 0.2107436308808155,
        "nAUC_map_std": 0.11601187425399205,
        "nAUC_mrr_diff1": 0.1723522511649369,
        "nAUC_mrr_max": 0.2277647553357521,
        "nAUC_mrr_std": 0.0917043242686074
      }
    ]
  },
  "task_name": "AskUbuntuDupQuestions"
}