{
  "dataset_revision": "d3c5e1fc0b855ab6097bf1cda04dd73947d7caab",
  "evaluation_time": 756.8980965614319,
  "kg_co2_emissions": null,
  "mteb_version": "1.14.21",
  "scores": {
    "test": [
      {
        "hf_subset": "default",
        "languages": [
          "eng-Latn"
        ],
        "main_score": 0.7086762026580568,
        "map": 0.7086762026580568,
        "mrr": 0.9042836792836794,
        "nAUC_map_diff1": 0.11919259358993427,
        "nAUC_map_max": 0.46050334542965415,
        "nAUC_map_std": 0.5138090387942517,
        "nAUC_mrr_diff1": 0.4565564672824713,
        "nAUC_mrr_max": 0.6444385843312246,
        "nAUC_mrr_std": 0.5249005653360658
      }
    ]
  },
  "task_name": "SciDocsRR"
}