{
  "dataset_revision": "20a6d6f312dd54037fe07a32d58e5e168867909d",
  "evaluation_time": 82.82899737358093,
  "kg_co2_emissions": null,
  "mteb_version": "1.14.21",
  "scores": {
    "test": [
      {
        "cosine_pearson": 0.6621887319969136,
        "cosine_spearman": 0.6361401679725015,
        "euclidean_pearson": 0.6257956674962747,
        "euclidean_spearman": 0.631478511229589,
        "hf_subset": "default",
        "languages": [
          "eng-Latn"
        ],
        "main_score": 0.6361401679725015,
        "manhattan_pearson": 0.6219484210820299,
        "manhattan_spearman": 0.62945315128015,
        "pearson": 0.6621887319969136,
        "spearman": 0.6361401679725015
      }
    ]
  },
  "task_name": "SICK-R"
}