{
  "dataset_revision": "e185fbe320c72810689fc5848eb6114e1ef5ec69",
  "evaluation_time": 475.2966642379761,
  "kg_co2_emissions": null,
  "mteb_version": "1.14.21",
  "scores": {
    "test": [
      {
        "hf_subset": "default",
        "languages": [
          "eng-Latn"
        ],
        "main_score": 0.4189122609767927,
        "map": 0.4189122609767927,
        "mrr": 0.4217228747559631,
        "nAUC_map_diff1": 0.3222937382499964,
        "nAUC_map_max": 0.17296468184940267,
        "nAUC_map_std": 0.09530627804451776,
        "nAUC_mrr_diff1": 0.31978066120221876,
        "nAUC_mrr_max": 0.18474388872535633,
        "nAUC_mrr_std": 0.10425058436812773
      }
    ]
  },
  "task_name": "StackOverflowDupQuestions"
}