{
  "dataset_revision": "2000358ca161889fa9c082cb41daa8dcfb161a54",
  "evaluation_time": 5.9485414028167725,
  "kg_co2_emissions": null,
  "mteb_version": "1.14.19",
  "scores": {
    "test": [
      {
        "hf_subset": "default",
        "languages": [
          "eng-Latn"
        ],
        "main_score": 0.46936500465804026,
        "map": 0.46936500465804026,
        "mrr": 0.6015576221254891,
        "nAUC_map_diff1": 0.13361290058388167,
        "nAUC_map_max": 0.22400977487529283,
        "nAUC_map_std": 0.020402258955205525,
        "nAUC_mrr_diff1": 0.13657096206946903,
        "nAUC_mrr_max": 0.26225420821596906,
        "nAUC_mrr_std": 0.041820003403607184
      }
    ]
  },
  "task_name": "AskUbuntuDupQuestions"
}