{
  "dataset_revision": "d3fb88f8f02e40887cd149695127462bbcf29b4a",
  "evaluation_time": 1.999682903289795,
  "kg_co2_emissions": null,
  "mteb_version": "1.14.19",
  "scores": {
    "test": [
      {
        "cosine_pearson": 0.46881775404726844,
        "cosine_spearman": 0.5416569203336304,
        "euclidean_pearson": 0.48324404780485075,
        "euclidean_spearman": 0.530921735966136,
        "hf_subset": "default",
        "languages": [
          "eng-Latn"
        ],
        "main_score": 0.5416569203336304,
        "manhattan_pearson": 0.5178333384987096,
        "manhattan_spearman": 0.5558138694153432,
        "pearson": 0.46881775404726844,
        "spearman": 0.5416569203336304
      }
    ]
  },
  "task_name": "BIOSSES"
}