{
  "dataset_revision": "6031580fec1f6af667f0bd2da0a551cf4f0b2375",
  "evaluation_time": 9.157343626022339,
  "kg_co2_emissions": null,
  "mteb_version": "1.14.19",
  "scores": {
    "test": [
      {
        "cosine_pearson": 0.49275743624328144,
        "cosine_spearman": 0.48390488908557366,
        "euclidean_pearson": 0.5031792820303531,
        "euclidean_spearman": 0.4906638645140392,
        "hf_subset": "default",
        "languages": [
          "eng-Latn"
        ],
        "main_score": 0.48390488908557366,
        "manhattan_pearson": 0.5211943985639955,
        "manhattan_spearman": 0.504585933279638,
        "pearson": 0.49275743624328144,
        "spearman": 0.48390488908557366
      }
    ]
  },
  "task_name": "STS14"
}