{
  "dataset_revision": "b0fddb56ed78048fa8b90373c8a3cfc37b684831",
  "evaluation_time": 4.354822635650635,
  "kg_co2_emissions": null,
  "mteb_version": "1.14.19",
  "scores": {
    "test": [
      {
        "cosine_pearson": 0.5227526238787376,
        "cosine_spearman": 0.5351613455576935,
        "euclidean_pearson": 0.54766150880258,
        "euclidean_spearman": 0.5471174399544867,
        "hf_subset": "default",
        "languages": [
          "eng-Latn"
        ],
        "main_score": 0.5351613455576935,
        "manhattan_pearson": 0.5445203701067007,
        "manhattan_spearman": 0.5430289137259021,
        "pearson": 0.5227526238787376,
        "spearman": 0.5351613455576935
      }
    ]
  },
  "task_name": "STSBenchmark"
}