{
  "dataset_revision": "d3fb88f8f02e40887cd149695127462bbcf29b4a",
  "evaluation_time": 1.9680230617523193,
  "kg_co2_emissions": null,
  "mteb_version": "1.14.20",
  "scores": {
    "test": [
      {
        "cosine_pearson": 0.6933383942371617,
        "cosine_spearman": 0.7259141308073598,
        "euclidean_pearson": 0.6788444387369272,
        "euclidean_spearman": 0.7008713915168578,
        "hf_subset": "default",
        "languages": [
          "eng-Latn"
        ],
        "main_score": 0.7259141308073598,
        "manhattan_pearson": 0.6806716092391064,
        "manhattan_spearman": 0.6998472717960531,
        "pearson": 0.6933383942371617,
        "spearman": 0.7259141308073598
      }
    ]
  },
  "task_name": "BIOSSES"
}