{
  "dataset_revision": "59042f120c80e8afa9cdbb224f67076cec0fc9a7",
  "evaluation_time": 128.7647123336792,
  "kg_co2_emissions": null,
  "mteb_version": "1.14.20",
  "scores": {
    "test": [
      {
        "hf_subset": "default",
        "languages": [
          "eng-Latn"
        ],
        "main_score": 0.2765811376010977,
        "map": 0.2765811376010977,
        "mrr": 0.28350242800889847,
        "nAUC_map_diff1": 0.1880754758344866,
        "nAUC_map_max": -0.24407987194761022,
        "nAUC_map_std": -0.06501045469425562,
        "nAUC_mrr_diff1": 0.16943929523001683,
        "nAUC_mrr_max": -0.18424642334449665,
        "nAUC_mrr_std": -0.05661732890847699
      }
    ]
  },
  "task_name": "MindSmallReranking"
}