{
  "dataset_revision": "d3c5e1fc0b855ab6097bf1cda04dd73947d7caab",
  "evaluation_time": 82.62214136123657,
  "kg_co2_emissions": null,
  "mteb_version": "1.14.20",
  "scores": {
    "test": [
      {
        "hf_subset": "default",
        "languages": [
          "eng-Latn"
        ],
        "main_score": 0.5866751561014795,
        "map": 0.5866751561014795,
        "mrr": 0.8196648032432347,
        "nAUC_map_diff1": 0.168890266507413,
        "nAUC_map_max": 0.4545563808128655,
        "nAUC_map_std": 0.42284753663915703,
        "nAUC_mrr_diff1": 0.4001249980305301,
        "nAUC_mrr_max": 0.5704405242057139,
        "nAUC_mrr_std": 0.40843240869827074
      }
    ]
  },
  "task_name": "SciDocsRR"
}