{
  "dataset_revision": "59042f120c80e8afa9cdbb224f67076cec0fc9a7",
  "evaluation_time": 159.58535075187683,
  "kg_co2_emissions": null,
  "mteb_version": "1.14.20",
  "scores": {
    "test": [
      {
        "hf_subset": "default",
        "languages": [
          "eng-Latn"
        ],
        "main_score": 0.2902356985283721,
        "map": 0.2902356985283721,
        "mrr": 0.2983577487965123,
        "nAUC_map_diff1": 0.21767579663856929,
        "nAUC_map_max": -0.23181999689462074,
        "nAUC_map_std": -0.00035302515101155296,
        "nAUC_mrr_diff1": 0.19155222887200474,
        "nAUC_mrr_max": -0.17850149487521347,
        "nAUC_mrr_std": -0.005912365443090481
      }
    ]
  },
  "task_name": "MindSmallReranking"
}