{
  "dataset_revision": "d3c5e1fc0b855ab6097bf1cda04dd73947d7caab",
  "evaluation_time": 123.42186737060547,
  "kg_co2_emissions": null,
  "mteb_version": "1.14.20",
  "scores": {
    "test": [
      {
        "hf_subset": "default",
        "languages": [
          "eng-Latn"
        ],
        "main_score": 0.6151694400491863,
        "map": 0.6151694400491863,
        "mrr": 0.825983085541909,
        "nAUC_map_diff1": 0.1407830830651794,
        "nAUC_map_max": 0.49241827604253213,
        "nAUC_map_std": 0.4265594565499081,
        "nAUC_mrr_diff1": 0.39013945561926966,
        "nAUC_mrr_max": 0.6040205840674091,
        "nAUC_mrr_std": 0.3855880721570873
      }
    ]
  },
  "task_name": "SciDocsRR"
}