{
  "dataset_revision": "b0fddb56ed78048fa8b90373c8a3cfc37b684831",
  "evaluation_time": 7.857986688613892,
  "kg_co2_emissions": null,
  "mteb_version": "1.14.20",
  "scores": {
    "test": [
      {
        "cosine_pearson": 0.4330803394241116,
        "cosine_spearman": 0.454531938511591,
        "euclidean_pearson": 0.47825098659599913,
        "euclidean_spearman": 0.4733710127907993,
        "hf_subset": "default",
        "languages": [
          "eng-Latn"
        ],
        "main_score": 0.454531938511591,
        "manhattan_pearson": 0.5259454314520711,
        "manhattan_spearman": 0.5170321772167691,
        "pearson": 0.4330803394241116,
        "spearman": 0.454531938511591
      }
    ]
  },
  "task_name": "STSBenchmark"
}