{
  "dataset_revision": "ae752c7c21bf194d8b67fd573edf7ae58183cbe3",
  "evaluation_time": 9.964805603027344,
  "kg_co2_emissions": null,
  "mteb_version": "1.14.20",
  "scores": {
    "test": [
      {
        "cosine_pearson": 0.6158101566967265,
        "cosine_spearman": 0.6263536156271335,
        "euclidean_pearson": 0.598651999107447,
        "euclidean_spearman": 0.606451132300911,
        "hf_subset": "default",
        "languages": [
          "eng-Latn"
        ],
        "main_score": 0.6263536156271335,
        "manhattan_pearson": 0.600572526079915,
        "manhattan_spearman": 0.60802072980082,
        "pearson": 0.6158101566967265,
        "spearman": 0.6263536156271335
      }
    ]
  },
  "task_name": "STS15"
}