{
  "dataset_revision": "d3fb88f8f02e40887cd149695127462bbcf29b4a",
  "evaluation_time": 1.7107384204864502,
  "kg_co2_emissions": null,
  "mteb_version": "1.14.20",
  "scores": {
    "test": [
      {
        "cosine_pearson": 0.6446843500235012,
        "cosine_spearman": 0.6626416047625817,
        "euclidean_pearson": 0.605624185006978,
        "euclidean_spearman": 0.6076042061198044,
        "hf_subset": "default",
        "languages": [
          "eng-Latn"
        ],
        "main_score": 0.6626416047625817,
        "manhattan_pearson": 0.6141984276200926,
        "manhattan_spearman": 0.6175682885798695,
        "pearson": 0.6446843500235012,
        "spearman": 0.6626416047625817
      }
    ]
  },
  "task_name": "BIOSSES"
}