{
  "dataset_revision": "d3c5e1fc0b855ab6097bf1cda04dd73947d7caab",
  "evaluation_time": 51.79638314247131,
  "kg_co2_emissions": null,
  "mteb_version": "1.14.20",
  "scores": {
    "test": [
      {
        "hf_subset": "default",
        "languages": [
          "eng-Latn"
        ],
        "main_score": 0.5372872792641658,
        "map": 0.5372872792641658,
        "mrr": 0.778003722856664,
        "nAUC_map_diff1": 0.19303552866430101,
        "nAUC_map_max": 0.45348653730887917,
        "nAUC_map_std": 0.41585952870892,
        "nAUC_mrr_diff1": 0.39895131491601044,
        "nAUC_mrr_max": 0.5361093080874891,
        "nAUC_mrr_std": 0.4044044614144662
      }
    ]
  },
  "task_name": "SciDocsRR"
}