{
  "dataset_revision": "20a6d6f312dd54037fe07a32d58e5e168867909d",
  "evaluation_time": 11.901132822036743,
  "kg_co2_emissions": null,
  "mteb_version": "1.14.20",
  "scores": {
    "test": [
      {
        "cosine_pearson": 0.5966440779195712,
        "cosine_spearman": 0.5521255345903747,
        "euclidean_pearson": 0.5629981180416151,
        "euclidean_spearman": 0.5431283617321246,
        "hf_subset": "default",
        "languages": [
          "eng-Latn"
        ],
        "main_score": 0.5521255345903747,
        "manhattan_pearson": 0.5633626043597619,
        "manhattan_spearman": 0.5437477866432026,
        "pearson": 0.5966440779195712,
        "spearman": 0.5521255345903747
      }
    ]
  },
  "task_name": "SICK-R"
}