{
  "dataset_revision": "59042f120c80e8afa9cdbb224f67076cec0fc9a7",
  "evaluation_time": 119.92636394500732,
  "kg_co2_emissions": null,
  "mteb_version": "1.14.20",
  "scores": {
    "test": [
      {
        "hf_subset": "default",
        "languages": [
          "eng-Latn"
        ],
        "main_score": 0.26570950954349254,
        "map": 0.26570950954349254,
        "mrr": 0.2696044489106741,
        "nAUC_map_diff1": 0.21386907706259503,
        "nAUC_map_max": -0.2540666015543769,
        "nAUC_map_std": -0.14213336823735798,
        "nAUC_mrr_diff1": 0.19431083842057204,
        "nAUC_mrr_max": -0.19698751368613304,
        "nAUC_mrr_std": -0.120200680234487
      }
    ]
  },
  "task_name": "MindSmallReranking"
}