{
  "dataset_revision": "d3c5e1fc0b855ab6097bf1cda04dd73947d7caab",
  "evaluation_time": 50.99049401283264,
  "kg_co2_emissions": null,
  "mteb_version": "1.14.20",
  "scores": {
    "test": [
      {
        "hf_subset": "default",
        "languages": [
          "eng-Latn"
        ],
        "main_score": 0.5518585755256918,
        "map": 0.5518585755256918,
        "mrr": 0.7919642358367849,
        "nAUC_map_diff1": 0.18806870173342977,
        "nAUC_map_max": 0.4124645006213836,
        "nAUC_map_std": 0.3345810615201977,
        "nAUC_mrr_diff1": 0.425211325647613,
        "nAUC_mrr_max": 0.5165755683740756,
        "nAUC_mrr_std": 0.34278784241937227
      }
    ]
  },
  "task_name": "SciDocsRR"
}