{
  "dataset_revision": "20a6d6f312dd54037fe07a32d58e5e168867909d",
  "evaluation_time": 13.438514709472656,
  "kg_co2_emissions": null,
  "mteb_version": "1.14.20",
  "scores": {
    "test": [
      {
        "cosine_pearson": 0.6015250428424571,
        "cosine_spearman": 0.5549162771648344,
        "euclidean_pearson": 0.5697202963643389,
        "euclidean_spearman": 0.5540548188547836,
        "hf_subset": "default",
        "languages": [
          "eng-Latn"
        ],
        "main_score": 0.5549162771648344,
        "manhattan_pearson": 0.5701526776964978,
        "manhattan_spearman": 0.5553073353254628,
        "pearson": 0.6015250428424571,
        "spearman": 0.5549162771648344
      }
    ]
  },
  "task_name": "SICK-R"
}