{
  "dataset_revision": "6031580fec1f6af667f0bd2da0a551cf4f0b2375",
  "evaluation_time": 6.713642120361328,
  "kg_co2_emissions": null,
  "mteb_version": "1.14.19",
  "scores": {
    "test": [
      {
        "cosine_pearson": 0.43012276935896765,
        "cosine_spearman": 0.4092792010104172,
        "euclidean_pearson": 0.4288102087458846,
        "euclidean_spearman": 0.41399681509371766,
        "hf_subset": "default",
        "languages": [
          "eng-Latn"
        ],
        "main_score": 0.4092792010104172,
        "manhattan_pearson": 0.4354689383476486,
        "manhattan_spearman": 0.4178388910021073,
        "pearson": 0.43012276935896765,
        "spearman": 0.4092792010104172
      }
    ]
  },
  "task_name": "STS14"
}