{
  "dataset_revision": "a0d554a64d88156834ff5ae9920b964011b16384",
  "evaluation_time": 6.057773113250732,
  "kg_co2_emissions": null,
  "mteb_version": "1.14.19",
  "scores": {
    "test": [
      {
        "cosine_pearson": 0.3086430089979441,
        "cosine_spearman": 0.3379201393473644,
        "euclidean_pearson": 0.3173573921018844,
        "euclidean_spearman": 0.3249453887548828,
        "hf_subset": "default",
        "languages": [
          "eng-Latn"
        ],
        "main_score": 0.3379201393473644,
        "manhattan_pearson": 0.323769669965587,
        "manhattan_spearman": 0.3269877617798779,
        "pearson": 0.3086430089979441,
        "spearman": 0.3379201393473644
      }
    ]
  },
  "task_name": "STS12"
}