{
  "dataset_revision": "a0d554a64d88156834ff5ae9920b964011b16384",
  "evaluation_time": 4.537651062011719,
  "kg_co2_emissions": null,
  "mteb_version": "1.14.19",
  "scores": {
    "test": [
      {
        "cosine_pearson": 0.42125456058350086,
        "cosine_spearman": 0.4597678650775837,
        "euclidean_pearson": 0.4452739098458638,
        "euclidean_spearman": 0.4224594883245879,
        "hf_subset": "default",
        "languages": [
          "eng-Latn"
        ],
        "main_score": 0.4597678650775837,
        "manhattan_pearson": 0.4483647731827597,
        "manhattan_spearman": 0.42305971258826974,
        "pearson": 0.42125456058350086,
        "spearman": 0.4597678650775837
      }
    ]
  },
  "task_name": "STS12"
}