{
  "dataset_revision": "ae752c7c21bf194d8b67fd573edf7ae58183cbe3",
  "evaluation_time": 4.64557671546936,
  "kg_co2_emissions": null,
  "mteb_version": "1.14.19",
  "scores": {
    "test": [
      {
        "cosine_pearson": 0.5869839755328237,
        "cosine_spearman": 0.6024117322838921,
        "euclidean_pearson": 0.5680029010719763,
        "euclidean_spearman": 0.5717721758126568,
        "hf_subset": "default",
        "languages": [
          "eng-Latn"
        ],
        "main_score": 0.6024117322838921,
        "manhattan_pearson": 0.5673949770185222,
        "manhattan_spearman": 0.5713316393144348,
        "pearson": 0.5869839755328237,
        "spearman": 0.6024117322838921
      }
    ]
  },
  "task_name": "STS15"
}