{
  "dataset_revision": "7e90230a92c190f1bf69ae9002b8cea547a64cca",
  "evaluation_time": 3.643115997314453,
  "kg_co2_emissions": null,
  "mteb_version": "1.14.19",
  "scores": {
    "test": [
      {
        "cosine_pearson": 0.4029963396005136,
        "cosine_spearman": 0.38640213435376347,
        "euclidean_pearson": 0.48910725987201087,
        "euclidean_spearman": 0.4997444849412849,
        "hf_subset": "default",
        "languages": [
          "eng-Latn"
        ],
        "main_score": 0.38640213435376347,
        "manhattan_pearson": 0.5124212619509669,
        "manhattan_spearman": 0.5120440813773641,
        "pearson": 0.4029963396005136,
        "spearman": 0.38640213435376347
      }
    ]
  },
  "task_name": "STS13"
}