{
  "dataset_revision": "d3c5e1fc0b855ab6097bf1cda04dd73947d7caab",
  "evaluation_time": 104.94983100891113,
  "kg_co2_emissions": null,
  "mteb_version": "1.14.20",
  "scores": {
    "test": [
      {
        "hf_subset": "default",
        "languages": [
          "eng-Latn"
        ],
        "main_score": 0.42373361917284363,
        "map": 0.42373361917284363,
        "mrr": 0.6334205192048329,
        "nAUC_map_diff1": 0.19576935965412615,
        "nAUC_map_max": 0.2980494227204129,
        "nAUC_map_std": 0.30400290478681086,
        "nAUC_mrr_diff1": 0.2771285919639853,
        "nAUC_mrr_max": 0.34460189380114337,
        "nAUC_mrr_std": 0.24871826223913895
      }
    ]
  },
  "task_name": "SciDocsRR"
}