{
  "dataset_revision": "2000358ca161889fa9c082cb41daa8dcfb161a54",
  "evaluation_time": 9.710836172103882,
  "kg_co2_emissions": null,
  "mteb_version": "1.14.20",
  "scores": {
    "test": [
      {
        "hf_subset": "default",
        "languages": [
          "eng-Latn"
        ],
        "main_score": 0.4793431698538224,
        "map": 0.4793431698538224,
        "mrr": 0.6127621685793431,
        "nAUC_map_diff1": 0.08785912605801968,
        "nAUC_map_max": 0.15459772596894505,
        "nAUC_map_std": 0.045989374203576815,
        "nAUC_mrr_diff1": 0.11074789555798542,
        "nAUC_mrr_max": 0.1846141612581061,
        "nAUC_mrr_std": 0.031693544651107484
      }
    ]
  },
  "task_name": "AskUbuntuDupQuestions"
}