{
  "dataset_revision": "d3fb88f8f02e40887cd149695127462bbcf29b4a",
  "evaluation_time": 2.2145676612854004,
  "kg_co2_emissions": null,
  "mteb_version": "1.14.20",
  "scores": {
    "test": [
      {
        "cosine_pearson": 0.7121721531567436,
        "cosine_spearman": 0.6906663397107211,
        "euclidean_pearson": 0.6954894568967789,
        "euclidean_spearman": 0.6866301031640201,
        "hf_subset": "default",
        "languages": [
          "eng-Latn"
        ],
        "main_score": 0.6906663397107211,
        "manhattan_pearson": 0.6969860737748557,
        "manhattan_spearman": 0.6883530339884327,
        "pearson": 0.7121721531567436,
        "spearman": 0.6906663397107211
      }
    ]
  },
  "task_name": "BIOSSES"
}