{
  "dataset_revision": "4d8694f8f0e0100860b497b999b3dbed754a0513",
  "evaluation_time": 9.06556248664856,
  "kg_co2_emissions": null,
  "mteb_version": "1.14.20",
  "scores": {
    "test": [
      {
        "cosine_pearson": 0.5492955089641681,
        "cosine_spearman": 0.548988550543222,
        "euclidean_pearson": 0.5387971309925812,
        "euclidean_spearman": 0.5310482699347822,
        "hf_subset": "default",
        "languages": [
          "eng-Latn"
        ],
        "main_score": 0.548988550543222,
        "manhattan_pearson": 0.5384285543747851,
        "manhattan_spearman": 0.5310196080657329,
        "pearson": 0.5492955089641681,
        "spearman": 0.548988550543222
      }
    ]
  },
  "task_name": "STS16"
}