{
  "dataset_revision": "70970daeab8776df92f5ea462b6173c0b46fd2d1",
  "evaluation_time": 13.783174514770508,
  "kg_co2_emissions": null,
  "mteb_version": "1.14.20",
  "scores": {
    "test": [
      {
        "cosine_accuracy": 0.797699231090183,
        "cosine_accuracy_threshold": 0.7943204641342163,
        "cosine_ap": 0.4764006616827899,
        "cosine_f1": 0.478594462359613,
        "cosine_f1_threshold": 0.6998805403709412,
        "cosine_precision": 0.4136075341149337,
        "cosine_recall": 0.5678100263852243,
        "dot_accuracy": 0.7799964236752697,
        "dot_accuracy_threshold": 621.5050048828125,
        "dot_ap": 0.36118645680663913,
        "dot_f1": 0.4021809444598466,
        "dot_f1_threshold": 452.27630615234375,
        "dot_precision": 0.30948655952211634,
        "dot_recall": 0.5741424802110818,
        "euclidean_accuracy": 0.7974012040293259,
        "euclidean_accuracy_threshold": 16.49541473388672,
        "euclidean_ap": 0.4754502370675783,
        "euclidean_f1": 0.4734187854591301,
        "euclidean_f1_threshold": 20.321983337402344,
        "euclidean_precision": 0.3933310055865922,
        "euclidean_recall": 0.5944591029023747,
        "hf_subset": "default",
        "languages": [
          "eng-Latn"
        ],
        "main_score": 0.4764006616827899,
        "manhattan_accuracy": 0.7979376527388687,
        "manhattan_accuracy_threshold": 420.830322265625,
        "manhattan_ap": 0.4758043290935612,
        "manhattan_f1": 0.47338489535941763,
        "manhattan_f1_threshold": 507.6142578125,
        "manhattan_precision": 0.41603358656537387,
        "manhattan_recall": 0.5490765171503957,
        "max_accuracy": 0.7979376527388687,
        "max_ap": 0.4764006616827899,
        "max_f1": 0.478594462359613,
        "max_precision": 0.41603358656537387,
        "max_recall": 0.5944591029023747,
        "similarity_accuracy": 0.797699231090183,
        "similarity_accuracy_threshold": 0.7943204641342163,
        "similarity_ap": 0.4764006616827899,
        "similarity_f1": 0.478594462359613,
        "similarity_f1_threshold": 0.6998805403709412,
        "similarity_precision": 0.4136075341149337,
        "similarity_recall": 0.5678100263852243
      }
    ]
  },
  "task_name": "TwitterSemEval2015"
}