{
  "dataset_revision": "2000358ca161889fa9c082cb41daa8dcfb161a54",
  "evaluation_time": 7.063701629638672,
  "kg_co2_emissions": null,
  "mteb_version": "1.14.20",
  "scores": {
    "test": [
      {
        "hf_subset": "default",
        "languages": [
          "eng-Latn"
        ],
        "main_score": 0.4849550046423652,
        "map": 0.4849550046423652,
        "mrr": 0.6060721980389571,
        "nAUC_map_diff1": 0.0716811667275115,
        "nAUC_map_max": 0.17181839699779408,
        "nAUC_map_std": 0.07383334240687923,
        "nAUC_mrr_diff1": 0.1484349491180915,
        "nAUC_mrr_max": 0.21253989877338206,
        "nAUC_mrr_std": 0.09715261594916974
      }
    ]
  },
  "task_name": "AskUbuntuDupQuestions"
}