{
  "dataset_revision": "20a6d6f312dd54037fe07a32d58e5e168867909d",
  "evaluation_time": 13.179619550704956,
  "kg_co2_emissions": null,
  "mteb_version": "1.14.20",
  "scores": {
    "test": [
      {
        "cosine_pearson": 0.5862753029171938,
        "cosine_spearman": 0.5483165609661563,
        "euclidean_pearson": 0.5578277330243031,
        "euclidean_spearman": 0.5383361351677899,
        "hf_subset": "default",
        "languages": [
          "eng-Latn"
        ],
        "main_score": 0.5483165609661563,
        "manhattan_pearson": 0.5576689218893117,
        "manhattan_spearman": 0.5383368745378092,
        "pearson": 0.5862753029171938,
        "spearman": 0.5483165609661563
      }
    ]
  },
  "task_name": "SICK-R"
}