{
  "dataset_revision": "20a6d6f312dd54037fe07a32d58e5e168867909d",
  "evaluation_time": 28.37882900238037,
  "kg_co2_emissions": null,
  "mteb_version": "1.14.19",
  "scores": {
    "test": [
      {
        "cosine_pearson": 0.5869107077177512,
        "cosine_spearman": 0.5275110796485584,
        "euclidean_pearson": 0.5558376393779312,
        "euclidean_spearman": 0.5218758376334783,
        "hf_subset": "default",
        "languages": [
          "eng-Latn"
        ],
        "main_score": 0.5275110796485584,
        "manhattan_pearson": 0.5768032647333944,
        "manhattan_spearman": 0.5487825737185901,
        "pearson": 0.5869107077177512,
        "spearman": 0.5275110796485584
      }
    ]
  },
  "task_name": "SICK-R"
}