{
  "dataset_revision": "20a6d6f312dd54037fe07a32d58e5e168867909d",
  "evaluation_time": 40.16721796989441,
  "kg_co2_emissions": null,
  "mteb_version": "1.14.21",
  "scores": {
    "test": [
      {
        "cosine_pearson": 0.6293036004318012,
        "cosine_spearman": 0.5892100049386554,
        "euclidean_pearson": 0.5919530778162104,
        "euclidean_spearman": 0.5823204368735916,
        "hf_subset": "default",
        "languages": [
          "eng-Latn"
        ],
        "main_score": 0.5892100049386554,
        "manhattan_pearson": 0.5960817230693954,
        "manhattan_spearman": 0.5864367856528833,
        "pearson": 0.6293036004318012,
        "spearman": 0.5892100049386554
      }
    ]
  },
  "task_name": "SICK-R"
}