{
  "dataset_revision": "a0d554a64d88156834ff5ae9920b964011b16384",
  "evaluation_time": 29.07935619354248,
  "kg_co2_emissions": null,
  "mteb_version": "1.14.21",
  "scores": {
    "test": [
      {
        "cosine_pearson": 0.42244815301303285,
        "cosine_spearman": 0.39784983180085914,
        "euclidean_pearson": 0.4157012054105772,
        "euclidean_spearman": 0.38454945083799086,
        "hf_subset": "default",
        "languages": [
          "eng-Latn"
        ],
        "main_score": 0.39784983180085914,
        "manhattan_pearson": 0.42025035823595025,
        "manhattan_spearman": 0.3858229160690231,
        "pearson": 0.42244815301303285,
        "spearman": 0.39784983180085914
      }
    ]
  },
  "task_name": "STS12"
}