{
  "dataset_revision": "d3c5e1fc0b855ab6097bf1cda04dd73947d7caab",
  "evaluation_time": 40.74418520927429,
  "kg_co2_emissions": null,
  "mteb_version": "1.14.20",
  "scores": {
    "test": [
      {
        "hf_subset": "default",
        "languages": [
          "eng-Latn"
        ],
        "main_score": 0.5405357566635062,
        "map": 0.5405357566635062,
        "mrr": 0.7776949811263536,
        "nAUC_map_diff1": 0.18262531041339566,
        "nAUC_map_max": 0.46214251258424865,
        "nAUC_map_std": 0.44793977133247365,
        "nAUC_mrr_diff1": 0.3968035047806995,
        "nAUC_mrr_max": 0.5423834332564524,
        "nAUC_mrr_std": 0.43769027585222664
      }
    ]
  },
  "task_name": "SciDocsRR"
}