{
  "dataset_revision": "20a6d6f312dd54037fe07a32d58e5e168867909d",
  "evaluation_time": 11.908895492553711,
  "kg_co2_emissions": null,
  "mteb_version": "1.14.20",
  "scores": {
    "test": [
      {
        "cosine_pearson": 0.5454929623098264,
        "cosine_spearman": 0.5010964538839189,
        "euclidean_pearson": 0.5203548416394032,
        "euclidean_spearman": 0.4946311659294835,
        "hf_subset": "default",
        "languages": [
          "eng-Latn"
        ],
        "main_score": 0.5010964538839189,
        "manhattan_pearson": 0.5198596408721586,
        "manhattan_spearman": 0.4942994667253745,
        "pearson": 0.5454929623098264,
        "spearman": 0.5010964538839189
      }
    ]
  },
  "task_name": "SICK-R"
}