{
  "dataset_revision": "e185fbe320c72810689fc5848eb6114e1ef5ec69",
  "evaluation_time": 29.480708837509155,
  "kg_co2_emissions": null,
  "mteb_version": "1.14.20",
  "scores": {
    "test": [
      {
        "hf_subset": "default",
        "languages": [
          "eng-Latn"
        ],
        "main_score": 0.34990852230872405,
        "map": 0.34990852230872405,
        "mrr": 0.34492535650623884,
        "nAUC_map_diff1": 0.27428525933828307,
        "nAUC_map_max": 0.2255796168676089,
        "nAUC_map_std": 0.11244656874174416,
        "nAUC_mrr_diff1": 0.27071908240399334,
        "nAUC_mrr_max": 0.23581508307403665,
        "nAUC_mrr_std": 0.11537444593732614
      }
    ]
  },
  "task_name": "StackOverflowDupQuestions"
}