{
  "dataset_revision": "a0d554a64d88156834ff5ae9920b964011b16384",
  "evaluation_time": 5.895354747772217,
  "kg_co2_emissions": null,
  "mteb_version": "1.14.20",
  "scores": {
    "test": [
      {
        "cosine_pearson": 0.319618355503046,
        "cosine_spearman": 0.36034208042712157,
        "euclidean_pearson": 0.35280690837982775,
        "euclidean_spearman": 0.35902635396031024,
        "hf_subset": "default",
        "languages": [
          "eng-Latn"
        ],
        "main_score": 0.36034208042712157,
        "manhattan_pearson": 0.3529570920769669,
        "manhattan_spearman": 0.35961135315114745,
        "pearson": 0.319618355503046,
        "spearman": 0.36034208042712157
      }
    ]
  },
  "task_name": "STS12"
}