{
  "dataset_revision": "d3fb88f8f02e40887cd149695127462bbcf29b4a",
  "evaluation_time": 2.3274755477905273,
  "kg_co2_emissions": null,
  "mteb_version": "1.14.20",
  "scores": {
    "test": [
      {
        "cosine_pearson": 0.6460033818519241,
        "cosine_spearman": 0.6489063520364946,
        "euclidean_pearson": 0.6341199709959059,
        "euclidean_spearman": 0.6348096452912999,
        "hf_subset": "default",
        "languages": [
          "eng-Latn"
        ],
        "main_score": 0.6489063520364946,
        "manhattan_pearson": 0.6328534930985876,
        "manhattan_spearman": 0.6282432306108459,
        "pearson": 0.6460033818519241,
        "spearman": 0.6489063520364946
      }
    ]
  },
  "task_name": "BIOSSES"
}