{
  "dataset_revision": "d3c5e1fc0b855ab6097bf1cda04dd73947d7caab",
  "evaluation_time": 116.97668385505676,
  "kg_co2_emissions": null,
  "mteb_version": "1.14.20",
  "scores": {
    "test": [
      {
        "hf_subset": "default",
        "languages": [
          "eng-Latn"
        ],
        "main_score": 0.5920864787003182,
        "map": 0.5920864787003182,
        "mrr": 0.814299879495958,
        "nAUC_map_diff1": 0.16200770193927566,
        "nAUC_map_max": 0.37689132889941535,
        "nAUC_map_std": 0.37969842023421974,
        "nAUC_mrr_diff1": 0.3621864846411706,
        "nAUC_mrr_max": 0.5045192013368536,
        "nAUC_mrr_std": 0.36115238695727986
      }
    ]
  },
  "task_name": "SciDocsRR"
}