{
  "dataset_revision": "7e90230a92c190f1bf69ae9002b8cea547a64cca",
  "evaluation_time": 8.2200927734375,
  "kg_co2_emissions": null,
  "mteb_version": "1.14.20",
  "scores": {
    "test": [
      {
        "cosine_pearson": 0.5258344720796551,
        "cosine_spearman": 0.531017713718806,
        "euclidean_pearson": 0.5275879661614121,
        "euclidean_spearman": 0.5286803282857417,
        "hf_subset": "default",
        "languages": [
          "eng-Latn"
        ],
        "main_score": 0.531017713718806,
        "manhattan_pearson": 0.5305955075733098,
        "manhattan_spearman": 0.5311477074613594,
        "pearson": 0.5258344720796551,
        "spearman": 0.531017713718806
      }
    ]
  },
  "task_name": "STS13"
}