{
  "dataset_revision": "d3fb88f8f02e40887cd149695127462bbcf29b4a",
  "evaluation_time": 3.0906219482421875,
  "kg_co2_emissions": null,
  "mteb_version": "1.14.20",
  "scores": {
    "test": [
      {
        "cosine_pearson": 0.6134401670490551,
        "cosine_spearman": 0.6068511769133303,
        "euclidean_pearson": 0.6015627513638838,
        "euclidean_spearman": 0.5926159127941443,
        "hf_subset": "default",
        "languages": [
          "eng-Latn"
        ],
        "main_score": 0.6068511769133303,
        "manhattan_pearson": 0.6090952871030141,
        "manhattan_spearman": 0.6011221307104755,
        "pearson": 0.6134401670490551,
        "spearman": 0.6068511769133303
      }
    ]
  },
  "task_name": "BIOSSES"
}