{
  "dataset_revision": "d3c5e1fc0b855ab6097bf1cda04dd73947d7caab",
  "evaluation_time": 95.89337086677551,
  "kg_co2_emissions": null,
  "mteb_version": "1.14.20",
  "scores": {
    "test": [
      {
        "hf_subset": "default",
        "languages": [
          "eng-Latn"
        ],
        "main_score": 0.4833815821400404,
        "map": 0.4833815821400404,
        "mrr": 0.7196981214138076,
        "nAUC_map_diff1": 0.1893997753585169,
        "nAUC_map_max": 0.31365067166814276,
        "nAUC_map_std": 0.25220977500912056,
        "nAUC_mrr_diff1": 0.34889012264143143,
        "nAUC_mrr_max": 0.3835716002520802,
        "nAUC_mrr_std": 0.22060435814785717
      }
    ]
  },
  "task_name": "SciDocsRR"
}