{
  "dataset_revision": "a0d554a64d88156834ff5ae9920b964011b16384",
  "evaluation_time": 10.491399049758911,
  "kg_co2_emissions": null,
  "mteb_version": "1.14.20",
  "scores": {
    "test": [
      {
        "cosine_pearson": 0.33013442605187754,
        "cosine_spearman": 0.35610927248952245,
        "euclidean_pearson": 0.31997704172646285,
        "euclidean_spearman": 0.3321776293508647,
        "hf_subset": "default",
        "languages": [
          "eng-Latn"
        ],
        "main_score": 0.35610927248952245,
        "manhattan_pearson": 0.3211235851437378,
        "manhattan_spearman": 0.33230996750524194,
        "pearson": 0.33013442605187754,
        "spearman": 0.35610927248952245
      }
    ]
  },
  "task_name": "STS12"
}