{
  "dataset_revision": "2000358ca161889fa9c082cb41daa8dcfb161a54",
  "evaluation_time": 9.594902515411377,
  "kg_co2_emissions": null,
  "mteb_version": "1.14.20",
  "scores": {
    "test": [
      {
        "hf_subset": "default",
        "languages": [
          "eng-Latn"
        ],
        "main_score": 0.4837809640586745,
        "map": 0.4837809640586745,
        "mrr": 0.6018566152222662,
        "nAUC_map_diff1": 0.07842932371263713,
        "nAUC_map_max": 0.2283005644221883,
        "nAUC_map_std": 0.1069060339970223,
        "nAUC_mrr_diff1": 0.16085724585296948,
        "nAUC_mrr_max": 0.2721495940431457,
        "nAUC_mrr_std": 0.12628335852582748
      }
    ]
  },
  "task_name": "AskUbuntuDupQuestions"
}