{
  "dataset_revision": "d3fb88f8f02e40887cd149695127462bbcf29b4a",
  "evaluation_time": 2.290090560913086,
  "kg_co2_emissions": null,
  "mteb_version": "1.14.20",
  "scores": {
    "test": [
      {
        "cosine_pearson": 0.7638694409001403,
        "cosine_spearman": 0.7447398609692116,
        "euclidean_pearson": 0.7375310839694087,
        "euclidean_spearman": 0.7445049158567919,
        "hf_subset": "default",
        "languages": [
          "eng-Latn"
        ],
        "main_score": 0.7447398609692116,
        "manhattan_pearson": 0.7444839321726854,
        "manhattan_spearman": 0.7516677296687733,
        "pearson": 0.7638694409001403,
        "spearman": 0.7447398609692116
      }
    ]
  },
  "task_name": "BIOSSES"
}