{
  "dataset_revision": "4d8694f8f0e0100860b497b999b3dbed754a0513",
  "evaluation_time": 9.028553009033203,
  "kg_co2_emissions": null,
  "mteb_version": "1.14.20",
  "scores": {
    "test": [
      {
        "cosine_pearson": 0.5816290446174716,
        "cosine_spearman": 0.586048007988716,
        "euclidean_pearson": 0.5710297848114855,
        "euclidean_spearman": 0.5657360707503694,
        "hf_subset": "default",
        "languages": [
          "eng-Latn"
        ],
        "main_score": 0.586048007988716,
        "manhattan_pearson": 0.5713893486149245,
        "manhattan_spearman": 0.5660518511413837,
        "pearson": 0.5816290446174716,
        "spearman": 0.586048007988716
      }
    ]
  },
  "task_name": "STS16"
}