{
  "dataset_revision": "2000358ca161889fa9c082cb41daa8dcfb161a54",
  "evaluation_time": 8.27275562286377,
  "kg_co2_emissions": null,
  "mteb_version": "1.14.20",
  "scores": {
    "test": [
      {
        "hf_subset": "default",
        "languages": [
          "eng-Latn"
        ],
        "main_score": 0.43688744577537647,
        "map": 0.43688744577537647,
        "mrr": 0.5501637866596315,
        "nAUC_map_diff1": 0.1599012970786737,
        "nAUC_map_max": 0.1990090542534021,
        "nAUC_map_std": 0.0731856814975414,
        "nAUC_mrr_diff1": 0.16706373585918544,
        "nAUC_mrr_max": 0.21723526554048567,
        "nAUC_mrr_std": 0.08244751433875927
      }
    ]
  },
  "task_name": "AskUbuntuDupQuestions"
}