{
  "dataset_revision": "d3fb88f8f02e40887cd149695127462bbcf29b4a",
  "evaluation_time": 2.0660042762756348,
  "kg_co2_emissions": null,
  "mteb_version": "1.14.20",
  "scores": {
    "test": [
      {
        "cosine_pearson": 0.052559012741784435,
        "cosine_spearman": 0.08036327691491366,
        "euclidean_pearson": 0.03923520241376262,
        "euclidean_spearman": 0.08107413648582518,
        "hf_subset": "default",
        "languages": [
          "eng-Latn"
        ],
        "main_score": 0.08036327691491366,
        "manhattan_pearson": 0.03912361557855727,
        "manhattan_spearman": 0.08249585562764825,
        "pearson": 0.052559012741784435,
        "spearman": 0.08036327691491366
      }
    ]
  },
  "task_name": "BIOSSES"
}