{
  "dataset_revision": "7e90230a92c190f1bf69ae9002b8cea547a64cca",
  "evaluation_time": 8.17528223991394,
  "kg_co2_emissions": null,
  "mteb_version": "1.14.20",
  "scores": {
    "test": [
      {
        "cosine_pearson": 0.20064179568197602,
        "cosine_spearman": 0.24363625768541408,
        "euclidean_pearson": 0.21745091155531446,
        "euclidean_spearman": 0.2381173138012583,
        "hf_subset": "default",
        "languages": [
          "eng-Latn"
        ],
        "main_score": 0.24363625768541408,
        "manhattan_pearson": 0.21753663573399135,
        "manhattan_spearman": 0.23858513076637997,
        "pearson": 0.20064179568197602,
        "spearman": 0.24363625768541408
      }
    ]
  },
  "task_name": "STS13"
}