{
  "dataset_revision": "d3fb88f8f02e40887cd149695127462bbcf29b4a",
  "evaluation_time": 26.205442667007446,
  "kg_co2_emissions": null,
  "mteb_version": "1.14.21",
  "scores": {
    "test": [
      {
        "cosine_pearson": 0.8529321858180349,
        "cosine_spearman": 0.8184825051008052,
        "euclidean_pearson": 0.8216101062403083,
        "euclidean_spearman": 0.8044701376267357,
        "hf_subset": "default",
        "languages": [
          "eng-Latn"
        ],
        "main_score": 0.8184825051008052,
        "manhattan_pearson": 0.8249312959133523,
        "manhattan_spearman": 0.8079943143130344,
        "pearson": 0.8529321858180349,
        "spearman": 0.8184825051008052
      }
    ]
  },
  "task_name": "BIOSSES"
}