{
  "dataset_revision": "d3fb88f8f02e40887cd149695127462bbcf29b4a",
  "evaluation_time": 2.8672521114349365,
  "kg_co2_emissions": null,
  "mteb_version": "1.14.20",
  "scores": {
    "test": [
      {
        "cosine_pearson": 0.5839629248836842,
        "cosine_spearman": 0.6140682088281779,
        "euclidean_pearson": 0.5682950654721673,
        "euclidean_spearman": 0.5873447083488258,
        "hf_subset": "default",
        "languages": [
          "eng-Latn"
        ],
        "main_score": 0.6140682088281779,
        "manhattan_pearson": 0.614751576262546,
        "manhattan_spearman": 0.6150923285489825,
        "pearson": 0.5839629248836842,
        "spearman": 0.6140682088281779
      }
    ]
  },
  "task_name": "BIOSSES"
}