{
  "dataset_revision": "ae752c7c21bf194d8b67fd573edf7ae58183cbe3",
  "evaluation_time": 29.689600706100464,
  "kg_co2_emissions": null,
  "mteb_version": "1.14.20",
  "scores": {
    "test": [
      {
        "cosine_pearson": 0.5353641808126475,
        "cosine_spearman": 0.571846458462794,
        "euclidean_pearson": 0.5280508834241519,
        "euclidean_spearman": 0.5407669125595637,
        "hf_subset": "default",
        "languages": [
          "eng-Latn"
        ],
        "main_score": 0.571846458462794,
        "manhattan_pearson": 0.5530289689760682,
        "manhattan_spearman": 0.5650476835354185,
        "pearson": 0.5353641808126475,
        "spearman": 0.571846458462794
      }
    ]
  },
  "task_name": "STS15"
}