{
  "dataset_revision": "2000358ca161889fa9c082cb41daa8dcfb161a54",
  "evaluation_time": 9.152661323547363,
  "kg_co2_emissions": null,
  "mteb_version": "1.14.20",
  "scores": {
    "test": [
      {
        "hf_subset": "default",
        "languages": [
          "eng-Latn"
        ],
        "main_score": 0.48686580023749376,
        "map": 0.48686580023749376,
        "mrr": 0.61456382183529,
        "nAUC_map_diff1": 0.14190180203123773,
        "nAUC_map_max": 0.20567178226504004,
        "nAUC_map_std": 0.08109814871515997,
        "nAUC_mrr_diff1": 0.16989333196980944,
        "nAUC_mrr_max": 0.23340730457469458,
        "nAUC_mrr_std": 0.08034694131139786
      }
    ]
  },
  "task_name": "AskUbuntuDupQuestions"
}