{
  "dataset_revision": "6031580fec1f6af667f0bd2da0a551cf4f0b2375",
  "evaluation_time": 12.466901302337646,
  "kg_co2_emissions": null,
  "mteb_version": "1.14.20",
  "scores": {
    "test": [
      {
        "cosine_pearson": 0.5159295888779695,
        "cosine_spearman": 0.4863391533242112,
        "euclidean_pearson": 0.5123548182441099,
        "euclidean_spearman": 0.4938213826992607,
        "hf_subset": "default",
        "languages": [
          "eng-Latn"
        ],
        "main_score": 0.4863391533242112,
        "manhattan_pearson": 0.5151598968248273,
        "manhattan_spearman": 0.49653084130835595,
        "pearson": 0.5159295888779695,
        "spearman": 0.4863391533242112
      }
    ]
  },
  "task_name": "STS14"
}