{
  "dataset_revision": "d3fb88f8f02e40887cd149695127462bbcf29b4a",
  "evaluation_time": 2.1587727069854736,
  "kg_co2_emissions": null,
  "mteb_version": "1.14.20",
  "scores": {
    "test": [
      {
        "cosine_pearson": 0.7338998256832946,
        "cosine_spearman": 0.7142150690555785,
        "euclidean_pearson": 0.7164336751591629,
        "euclidean_spearman": 0.7051245004750235,
        "hf_subset": "default",
        "languages": [
          "eng-Latn"
        ],
        "main_score": 0.7142150690555785,
        "manhattan_pearson": 0.7175754287655051,
        "manhattan_spearman": 0.7048172645587821,
        "pearson": 0.7338998256832946,
        "spearman": 0.7142150690555785
      }
    ]
  },
  "task_name": "BIOSSES"
}