{
  "dataset_revision": "d3c5e1fc0b855ab6097bf1cda04dd73947d7caab",
  "evaluation_time": 113.55013370513916,
  "kg_co2_emissions": null,
  "mteb_version": "1.14.20",
  "scores": {
    "test": [
      {
        "hf_subset": "default",
        "languages": [
          "eng-Latn"
        ],
        "main_score": 0.5716065948854786,
        "map": 0.5716065948854786,
        "mrr": 0.7966279816770012,
        "nAUC_map_diff1": 0.1761997128122322,
        "nAUC_map_max": 0.3944620485335038,
        "nAUC_map_std": 0.37946996462233934,
        "nAUC_mrr_diff1": 0.35319834135588457,
        "nAUC_mrr_max": 0.4978030848452803,
        "nAUC_mrr_std": 0.3635723866936749
      }
    ]
  },
  "task_name": "SciDocsRR"
}