{
  "dataset_revision": "2000358ca161889fa9c082cb41daa8dcfb161a54",
  "evaluation_time": 69.99324369430542,
  "kg_co2_emissions": null,
  "mteb_version": "1.14.21",
  "scores": {
    "test": [
      {
        "hf_subset": "default",
        "languages": [
          "eng-Latn"
        ],
        "main_score": 0.5204636748778724,
        "map": 0.5204636748778724,
        "mrr": 0.662622565184892,
        "nAUC_map_diff1": 0.06253425265253305,
        "nAUC_map_max": 0.21371475294860864,
        "nAUC_map_std": 0.14269156293657312,
        "nAUC_mrr_diff1": 0.06410825793911265,
        "nAUC_mrr_max": 0.23640589250985755,
        "nAUC_mrr_std": 0.11516650762874338
      }
    ]
  },
  "task_name": "AskUbuntuDupQuestions"
}