{
  "dataset_revision": "e185fbe320c72810689fc5848eb6114e1ef5ec69",
  "evaluation_time": 767.4233868122101,
  "kg_co2_emissions": null,
  "mteb_version": "1.14.21",
  "scores": {
    "test": [
      {
        "hf_subset": "default",
        "languages": [
          "eng-Latn"
        ],
        "main_score": 0.44605383989291,
        "map": 0.44605383989291,
        "mrr": 0.45034085603938545,
        "nAUC_map_diff1": 0.3180359046272169,
        "nAUC_map_max": 0.15276794313797998,
        "nAUC_map_std": 0.0675298043029271,
        "nAUC_mrr_diff1": 0.32120795766903115,
        "nAUC_mrr_max": 0.16375222799151637,
        "nAUC_mrr_std": 0.07402338816444869
      }
    ]
  },
  "task_name": "StackOverflowDupQuestions"
}