{
  "dataset_revision": "6031580fec1f6af667f0bd2da0a551cf4f0b2375",
  "evaluation_time": 109.40325546264648,
  "kg_co2_emissions": null,
  "mteb_version": "1.14.21",
  "scores": {
    "test": [
      {
        "cosine_pearson": 0.6488977361777577,
        "cosine_spearman": 0.6167403917811636,
        "euclidean_pearson": 0.6482036390248012,
        "euclidean_spearman": 0.6178035332290731,
        "hf_subset": "default",
        "languages": [
          "eng-Latn"
        ],
        "main_score": 0.6167403917811636,
        "manhattan_pearson": 0.6529802703192586,
        "manhattan_spearman": 0.622652194797334,
        "pearson": 0.6488977361777577,
        "spearman": 0.6167403917811636
      }
    ]
  },
  "task_name": "STS14"
}