{
  "dataset_revision": "e185fbe320c72810689fc5848eb6114e1ef5ec69",
  "evaluation_time": 73.37073183059692,
  "kg_co2_emissions": null,
  "mteb_version": "1.14.20",
  "scores": {
    "test": [
      {
        "hf_subset": "default",
        "languages": [
          "eng-Latn"
        ],
        "main_score": 0.3202585738298738,
        "map": 0.3202585738298738,
        "mrr": 0.31442577030812324,
        "nAUC_map_diff1": 0.24594403282985824,
        "nAUC_map_max": 0.22230823021596585,
        "nAUC_map_std": 0.1215674961901893,
        "nAUC_mrr_diff1": 0.2397625959735753,
        "nAUC_mrr_max": 0.2252223075172744,
        "nAUC_mrr_std": 0.12609316495285336
      }
    ]
  },
  "task_name": "StackOverflowDupQuestions"
}