{
  "dataset_revision": "d3c5e1fc0b855ab6097bf1cda04dd73947d7caab",
  "evaluation_time": 223.55592823028564,
  "kg_co2_emissions": null,
  "mteb_version": "1.14.20",
  "scores": {
    "test": [
      {
        "hf_subset": "default",
        "languages": [
          "eng-Latn"
        ],
        "main_score": 0.5258486509800648,
        "map": 0.5258486509800648,
        "mrr": 0.7625277318904771,
        "nAUC_map_diff1": 0.14097356283733942,
        "nAUC_map_max": 0.41890615781425455,
        "nAUC_map_std": 0.31471368300663993,
        "nAUC_mrr_diff1": 0.32741986632594333,
        "nAUC_mrr_max": 0.4967512076995893,
        "nAUC_mrr_std": 0.25283211057616156
      }
    ]
  },
  "task_name": "SciDocsRR"
}