{
  "dataset_revision": "ae752c7c21bf194d8b67fd573edf7ae58183cbe3",
  "evaluation_time": 30.7038471698761,
  "kg_co2_emissions": null,
  "mteb_version": "1.14.20",
  "scores": {
    "test": [
      {
        "cosine_pearson": 0.5546605624113183,
        "cosine_spearman": 0.5833922790604315,
        "euclidean_pearson": 0.5720795853154144,
        "euclidean_spearman": 0.5818079005970682,
        "hf_subset": "default",
        "languages": [
          "eng-Latn"
        ],
        "main_score": 0.5833922790604315,
        "manhattan_pearson": 0.6179748653707278,
        "manhattan_spearman": 0.6297834242411449,
        "pearson": 0.5546605624113183,
        "spearman": 0.5833922790604315
      }
    ]
  },
  "task_name": "STS15"
}