{
  "dataset_revision": "e185fbe320c72810689fc5848eb6114e1ef5ec69",
  "evaluation_time": 222.04821705818176,
  "kg_co2_emissions": null,
  "mteb_version": "1.14.20",
  "scores": {
    "test": [
      {
        "hf_subset": "default",
        "languages": [
          "eng-Latn"
        ],
        "main_score": 0.31407472511240586,
        "map": 0.31407472511240586,
        "mrr": 0.30828505644682114,
        "nAUC_map_diff1": 0.2350907670405989,
        "nAUC_map_max": 0.2258809423891301,
        "nAUC_map_std": 0.06853875163557459,
        "nAUC_mrr_diff1": 0.22639830724640497,
        "nAUC_mrr_max": 0.22506417144759594,
        "nAUC_mrr_std": 0.06557133120601392
      }
    ]
  },
  "task_name": "StackOverflowDupQuestions"
}