{
  "dataset_revision": "7e90230a92c190f1bf69ae9002b8cea547a64cca",
  "evaluation_time": 6.806819438934326,
  "kg_co2_emissions": null,
  "mteb_version": "1.14.20",
  "scores": {
    "test": [
      {
        "cosine_pearson": 0.20396131470986248,
        "cosine_spearman": 0.24526009555436906,
        "euclidean_pearson": 0.2208358940305264,
        "euclidean_spearman": 0.24059904083246114,
        "hf_subset": "default",
        "languages": [
          "eng-Latn"
        ],
        "main_score": 0.24526009555436906,
        "manhattan_pearson": 0.22113396937314342,
        "manhattan_spearman": 0.2414998861509359,
        "pearson": 0.20396131470986248,
        "spearman": 0.24526009555436906
      }
    ]
  },
  "task_name": "STS13"
}