{
  "dataset_revision": "d3c5e1fc0b855ab6097bf1cda04dd73947d7caab",
  "evaluation_time": 72.8080427646637,
  "kg_co2_emissions": null,
  "mteb_version": "1.14.19",
  "scores": {
    "test": [
      {
        "hf_subset": "default",
        "languages": [
          "eng-Latn"
        ],
        "main_score": 0.35505814720029966,
        "map": 0.35505814720029966,
        "mrr": 0.5673114829977576,
        "nAUC_map_diff1": 0.1070282633840585,
        "nAUC_map_max": 0.061267009742876063,
        "nAUC_map_std": 0.010983815636906097,
        "nAUC_mrr_diff1": 0.17289751340052745,
        "nAUC_mrr_max": 0.10341100776362337,
        "nAUC_mrr_std": 0.020648915716312635
      }
    ]
  },
  "task_name": "SciDocsRR"
}