{
  "dataset_revision": "2000358ca161889fa9c082cb41daa8dcfb161a54",
  "evaluation_time": 7.251408815383911,
  "kg_co2_emissions": null,
  "mteb_version": "1.14.19",
  "scores": {
    "test": [
      {
        "hf_subset": "default",
        "languages": [
          "eng-Latn"
        ],
        "main_score": 0.47893933631173424,
        "map": 0.47893933631173424,
        "mrr": 0.6111693707954096,
        "nAUC_map_diff1": 0.129157541235224,
        "nAUC_map_max": 0.20129840400902593,
        "nAUC_map_std": 0.05324899290303948,
        "nAUC_mrr_diff1": 0.1806213086159615,
        "nAUC_mrr_max": 0.21224015050933792,
        "nAUC_mrr_std": 0.05675727781524606
      }
    ]
  },
  "task_name": "AskUbuntuDupQuestions"
}