{
  "dataset_revision": "d3fb88f8f02e40887cd149695127462bbcf29b4a",
  "evaluation_time": 2.9055874347686768,
  "kg_co2_emissions": null,
  "mteb_version": "1.14.19",
  "scores": {
    "test": [
      {
        "cosine_pearson": 0.5343035296964281,
        "cosine_spearman": 0.5690189895800726,
        "euclidean_pearson": 0.5116285213759392,
        "euclidean_spearman": 0.5236143405465116,
        "hf_subset": "default",
        "languages": [
          "eng-Latn"
        ],
        "main_score": 0.5690189895800726,
        "manhattan_pearson": 0.5390293991827529,
        "manhattan_spearman": 0.545157000085322,
        "pearson": 0.5343035296964281,
        "spearman": 0.5690189895800726
      }
    ]
  },
  "task_name": "BIOSSES"
}