{
  "dataset_revision": "e185fbe320c72810689fc5848eb6114e1ef5ec69",
  "evaluation_time": 27.879817962646484,
  "kg_co2_emissions": null,
  "mteb_version": "1.14.19",
  "scores": {
    "test": [
      {
        "hf_subset": "default",
        "languages": [
          "eng-Latn"
        ],
        "main_score": 0.3638638602064852,
        "map": 0.3638638602064852,
        "mrr": 0.36190900602665305,
        "nAUC_map_diff1": 0.30314132351840084,
        "nAUC_map_max": 0.23307761232602406,
        "nAUC_map_std": 0.07891598139587168,
        "nAUC_mrr_diff1": 0.3034808829178364,
        "nAUC_mrr_max": 0.2443645712626944,
        "nAUC_mrr_std": 0.0868452007309421
      }
    ]
  },
  "task_name": "StackOverflowDupQuestions"
}