{
  "dataset_revision": "d3fb88f8f02e40887cd149695127462bbcf29b4a",
  "evaluation_time": 2.709803581237793,
  "kg_co2_emissions": null,
  "mteb_version": "1.14.20",
  "scores": {
    "test": [
      {
        "cosine_pearson": 0.5590653867932411,
        "cosine_spearman": 0.5954894722460494,
        "euclidean_pearson": 0.5756941991686096,
        "euclidean_spearman": 0.5799409251907727,
        "hf_subset": "default",
        "languages": [
          "eng-Latn"
        ],
        "main_score": 0.5954894722460494,
        "manhattan_pearson": 0.654696296785368,
        "manhattan_spearman": 0.6584306654399787,
        "pearson": 0.5590653867932411,
        "spearman": 0.5954894722460494
      }
    ]
  },
  "task_name": "BIOSSES"
}