{
  "dataset_revision": "59042f120c80e8afa9cdbb224f67076cec0fc9a7",
  "evaluation_time": 162.301819562912,
  "kg_co2_emissions": null,
  "mteb_version": "1.14.20",
  "scores": {
    "test": [
      {
        "hf_subset": "default",
        "languages": [
          "eng-Latn"
        ],
        "main_score": 0.2880843675305732,
        "map": 0.2880843675305732,
        "mrr": 0.29503032381954825,
        "nAUC_map_diff1": 0.22776716309417008,
        "nAUC_map_max": -0.25473750719755045,
        "nAUC_map_std": -0.08312862622853681,
        "nAUC_mrr_diff1": 0.2019349564677261,
        "nAUC_mrr_max": -0.19899435865684706,
        "nAUC_mrr_std": -0.08037240348510868
      }
    ]
  },
  "task_name": "MindSmallReranking"
}