{
  "dataset_revision": "d3c5e1fc0b855ab6097bf1cda04dd73947d7caab",
  "evaluation_time": 148.82162427902222,
  "kg_co2_emissions": null,
  "mteb_version": "1.14.20",
  "scores": {
    "test": [
      {
        "hf_subset": "default",
        "languages": [
          "eng-Latn"
        ],
        "main_score": 0.5795805897231341,
        "map": 0.5795805897231341,
        "mrr": 0.8082102356612161,
        "nAUC_map_diff1": 0.13345577566358124,
        "nAUC_map_max": 0.45346745862776516,
        "nAUC_map_std": 0.3831075281996936,
        "nAUC_mrr_diff1": 0.3596076096747918,
        "nAUC_mrr_max": 0.564929253988997,
        "nAUC_mrr_std": 0.3286084742029195
      }
    ]
  },
  "task_name": "SciDocsRR"
}