{
  "dataset_revision": "b0fddb56ed78048fa8b90373c8a3cfc37b684831",
  "evaluation_time": 9.38419508934021,
  "kg_co2_emissions": null,
  "mteb_version": "1.14.20",
  "scores": {
    "test": [
      {
        "cosine_pearson": 0.4665752751678479,
        "cosine_spearman": 0.4845246369445395,
        "euclidean_pearson": 0.4932113118020749,
        "euclidean_spearman": 0.49380325780643247,
        "hf_subset": "default",
        "languages": [
          "eng-Latn"
        ],
        "main_score": 0.4845246369445395,
        "manhattan_pearson": 0.5354893032321552,
        "manhattan_spearman": 0.5327551659681781,
        "pearson": 0.4665752751678479,
        "spearman": 0.4845246369445395
      }
    ]
  },
  "task_name": "STSBenchmark"
}