{
  "dataset_revision": "20a6d6f312dd54037fe07a32d58e5e168867909d",
  "evaluation_time": 16.37334632873535,
  "kg_co2_emissions": null,
  "mteb_version": "1.14.20",
  "scores": {
    "test": [
      {
        "cosine_pearson": 0.2447800068006675,
        "cosine_spearman": 0.2884370169510871,
        "euclidean_pearson": 0.27289433373600536,
        "euclidean_spearman": 0.28516146419407706,
        "hf_subset": "default",
        "languages": [
          "eng-Latn"
        ],
        "main_score": 0.2884370169510871,
        "manhattan_pearson": 0.2736628486314299,
        "manhattan_spearman": 0.285635908131859,
        "pearson": 0.2447800068006675,
        "spearman": 0.2884370169510871
      }
    ]
  },
  "task_name": "SICK-R"
}