{
  "dataset_revision": "b0fddb56ed78048fa8b90373c8a3cfc37b684831",
  "evaluation_time": 5.270416736602783,
  "kg_co2_emissions": null,
  "mteb_version": "1.14.20",
  "scores": {
    "test": [
      {
        "cosine_pearson": 0.12346592890319094,
        "cosine_spearman": 0.16912980825965188,
        "euclidean_pearson": 0.14487474858036217,
        "euclidean_spearman": 0.16708328077546433,
        "hf_subset": "default",
        "languages": [
          "eng-Latn"
        ],
        "main_score": 0.16912980825965188,
        "manhattan_pearson": 0.1446603060974962,
        "manhattan_spearman": 0.16594335910225128,
        "pearson": 0.12346592890319094,
        "spearman": 0.16912980825965188
      }
    ]
  },
  "task_name": "STSBenchmark"
}