{
  "dataset_revision": "6031580fec1f6af667f0bd2da0a551cf4f0b2375",
  "evaluation_time": 17.333608150482178,
  "kg_co2_emissions": null,
  "mteb_version": "1.14.19",
  "scores": {
    "test": [
      {
        "cosine_pearson": 0.4462748413125956,
        "cosine_spearman": 0.43509686031171557,
        "euclidean_pearson": 0.49772664398934086,
        "euclidean_spearman": 0.4728975464097895,
        "hf_subset": "default",
        "languages": [
          "eng-Latn"
        ],
        "main_score": 0.43509686031171557,
        "manhattan_pearson": 0.5238547171273501,
        "manhattan_spearman": 0.4984895384979126,
        "pearson": 0.4462748413125956,
        "spearman": 0.43509686031171557
      }
    ]
  },
  "task_name": "STS14"
}