{
  "dataset_revision": "2000358ca161889fa9c082cb41daa8dcfb161a54",
  "evaluation_time": 9.914993047714233,
  "kg_co2_emissions": null,
  "mteb_version": "1.14.20",
  "scores": {
    "test": [
      {
        "hf_subset": "default",
        "languages": [
          "eng-Latn"
        ],
        "main_score": 0.4487787329450064,
        "map": 0.4487787329450064,
        "mrr": 0.5723453370267775,
        "nAUC_map_diff1": 0.17893313890956977,
        "nAUC_map_max": 0.1432254307274535,
        "nAUC_map_std": 0.07118993066698329,
        "nAUC_mrr_diff1": 0.24723894663881796,
        "nAUC_mrr_max": 0.1705004383507419,
        "nAUC_mrr_std": 0.08178721886647716
      }
    ]
  },
  "task_name": "AskUbuntuDupQuestions"
}