{
  "dataset_revision": "d3c5e1fc0b855ab6097bf1cda04dd73947d7caab",
  "evaluation_time": 99.53893756866455,
  "kg_co2_emissions": null,
  "mteb_version": "1.14.20",
  "scores": {
    "test": [
      {
        "hf_subset": "default",
        "languages": [
          "eng-Latn"
        ],
        "main_score": 0.4218817015723964,
        "map": 0.4218817015723964,
        "mrr": 0.6333477978085821,
        "nAUC_map_diff1": 0.1949316326192283,
        "nAUC_map_max": 0.2864167260619569,
        "nAUC_map_std": 0.2988116200543464,
        "nAUC_mrr_diff1": 0.2752264941268378,
        "nAUC_mrr_max": 0.3317350852570531,
        "nAUC_mrr_std": 0.23504668316335287
      }
    ]
  },
  "task_name": "SciDocsRR"
}