{
  "dataset_revision": "20a6d6f312dd54037fe07a32d58e5e168867909d",
  "evaluation_time": 15.683793544769287,
  "kg_co2_emissions": null,
  "mteb_version": "1.14.20",
  "scores": {
    "test": [
      {
        "cosine_pearson": 0.4258377002411199,
        "cosine_spearman": 0.39763427342643526,
        "euclidean_pearson": 0.4220469152920751,
        "euclidean_spearman": 0.39363594781601535,
        "hf_subset": "default",
        "languages": [
          "eng-Latn"
        ],
        "main_score": 0.39763427342643526,
        "manhattan_pearson": 0.42220556386919605,
        "manhattan_spearman": 0.3936801802092273,
        "pearson": 0.4258377002411199,
        "spearman": 0.39763427342643526
      }
    ]
  },
  "task_name": "SICK-R"
}