{
  "dataset_revision": "ae752c7c21bf194d8b67fd573edf7ae58183cbe3",
  "evaluation_time": 11.321866273880005,
  "kg_co2_emissions": null,
  "mteb_version": "1.14.20",
  "scores": {
    "test": [
      {
        "cosine_pearson": 0.4202405189148003,
        "cosine_spearman": 0.4151491468097086,
        "euclidean_pearson": 0.39588849036869245,
        "euclidean_spearman": 0.3774128833426813,
        "hf_subset": "default",
        "languages": [
          "eng-Latn"
        ],
        "main_score": 0.4151491468097086,
        "manhattan_pearson": 0.39626315775389087,
        "manhattan_spearman": 0.37767189008244584,
        "pearson": 0.4202405189148003,
        "spearman": 0.4151491468097086
      }
    ]
  },
  "task_name": "STS15"
}