{
  "dataset_revision": "2000358ca161889fa9c082cb41daa8dcfb161a54",
  "evaluation_time": 9.259356021881104,
  "kg_co2_emissions": null,
  "mteb_version": "1.14.20",
  "scores": {
    "test": [
      {
        "hf_subset": "default",
        "languages": [
          "eng-Latn"
        ],
        "main_score": 0.476964016761357,
        "map": 0.476964016761357,
        "mrr": 0.603885811018775,
        "nAUC_map_diff1": 0.16034080827595115,
        "nAUC_map_max": 0.2062741374729494,
        "nAUC_map_std": 0.031090952314218104,
        "nAUC_mrr_diff1": 0.19028539234448355,
        "nAUC_mrr_max": 0.21874705063557837,
        "nAUC_mrr_std": 0.02587283468151018
      }
    ]
  },
  "task_name": "AskUbuntuDupQuestions"
}