{
  "dataset_revision": "6031580fec1f6af667f0bd2da0a551cf4f0b2375",
  "evaluation_time": 12.827417135238647,
  "kg_co2_emissions": null,
  "mteb_version": "1.14.20",
  "scores": {
    "test": [
      {
        "cosine_pearson": 0.4972694203078504,
        "cosine_spearman": 0.4733654435822512,
        "euclidean_pearson": 0.49161546432905817,
        "euclidean_spearman": 0.4738865814208099,
        "hf_subset": "default",
        "languages": [
          "eng-Latn"
        ],
        "main_score": 0.4733654435822512,
        "manhattan_pearson": 0.49578927529994676,
        "manhattan_spearman": 0.47716561303461386,
        "pearson": 0.4972694203078504,
        "spearman": 0.4733654435822512
      }
    ]
  },
  "task_name": "STS14"
}