{
  "dataset_revision": "2000358ca161889fa9c082cb41daa8dcfb161a54",
  "evaluation_time": 8.83773684501648,
  "kg_co2_emissions": null,
  "mteb_version": "1.14.20",
  "scores": {
    "test": [
      {
        "hf_subset": "default",
        "languages": [
          "eng-Latn"
        ],
        "main_score": 0.4895346180032675,
        "map": 0.4895346180032675,
        "mrr": 0.622190344281757,
        "nAUC_map_diff1": 0.11088270524301826,
        "nAUC_map_max": 0.21016102599700232,
        "nAUC_map_std": 0.0927601759336423,
        "nAUC_mrr_diff1": 0.13122752689331854,
        "nAUC_mrr_max": 0.2556130412186766,
        "nAUC_mrr_std": 0.12456994311845379
      }
    ]
  },
  "task_name": "AskUbuntuDupQuestions"
}