{
  "dataset_revision": "6031580fec1f6af667f0bd2da0a551cf4f0b2375",
  "evaluation_time": 12.522119522094727,
  "kg_co2_emissions": null,
  "mteb_version": "1.14.20",
  "scores": {
    "test": [
      {
        "cosine_pearson": 0.5231025821220852,
        "cosine_spearman": 0.4882328638408326,
        "euclidean_pearson": 0.5169472207986684,
        "euclidean_spearman": 0.492439310042138,
        "hf_subset": "default",
        "languages": [
          "eng-Latn"
        ],
        "main_score": 0.4882328638408326,
        "manhattan_pearson": 0.5191440636049819,
        "manhattan_spearman": 0.494447245728144,
        "pearson": 0.5231025821220852,
        "spearman": 0.4882328638408326
      }
    ]
  },
  "task_name": "STS14"
}