{
  "dataset_revision": "b0fddb56ed78048fa8b90373c8a3cfc37b684831",
  "evaluation_time": 4.807361841201782,
  "kg_co2_emissions": null,
  "mteb_version": "1.14.20",
  "scores": {
    "test": [
      {
        "cosine_pearson": 0.5243316205727487,
        "cosine_spearman": 0.512493915380138,
        "euclidean_pearson": 0.5188389693936483,
        "euclidean_spearman": 0.5162464417508403,
        "hf_subset": "default",
        "languages": [
          "eng-Latn"
        ],
        "main_score": 0.512493915380138,
        "manhattan_pearson": 0.5208301335193027,
        "manhattan_spearman": 0.5178923276822095,
        "pearson": 0.5243316205727487,
        "spearman": 0.512493915380138
      }
    ]
  },
  "task_name": "STSBenchmark"
}