{
  "dataset_revision": "d3fb88f8f02e40887cd149695127462bbcf29b4a",
  "evaluation_time": 1.6513147354125977,
  "kg_co2_emissions": null,
  "mteb_version": "1.14.20",
  "scores": {
    "test": [
      {
        "cosine_pearson": 0.14744540613149823,
        "cosine_spearman": 0.16373867065572362,
        "euclidean_pearson": 0.11748730618581457,
        "euclidean_spearman": 0.11688820554573234,
        "hf_subset": "default",
        "languages": [
          "eng-Latn"
        ],
        "main_score": 0.16373867065572362,
        "manhattan_pearson": 0.1205371095584838,
        "manhattan_spearman": 0.12574382901386752,
        "pearson": 0.14744540613149823,
        "spearman": 0.16373867065572362
      }
    ]
  },
  "task_name": "BIOSSES"
}