{
  "dataset_revision": "7e90230a92c190f1bf69ae9002b8cea547a64cca",
  "evaluation_time": 4.414727210998535,
  "kg_co2_emissions": null,
  "mteb_version": "1.14.20",
  "scores": {
    "test": [
      {
        "cosine_pearson": 0.25721409533515444,
        "cosine_spearman": 0.2869381997659602,
        "euclidean_pearson": 0.27643095525061506,
        "euclidean_spearman": 0.2784182124927742,
        "hf_subset": "default",
        "languages": [
          "eng-Latn"
        ],
        "main_score": 0.2869381997659602,
        "manhattan_pearson": 0.27588104364944704,
        "manhattan_spearman": 0.2777212851347767,
        "pearson": 0.25721409533515444,
        "spearman": 0.2869381997659602
      }
    ]
  },
  "task_name": "STS13"
}