{
  "dataset_revision": "2000358ca161889fa9c082cb41daa8dcfb161a54",
  "evaluation_time": 3.8702189922332764,
  "kg_co2_emissions": null,
  "mteb_version": "1.14.20",
  "scores": {
    "test": [
      {
        "hf_subset": "default",
        "languages": [
          "eng-Latn"
        ],
        "main_score": 0.4733900813806464,
        "map": 0.4733900813806464,
        "mrr": 0.6101415820252386,
        "nAUC_map_diff1": 0.19109680093878353,
        "nAUC_map_max": 0.20025791462939754,
        "nAUC_map_std": 0.10915804269872904,
        "nAUC_mrr_diff1": 0.18251731229399482,
        "nAUC_mrr_max": 0.23605689715173706,
        "nAUC_mrr_std": 0.07317648702937243
      }
    ]
  },
  "task_name": "AskUbuntuDupQuestions"
}