{
  "dataset_revision": "59042f120c80e8afa9cdbb224f67076cec0fc9a7",
  "evaluation_time": 118.55087351799011,
  "kg_co2_emissions": null,
  "mteb_version": "1.14.20",
  "scores": {
    "test": [
      {
        "hf_subset": "default",
        "languages": [
          "eng-Latn"
        ],
        "main_score": 0.25579809357728484,
        "map": 0.25579809357728484,
        "mrr": 0.25822624787037374,
        "nAUC_map_diff1": 0.18656450670916072,
        "nAUC_map_max": -0.23193352375938714,
        "nAUC_map_std": -0.14233603123834468,
        "nAUC_mrr_diff1": 0.17208680415058486,
        "nAUC_mrr_max": -0.16962133836816273,
        "nAUC_mrr_std": -0.12071168402236304
      }
    ]
  },
  "task_name": "MindSmallReranking"
}