{
  "dataset_revision": "d3c5e1fc0b855ab6097bf1cda04dd73947d7caab",
  "evaluation_time": 50.79266119003296,
  "kg_co2_emissions": null,
  "mteb_version": "1.14.20",
  "scores": {
    "test": [
      {
        "hf_subset": "default",
        "languages": [
          "eng-Latn"
        ],
        "main_score": 0.4296737117092789,
        "map": 0.4296737117092789,
        "mrr": 0.649098015274486,
        "nAUC_map_diff1": 0.18755391435614122,
        "nAUC_map_max": 0.2833375648612543,
        "nAUC_map_std": 0.24485218775002185,
        "nAUC_mrr_diff1": 0.28376017500472533,
        "nAUC_mrr_max": 0.33692633454745063,
        "nAUC_mrr_std": 0.21177175207352394
      }
    ]
  },
  "task_name": "SciDocsRR"
}