{
  "dataset_revision": "6031580fec1f6af667f0bd2da0a551cf4f0b2375",
  "evaluation_time": 9.31072473526001,
  "kg_co2_emissions": null,
  "mteb_version": "1.14.20",
  "scores": {
    "test": [
      {
        "cosine_pearson": 0.2763242814195205,
        "cosine_spearman": 0.25904948154343543,
        "euclidean_pearson": 0.314167422194397,
        "euclidean_spearman": 0.2941304033802147,
        "hf_subset": "default",
        "languages": [
          "eng-Latn"
        ],
        "main_score": 0.25904948154343543,
        "manhattan_pearson": 0.3132516599580079,
        "manhattan_spearman": 0.293884068375881,
        "pearson": 0.2763242814195205,
        "spearman": 0.25904948154343543
      }
    ]
  },
  "task_name": "STS14"
}