{
  "dataset_revision": "4d8694f8f0e0100860b497b999b3dbed754a0513",
  "evaluation_time": 5.531082630157471,
  "kg_co2_emissions": null,
  "mteb_version": "1.14.20",
  "scores": {
    "test": [
      {
        "cosine_pearson": 0.4190348237247817,
        "cosine_spearman": 0.42609170819303527,
        "euclidean_pearson": 0.40106523654321513,
        "euclidean_spearman": 0.39051387228388296,
        "hf_subset": "default",
        "languages": [
          "eng-Latn"
        ],
        "main_score": 0.42609170819303527,
        "manhattan_pearson": 0.40175080449864226,
        "manhattan_spearman": 0.3911066797088545,
        "pearson": 0.4190348237247817,
        "spearman": 0.42609170819303527
      }
    ]
  },
  "task_name": "STS16"
}