{
  "dataset_revision": "d66bd1f72af766a5cc4b0ca5e00c162f89e8cc46",
  "evaluation_time": 23.334674835205078,
  "kg_co2_emissions": null,
  "mteb_version": "1.14.19",
  "scores": {
    "test": [
      {
        "cosine_accuracy": 0.9921980198019802,
        "cosine_accuracy_threshold": 0.9876025915145874,
        "cosine_ap": 0.4372002680903434,
        "cosine_f1": 0.4626865671641791,
        "cosine_f1_threshold": 0.9857401847839355,
        "cosine_precision": 0.6118421052631579,
        "cosine_recall": 0.372,
        "dot_accuracy": 0.9901188118811881,
        "dot_accuracy_threshold": 544.435546875,
        "dot_ap": 0.04774486382262143,
        "dot_f1": 0.1144732045205979,
        "dot_f1_threshold": 519.9051513671875,
        "dot_precision": 0.09007458405048767,
        "dot_recall": 0.157,
        "euclidean_accuracy": 0.9921089108910891,
        "euclidean_accuracy_threshold": 3.5328102111816406,
        "euclidean_ap": 0.4289390441091818,
        "euclidean_f1": 0.4561604584527221,
        "euclidean_f1_threshold": 3.91119122505188,
        "euclidean_precision": 0.5342281879194631,
        "euclidean_recall": 0.398,
        "hf_subset": "default",
        "languages": [
          "eng-Latn"
        ],
        "main_score": 0.45171766242454464,
        "manhattan_accuracy": 0.9922277227722772,
        "manhattan_accuracy_threshold": 75.61654663085938,
        "manhattan_ap": 0.45171766242454464,
        "manhattan_f1": 0.4727061556329849,
        "manhattan_f1_threshold": 82.20986938476562,
        "manhattan_precision": 0.5637119113573407,
        "manhattan_recall": 0.407,
        "max_accuracy": 0.9922277227722772,
        "max_ap": 0.45171766242454464,
        "max_f1": 0.4727061556329849,
        "max_precision": 0.6118421052631579,
        "max_recall": 0.407,
        "similarity_accuracy": 0.9921980198019802,
        "similarity_accuracy_threshold": 0.9876025915145874,
        "similarity_ap": 0.4372002680903434,
        "similarity_f1": 0.4626865671641791,
        "similarity_f1_threshold": 0.9857401847839355,
        "similarity_precision": 0.6118421052631579,
        "similarity_recall": 0.372
      }
    ],
    "validation": [
      {
        "cosine_accuracy": 0.9911188118811881,
        "cosine_accuracy_threshold": 0.987586259841919,
        "cosine_ap": 0.31803632084531885,
        "cosine_f1": 0.3789929615592853,
        "cosine_f1_threshold": 0.9841874837875366,
        "cosine_precision": 0.4132231404958678,
        "cosine_recall": 0.35,
        "dot_accuracy": 0.9901386138613861,
        "dot_accuracy_threshold": 546.1800537109375,
        "dot_ap": 0.04367528601418968,
        "dot_f1": 0.08626056024899957,
        "dot_f1_threshold": 521.931396484375,
        "dot_precision": 0.07766212970376302,
        "dot_recall": 0.097,
        "euclidean_accuracy": 0.9911089108910891,
        "euclidean_accuracy_threshold": 3.563723564147949,
        "euclidean_ap": 0.30941718288006675,
        "euclidean_f1": 0.3679628554846199,
        "euclidean_f1_threshold": 3.977670192718506,
        "euclidean_precision": 0.4384508990318119,
        "euclidean_recall": 0.317,
        "hf_subset": "default",
        "languages": [
          "eng-Latn"
        ],
        "main_score": 0.33963457358504723,
        "manhattan_accuracy": 0.9911782178217822,
        "manhattan_accuracy_threshold": 76.51846313476562,
        "manhattan_ap": 0.33963457358504723,
        "manhattan_f1": 0.39332949971247844,
        "manhattan_f1_threshold": 83.74474334716797,
        "manhattan_precision": 0.462787550744249,
        "manhattan_recall": 0.342,
        "max_accuracy": 0.9911782178217822,
        "max_ap": 0.33963457358504723,
        "max_f1": 0.39332949971247844,
        "max_precision": 0.462787550744249,
        "max_recall": 0.35,
        "similarity_accuracy": 0.9911188118811881,
        "similarity_accuracy_threshold": 0.987586259841919,
        "similarity_ap": 0.31803632084531885,
        "similarity_f1": 0.3789929615592853,
        "similarity_f1_threshold": 0.9841874837875366,
        "similarity_precision": 0.4132231404958678,
        "similarity_recall": 0.35
      }
    ]
  },
  "task_name": "SprintDuplicateQuestions"
}