{
  "dataset_revision": "6031580fec1f6af667f0bd2da0a551cf4f0b2375",
  "evaluation_time": 10.223567247390747,
  "kg_co2_emissions": null,
  "mteb_version": "1.14.19",
  "scores": {
    "test": [
      {
        "cosine_pearson": 0.4858906318267623,
        "cosine_spearman": 0.47021827824222645,
        "euclidean_pearson": 0.4853536053184099,
        "euclidean_spearman": 0.46825735202349295,
        "hf_subset": "default",
        "languages": [
          "eng-Latn"
        ],
        "main_score": 0.47021827824222645,
        "manhattan_pearson": 0.5087830983600338,
        "manhattan_spearman": 0.4875224156580819,
        "pearson": 0.4858906318267623,
        "spearman": 0.47021827824222645
      }
    ]
  },
  "task_name": "STS14"
}