{
  "dataset_revision": "2000358ca161889fa9c082cb41daa8dcfb161a54",
  "evaluation_time": 29.087275981903076,
  "kg_co2_emissions": null,
  "mteb_version": "1.14.20",
  "scores": {
    "test": [
      {
        "hf_subset": "default",
        "languages": [
          "eng-Latn"
        ],
        "main_score": 0.45809316866351324,
        "map": 0.45809316866351324,
        "mrr": 0.5825506749329464,
        "nAUC_map_diff1": 0.06402232797935073,
        "nAUC_map_max": 0.18318206785756766,
        "nAUC_map_std": -0.033088337839661926,
        "nAUC_mrr_diff1": 0.09499752155979456,
        "nAUC_mrr_max": 0.2404041735369688,
        "nAUC_mrr_std": 0.0010629975989303573
      }
    ]
  },
  "task_name": "AskUbuntuDupQuestions"
}