{
  "dataset_revision": "d3c5e1fc0b855ab6097bf1cda04dd73947d7caab",
  "evaluation_time": 313.33288168907166,
  "kg_co2_emissions": null,
  "mteb_version": "1.14.20",
  "scores": {
    "test": [
      {
        "hf_subset": "default",
        "languages": [
          "eng-Latn"
        ],
        "main_score": 0.5320333532341298,
        "map": 0.5320333532341298,
        "mrr": 0.7601336118492982,
        "nAUC_map_diff1": 0.14347668326021404,
        "nAUC_map_max": 0.40284639319374743,
        "nAUC_map_std": 0.3176184170614861,
        "nAUC_mrr_diff1": 0.3040447539403183,
        "nAUC_mrr_max": 0.4508628881054283,
        "nAUC_mrr_std": 0.2580172528359477
      }
    ]
  },
  "task_name": "SciDocsRR"
}