{
  "dataset_revision": "d3fb88f8f02e40887cd149695127462bbcf29b4a",
  "evaluation_time": 3.6779696941375732,
  "kg_co2_emissions": null,
  "mteb_version": "1.14.20",
  "scores": {
    "test": [
      {
        "cosine_pearson": 0.511288640589992,
        "cosine_spearman": 0.5961340652467912,
        "euclidean_pearson": 0.5521280488520024,
        "euclidean_spearman": 0.5804710577521304,
        "hf_subset": "default",
        "languages": [
          "eng-Latn"
        ],
        "main_score": 0.5961340652467912,
        "manhattan_pearson": 0.6483785258863477,
        "manhattan_spearman": 0.6326168242420473,
        "pearson": 0.511288640589992,
        "spearman": 0.5961340652467912
      }
    ]
  },
  "task_name": "BIOSSES"
}