{
  "dataset_revision": "6031580fec1f6af667f0bd2da0a551cf4f0b2375",
  "evaluation_time": 37.37404680252075,
  "kg_co2_emissions": null,
  "mteb_version": "1.14.20",
  "scores": {
    "test": [
      {
        "cosine_pearson": 0.4549199317390206,
        "cosine_spearman": 0.42827366313663995,
        "euclidean_pearson": 0.45309525949972745,
        "euclidean_spearman": 0.4304152353057298,
        "hf_subset": "default",
        "languages": [
          "eng-Latn"
        ],
        "main_score": 0.42827366313663995,
        "manhattan_pearson": 0.50007235375757,
        "manhattan_spearman": 0.4754958846889011,
        "pearson": 0.4549199317390206,
        "spearman": 0.42827366313663995
      }
    ]
  },
  "task_name": "STS14"
}