{
  "dataset_revision": "4d8694f8f0e0100860b497b999b3dbed754a0513",
  "evaluation_time": 21.806432723999023,
  "kg_co2_emissions": null,
  "mteb_version": "1.14.20",
  "scores": {
    "test": [
      {
        "cosine_pearson": 0.5237606347569546,
        "cosine_spearman": 0.548119432994297,
        "euclidean_pearson": 0.5418136286155966,
        "euclidean_spearman": 0.5440441691859108,
        "hf_subset": "default",
        "languages": [
          "eng-Latn"
        ],
        "main_score": 0.548119432994297,
        "manhattan_pearson": 0.5538768047928203,
        "manhattan_spearman": 0.5529363571769874,
        "pearson": 0.5237606347569546,
        "spearman": 0.548119432994297
      }
    ]
  },
  "task_name": "STS16"
}