{
  "dataset_revision": "59042f120c80e8afa9cdbb224f67076cec0fc9a7",
  "evaluation_time": 242.01720213890076,
  "kg_co2_emissions": null,
  "mteb_version": "1.14.20",
  "scores": {
    "test": [
      {
        "hf_subset": "default",
        "languages": [
          "eng-Latn"
        ],
        "main_score": 0.28097424961609063,
        "map": 0.28097424961609063,
        "mrr": 0.28872999202970445,
        "nAUC_map_diff1": 0.24104088829283088,
        "nAUC_map_max": -0.1797612782118004,
        "nAUC_map_std": -0.028391259803448088,
        "nAUC_mrr_diff1": 0.21331965173280945,
        "nAUC_mrr_max": -0.12442031125924369,
        "nAUC_mrr_std": -0.03402102260962134
      }
    ]
  },
  "task_name": "MindSmallReranking"
}