{
  "dataset_revision": "e185fbe320c72810689fc5848eb6114e1ef5ec69",
  "evaluation_time": 208.00221753120422,
  "kg_co2_emissions": null,
  "mteb_version": "1.14.19",
  "scores": {
    "test": [
      {
        "hf_subset": "default",
        "languages": [
          "eng-Latn"
        ],
        "main_score": 0.3475915915137544,
        "map": 0.3475915915137544,
        "mrr": 0.34551767676767675,
        "nAUC_map_diff1": 0.26486807550900054,
        "nAUC_map_max": 0.12919397677525657,
        "nAUC_map_std": 0.012927683485562332,
        "nAUC_mrr_diff1": 0.2633788313730905,
        "nAUC_mrr_max": 0.13934366724742425,
        "nAUC_mrr_std": 0.018392554954705632
      }
    ]
  },
  "task_name": "StackOverflowDupQuestions"
}