{
  "dataset_revision": "e185fbe320c72810689fc5848eb6114e1ef5ec69",
  "evaluation_time": 38.43920636177063,
  "kg_co2_emissions": null,
  "mteb_version": "1.14.19",
  "scores": {
    "test": [
      {
        "hf_subset": "default",
        "languages": [
          "eng-Latn"
        ],
        "main_score": 0.3383981737379947,
        "map": 0.3383981737379947,
        "mrr": 0.3346025910364146,
        "nAUC_map_diff1": 0.27295757109923985,
        "nAUC_map_max": 0.20997152781201503,
        "nAUC_map_std": 0.09172394165002913,
        "nAUC_mrr_diff1": 0.26485706271276255,
        "nAUC_mrr_max": 0.21130553493271714,
        "nAUC_mrr_std": 0.08956891560937605
      }
    ]
  },
  "task_name": "StackOverflowDupQuestions"
}