{
  "dataset_revision": "d3c5e1fc0b855ab6097bf1cda04dd73947d7caab",
  "evaluation_time": 57.81102132797241,
  "kg_co2_emissions": null,
  "mteb_version": "1.14.19",
  "scores": {
    "test": [
      {
        "hf_subset": "default",
        "languages": [
          "eng-Latn"
        ],
        "main_score": 0.5420949173680594,
        "map": 0.5420949173680594,
        "mrr": 0.7842163646085215,
        "nAUC_map_diff1": 0.17900755640978325,
        "nAUC_map_max": 0.46094462028802236,
        "nAUC_map_std": 0.2169062506961004,
        "nAUC_mrr_diff1": 0.3667787041989385,
        "nAUC_mrr_max": 0.5444341257497908,
        "nAUC_mrr_std": 0.19376694051623816
      }
    ]
  },
  "task_name": "SciDocsRR"
}