{
  "dataset_revision": "20a6d6f312dd54037fe07a32d58e5e168867909d",
  "evaluation_time": 16.291115522384644,
  "kg_co2_emissions": null,
  "mteb_version": "1.14.19",
  "scores": {
    "test": [
      {
        "cosine_pearson": 0.5894334789312794,
        "cosine_spearman": 0.5571071234385349,
        "euclidean_pearson": 0.5666603201623813,
        "euclidean_spearman": 0.5566932566536476,
        "hf_subset": "default",
        "languages": [
          "eng-Latn"
        ],
        "main_score": 0.5571071234385349,
        "manhattan_pearson": 0.5672428442937032,
        "manhattan_spearman": 0.5579181111645554,
        "pearson": 0.5894334789312794,
        "spearman": 0.5571071234385349
      }
    ]
  },
  "task_name": "SICK-R"
}