{
  "dataset_revision": "e185fbe320c72810689fc5848eb6114e1ef5ec69",
  "evaluation_time": 41.09518218040466,
  "kg_co2_emissions": null,
  "mteb_version": "1.14.19",
  "scores": {
    "test": [
      {
        "hf_subset": "default",
        "languages": [
          "eng-Latn"
        ],
        "main_score": 0.339095124114118,
        "map": 0.339095124114118,
        "mrr": 0.3350499480095068,
        "nAUC_map_diff1": 0.2676442139769791,
        "nAUC_map_max": 0.2003212800936142,
        "nAUC_map_std": 0.07587254548072761,
        "nAUC_mrr_diff1": 0.2607430704107672,
        "nAUC_mrr_max": 0.20471709575959743,
        "nAUC_mrr_std": 0.07869623417644049
      }
    ]
  },
  "task_name": "StackOverflowDupQuestions"
}