{
  "dataset_revision": "ae752c7c21bf194d8b67fd573edf7ae58183cbe3",
  "evaluation_time": 9.823009729385376,
  "kg_co2_emissions": null,
  "mteb_version": "1.14.19",
  "scores": {
    "test": [
      {
        "cosine_pearson": 0.574358756096891,
        "cosine_spearman": 0.5834625942062979,
        "euclidean_pearson": 0.5813927468667427,
        "euclidean_spearman": 0.5875482211107877,
        "hf_subset": "default",
        "languages": [
          "eng-Latn"
        ],
        "main_score": 0.5834625942062979,
        "manhattan_pearson": 0.5837981716626797,
        "manhattan_spearman": 0.5900720495733822,
        "pearson": 0.574358756096891,
        "spearman": 0.5834625942062979
      }
    ]
  },
  "task_name": "STS15"
}