{
  "dataset_revision": "d3fb88f8f02e40887cd149695127462bbcf29b4a",
  "evaluation_time": 1.9412765502929688,
  "kg_co2_emissions": null,
  "mteb_version": "1.14.20",
  "scores": {
    "test": [
      {
        "cosine_pearson": 0.5181148363273511,
        "cosine_spearman": 0.5577717453521758,
        "euclidean_pearson": 0.5240359858089975,
        "euclidean_spearman": 0.5450606123468934,
        "hf_subset": "default",
        "languages": [
          "eng-Latn"
        ],
        "main_score": 0.5577717453521758,
        "manhattan_pearson": 0.5404518603291981,
        "manhattan_spearman": 0.5568560618371033,
        "pearson": 0.5181148363273511,
        "spearman": 0.5577717453521758
      }
    ]
  },
  "task_name": "BIOSSES"
}