{
  "dataset_revision": "59042f120c80e8afa9cdbb224f67076cec0fc9a7",
  "evaluation_time": 112.06984949111938,
  "kg_co2_emissions": null,
  "mteb_version": "1.14.20",
  "scores": {
    "test": [
      {
        "hf_subset": "default",
        "languages": [
          "eng-Latn"
        ],
        "main_score": 0.26089777394790453,
        "map": 0.26089777394790453,
        "mrr": 0.2659505931179787,
        "nAUC_map_diff1": 0.22227573480042648,
        "nAUC_map_max": -0.23970478748680923,
        "nAUC_map_std": -0.042822529770971104,
        "nAUC_mrr_diff1": 0.19908059900415268,
        "nAUC_mrr_max": -0.18166245953575957,
        "nAUC_mrr_std": -0.03197869872397247
      }
    ]
  },
  "task_name": "MindSmallReranking"
}