{
  "dataset_revision": "4d8694f8f0e0100860b497b999b3dbed754a0513",
  "evaluation_time": 4.7203192710876465,
  "kg_co2_emissions": null,
  "mteb_version": "1.14.20",
  "scores": {
    "test": [
      {
        "cosine_pearson": 0.4747879538775112,
        "cosine_spearman": 0.5088214775667919,
        "euclidean_pearson": 0.5101301514771289,
        "euclidean_spearman": 0.5023715774164775,
        "hf_subset": "default",
        "languages": [
          "eng-Latn"
        ],
        "main_score": 0.5088214775667919,
        "manhattan_pearson": 0.5119932356054053,
        "manhattan_spearman": 0.504853689438683,
        "pearson": 0.4747879538775112,
        "spearman": 0.5088214775667919
      }
    ]
  },
  "task_name": "STS16"
}