{
  "dataset_revision": "6031580fec1f6af667f0bd2da0a551cf4f0b2375",
  "evaluation_time": 7.116652011871338,
  "kg_co2_emissions": null,
  "mteb_version": "1.14.20",
  "scores": {
    "test": [
      {
        "cosine_pearson": 0.4399027014056297,
        "cosine_spearman": 0.4378154240691159,
        "euclidean_pearson": 0.4666110708347613,
        "euclidean_spearman": 0.4547895564157378,
        "hf_subset": "default",
        "languages": [
          "eng-Latn"
        ],
        "main_score": 0.4378154240691159,
        "manhattan_pearson": 0.46893967672998943,
        "manhattan_spearman": 0.45666433276563706,
        "pearson": 0.4399027014056297,
        "spearman": 0.4378154240691159
      }
    ]
  },
  "task_name": "STS14"
}