{
  "dataset_revision": "d66bd1f72af766a5cc4b0ca5e00c162f89e8cc46",
  "evaluation_time": 20.51077103614807,
  "kg_co2_emissions": null,
  "mteb_version": "1.14.19",
  "scores": {
    "test": [
      {
        "cosine_accuracy": 0.9901089108910891,
        "cosine_accuracy_threshold": 0.9998179078102112,
        "cosine_ap": 0.019564553401697885,
        "cosine_f1": 0.05058224163027657,
        "cosine_f1_threshold": 0.9835389852523804,
        "cosine_precision": 0.030916370106761567,
        "cosine_recall": 0.139,
        "dot_accuracy": 0.9900891089108911,
        "dot_accuracy_threshold": 578.4871826171875,
        "dot_ap": 0.014839331110316545,
        "dot_f1": 0.039645082121955826,
        "dot_f1_threshold": 527.8901977539062,
        "dot_precision": 0.021888680425265792,
        "dot_recall": 0.21,
        "euclidean_accuracy": 0.9901089108910891,
        "euclidean_accuracy_threshold": 0.3246503472328186,
        "euclidean_ap": 0.019677476746953377,
        "euclidean_f1": 0.05073134604702833,
        "euclidean_f1_threshold": 4.205540657043457,
        "euclidean_precision": 0.031129288798000455,
        "euclidean_recall": 0.137,
        "hf_subset": "default",
        "languages": [
          "eng-Latn"
        ],
        "main_score": 0.020350591970899806,
        "manhattan_accuracy": 0.9901089108910891,
        "manhattan_accuracy_threshold": 6.991884231567383,
        "manhattan_ap": 0.020350591970899806,
        "manhattan_f1": 0.048549810844892814,
        "manhattan_f1_threshold": 90.98963928222656,
        "manhattan_precision": 0.02881736526946108,
        "manhattan_recall": 0.154,
        "max_accuracy": 0.9901089108910891,
        "max_ap": 0.020350591970899806,
        "max_f1": 0.05073134604702833,
        "max_precision": 0.031129288798000455,
        "max_recall": 0.21,
        "similarity_accuracy": 0.9901089108910891,
        "similarity_accuracy_threshold": 0.9998179078102112,
        "similarity_ap": 0.019564553401697885,
        "similarity_f1": 0.05058224163027657,
        "similarity_f1_threshold": 0.9835389852523804,
        "similarity_precision": 0.030916370106761567,
        "similarity_recall": 0.139
      }
    ],
    "validation": [
      {
        "cosine_accuracy": 0.9901089108910891,
        "cosine_accuracy_threshold": 0.9998154640197754,
        "cosine_ap": 0.024172211618785962,
        "cosine_f1": 0.05558202318564395,
        "cosine_f1_threshold": 0.9822777509689331,
        "cosine_precision": 0.03303756843496319,
        "cosine_recall": 0.175,
        "dot_accuracy": 0.9900891089108911,
        "dot_accuracy_threshold": 577.4976806640625,
        "dot_ap": 0.016154436700041564,
        "dot_f1": 0.040305500288813294,
        "dot_f1_threshold": 525.5484619140625,
        "dot_precision": 0.02153487415129278,
        "dot_recall": 0.314,
        "euclidean_accuracy": 0.9901089108910891,
        "euclidean_accuracy_threshold": 0.4544459581375122,
        "euclidean_ap": 0.024431490758111348,
        "euclidean_f1": 0.05671438309475119,
        "euclidean_f1_threshold": 4.536716938018799,
        "euclidean_precision": 0.032833464877663775,
        "euclidean_recall": 0.208,
        "hf_subset": "default",
        "languages": [
          "eng-Latn"
        ],
        "main_score": 0.024914452681075182,
        "manhattan_accuracy": 0.9901089108910891,
        "manhattan_accuracy_threshold": 9.929341316223145,
        "manhattan_ap": 0.024914452681075182,
        "manhattan_f1": 0.05488605178379668,
        "manhattan_f1_threshold": 97.36719512939453,
        "manhattan_precision": 0.031161089283294946,
        "manhattan_recall": 0.23,
        "max_accuracy": 0.9901089108910891,
        "max_ap": 0.024914452681075182,
        "max_f1": 0.05671438309475119,
        "max_precision": 0.03303756843496319,
        "max_recall": 0.314,
        "similarity_accuracy": 0.9901089108910891,
        "similarity_accuracy_threshold": 0.9998154640197754,
        "similarity_ap": 0.024172211618785962,
        "similarity_f1": 0.05558202318564395,
        "similarity_f1_threshold": 0.9822777509689331,
        "similarity_precision": 0.03303756843496319,
        "similarity_recall": 0.175
      }
    ]
  },
  "task_name": "SprintDuplicateQuestions"
}