{
  "dataset_revision": "d3fb88f8f02e40887cd149695127462bbcf29b4a",
  "evaluation_time": 2.085031509399414,
  "kg_co2_emissions": null,
  "mteb_version": "1.14.19",
  "scores": {
    "test": [
      {
        "cosine_pearson": 0.4580937687601112,
        "cosine_spearman": 0.5399821833784322,
        "euclidean_pearson": 0.4767319558259945,
        "euclidean_spearman": 0.5337892711843893,
        "hf_subset": "default",
        "languages": [
          "eng-Latn"
        ],
        "main_score": 0.5399821833784322,
        "manhattan_pearson": 0.49127922986079753,
        "manhattan_spearman": 0.5375001991138936,
        "pearson": 0.4580937687601112,
        "spearman": 0.5399821833784322
      }
    ]
  },
  "task_name": "BIOSSES"
}