{
  "dataset_revision": "e185fbe320c72810689fc5848eb6114e1ef5ec69",
  "evaluation_time": 37.3632287979126,
  "kg_co2_emissions": null,
  "mteb_version": "1.14.19",
  "scores": {
    "test": [
      {
        "hf_subset": "default",
        "languages": [
          "eng-Latn"
        ],
        "main_score": 0.3679439608446699,
        "map": 0.3679439608446699,
        "mrr": 0.36682860644257703,
        "nAUC_map_diff1": 0.3045282704047929,
        "nAUC_map_max": 0.22578909564077873,
        "nAUC_map_std": 0.11030541037515627,
        "nAUC_mrr_diff1": 0.30073005695799926,
        "nAUC_mrr_max": 0.23344447693052775,
        "nAUC_mrr_std": 0.11297609361273823
      }
    ]
  },
  "task_name": "StackOverflowDupQuestions"
}