{
  "dataset_revision": "6031580fec1f6af667f0bd2da0a551cf4f0b2375",
  "evaluation_time": 17.87451982498169,
  "kg_co2_emissions": null,
  "mteb_version": "1.14.19",
  "scores": {
    "test": [
      {
        "cosine_pearson": 0.5434654894795337,
        "cosine_spearman": 0.5105678638945527,
        "euclidean_pearson": 0.5233154828559027,
        "euclidean_spearman": 0.5030086774150203,
        "hf_subset": "default",
        "languages": [
          "eng-Latn"
        ],
        "main_score": 0.5105678638945527,
        "manhattan_pearson": 0.5256064171183379,
        "manhattan_spearman": 0.5050530878379934,
        "pearson": 0.5434654894795337,
        "spearman": 0.5105678638945527
      }
    ]
  },
  "task_name": "STS14"
}