{
  "dataset_revision": "e185fbe320c72810689fc5848eb6114e1ef5ec69",
  "evaluation_time": 50.66735482215881,
  "kg_co2_emissions": null,
  "mteb_version": "1.14.20",
  "scores": {
    "test": [
      {
        "hf_subset": "default",
        "languages": [
          "eng-Latn"
        ],
        "main_score": 0.3130035001267736,
        "map": 0.3130035001267736,
        "mrr": 0.3052930831423479,
        "nAUC_map_diff1": 0.24976521180424444,
        "nAUC_map_max": 0.21631509734222987,
        "nAUC_map_std": 0.10874114245520333,
        "nAUC_mrr_diff1": 0.2442963609618726,
        "nAUC_mrr_max": 0.21948012459093058,
        "nAUC_mrr_std": 0.11338700710975541
      }
    ]
  },
  "task_name": "StackOverflowDupQuestions"
}