{
  "dataset_revision": "6031580fec1f6af667f0bd2da0a551cf4f0b2375",
  "evaluation_time": 13.002735376358032,
  "kg_co2_emissions": null,
  "mteb_version": "1.14.20",
  "scores": {
    "test": [
      {
        "cosine_pearson": 0.36840044094727836,
        "cosine_spearman": 0.35215961163966575,
        "euclidean_pearson": 0.38760829701697974,
        "euclidean_spearman": 0.3723161513833319,
        "hf_subset": "default",
        "languages": [
          "eng-Latn"
        ],
        "main_score": 0.35215961163966575,
        "manhattan_pearson": 0.3885936094302798,
        "manhattan_spearman": 0.372913487215311,
        "pearson": 0.36840044094727836,
        "spearman": 0.35215961163966575
      }
    ]
  },
  "task_name": "STS14"
}