{
  "dataset_revision": "d3c5e1fc0b855ab6097bf1cda04dd73947d7caab",
  "evaluation_time": 86.8073136806488,
  "kg_co2_emissions": null,
  "mteb_version": "1.14.20",
  "scores": {
    "test": [
      {
        "hf_subset": "default",
        "languages": [
          "eng-Latn"
        ],
        "main_score": 0.5252606570382926,
        "map": 0.5252606570382926,
        "mrr": 0.7649412044019888,
        "nAUC_map_diff1": 0.19205679633851455,
        "nAUC_map_max": 0.3665248399623232,
        "nAUC_map_std": 0.29366252083294064,
        "nAUC_mrr_diff1": 0.37627194811041037,
        "nAUC_mrr_max": 0.44398513638905746,
        "nAUC_mrr_std": 0.26936793253822455
      }
    ]
  },
  "task_name": "SciDocsRR"
}