{
  "dataset_revision": "20a6d6f312dd54037fe07a32d58e5e168867909d",
  "evaluation_time": 12.021176815032959,
  "kg_co2_emissions": null,
  "mteb_version": "1.14.19",
  "scores": {
    "test": [
      {
        "cosine_pearson": 0.6505529848172819,
        "cosine_spearman": 0.5942078620746101,
        "euclidean_pearson": 0.6139786654947316,
        "euclidean_spearman": 0.5864314137318033,
        "hf_subset": "default",
        "languages": [
          "eng-Latn"
        ],
        "main_score": 0.5942078620746101,
        "manhattan_pearson": 0.6145319917677655,
        "manhattan_spearman": 0.5875319632997883,
        "pearson": 0.6505529848172819,
        "spearman": 0.5942078620746101
      }
    ]
  },
  "task_name": "SICK-R"
}