{
  "dataset_revision": "e185fbe320c72810689fc5848eb6114e1ef5ec69",
  "evaluation_time": 31.504372358322144,
  "kg_co2_emissions": null,
  "mteb_version": "1.14.19",
  "scores": {
    "test": [
      {
        "hf_subset": "default",
        "languages": [
          "eng-Latn"
        ],
        "main_score": 0.3950662046693993,
        "map": 0.3950662046693993,
        "mrr": 0.3975150666327137,
        "nAUC_map_diff1": 0.30268444274520134,
        "nAUC_map_max": 0.2088952214483141,
        "nAUC_map_std": 0.10311544700338575,
        "nAUC_mrr_diff1": 0.3032939863820465,
        "nAUC_mrr_max": 0.22439700549745265,
        "nAUC_mrr_std": 0.11078488875241828
      }
    ]
  },
  "task_name": "StackOverflowDupQuestions"
}