{
  "dataset_revision": "20a6d6f312dd54037fe07a32d58e5e168867909d",
  "evaluation_time": 7.084146499633789,
  "kg_co2_emissions": null,
  "mteb_version": "1.14.20",
  "scores": {
    "test": [
      {
        "cosine_pearson": 0.6100733158261057,
        "cosine_spearman": 0.5536287001023458,
        "euclidean_pearson": 0.5622987099287726,
        "euclidean_spearman": 0.5277257159405918,
        "hf_subset": "default",
        "languages": [
          "eng-Latn"
        ],
        "main_score": 0.5536287001023458,
        "manhattan_pearson": 0.5663018768836644,
        "manhattan_spearman": 0.5297631647985757,
        "pearson": 0.6100733158261057,
        "spearman": 0.5536287001023458
      }
    ]
  },
  "task_name": "SICK-R"
}