{
  "dataset_revision": "4d8694f8f0e0100860b497b999b3dbed754a0513",
  "evaluation_time": 3.1751832962036133,
  "kg_co2_emissions": null,
  "mteb_version": "1.14.20",
  "scores": {
    "test": [
      {
        "cosine_pearson": 0.48629207836077043,
        "cosine_spearman": 0.5187925173256528,
        "euclidean_pearson": 0.507100108550749,
        "euclidean_spearman": 0.509907815701696,
        "hf_subset": "default",
        "languages": [
          "eng-Latn"
        ],
        "main_score": 0.5187925173256528,
        "manhattan_pearson": 0.5099751058025701,
        "manhattan_spearman": 0.5141019445566153,
        "pearson": 0.48629207836077043,
        "spearman": 0.5187925173256528
      }
    ]
  },
  "task_name": "STS16"
}