{
  "dataset_revision": "6031580fec1f6af667f0bd2da0a551cf4f0b2375",
  "evaluation_time": 3.620398998260498,
  "kg_co2_emissions": null,
  "mteb_version": "1.14.20",
  "scores": {
    "test": [
      {
        "cosine_pearson": 0.4915327213206206,
        "cosine_spearman": 0.48923678767961143,
        "euclidean_pearson": 0.5162730707734667,
        "euclidean_spearman": 0.5027954323401602,
        "hf_subset": "default",
        "languages": [
          "eng-Latn"
        ],
        "main_score": 0.48923678767961143,
        "manhattan_pearson": 0.5197683832650916,
        "manhattan_spearman": 0.5058974297064948,
        "pearson": 0.4915327213206206,
        "spearman": 0.48923678767961143
      }
    ]
  },
  "task_name": "STS14"
}