{
  "dataset_revision": "7e90230a92c190f1bf69ae9002b8cea547a64cca",
  "evaluation_time": 82.39537477493286,
  "kg_co2_emissions": null,
  "mteb_version": "1.14.21",
  "scores": {
    "test": [
      {
        "cosine_pearson": 0.7659386282527004,
        "cosine_spearman": 0.7695325216642918,
        "euclidean_pearson": 0.7626869016237121,
        "euclidean_spearman": 0.767695585092135,
        "hf_subset": "default",
        "languages": [
          "eng-Latn"
        ],
        "main_score": 0.7695325216642918,
        "manhattan_pearson": 0.7630813833925226,
        "manhattan_spearman": 0.7684217737848451,
        "pearson": 0.7659386282527004,
        "spearman": 0.7695325216642918
      }
    ]
  },
  "task_name": "STS13"
}