{
  "dataset_revision": "6031580fec1f6af667f0bd2da0a551cf4f0b2375",
  "evaluation_time": 163.43878984451294,
  "kg_co2_emissions": null,
  "mteb_version": "1.14.21",
  "scores": {
    "test": [
      {
        "cosine_pearson": 0.7466481400278138,
        "cosine_spearman": 0.7028109591313688,
        "euclidean_pearson": 0.7272854424326382,
        "euclidean_spearman": 0.7007888158808459,
        "hf_subset": "default",
        "languages": [
          "eng-Latn"
        ],
        "main_score": 0.7028109591313688,
        "manhattan_pearson": 0.7282245351794061,
        "manhattan_spearman": 0.7019989786523676,
        "pearson": 0.7466481400278138,
        "spearman": 0.7028109591313688
      }
    ]
  },
  "task_name": "STS14"
}