{
  "dataset_revision": "2000358ca161889fa9c082cb41daa8dcfb161a54",
  "evaluation_time": 5.982600688934326,
  "kg_co2_emissions": null,
  "mteb_version": "1.14.20",
  "scores": {
    "test": [
      {
        "hf_subset": "default",
        "languages": [
          "eng-Latn"
        ],
        "main_score": 0.4773224720597247,
        "map": 0.4773224720597247,
        "mrr": 0.6046893549663633,
        "nAUC_map_diff1": 0.1445991662013319,
        "nAUC_map_max": 0.19242673545893202,
        "nAUC_map_std": 0.06330579615591479,
        "nAUC_mrr_diff1": 0.1802801879289272,
        "nAUC_mrr_max": 0.2513994165338518,
        "nAUC_mrr_std": 0.07366031265836323
      }
    ]
  },
  "task_name": "AskUbuntuDupQuestions"
}