{
  "dataset_revision": "d3fb88f8f02e40887cd149695127462bbcf29b4a",
  "evaluation_time": 1.635556697845459,
  "kg_co2_emissions": null,
  "mteb_version": "1.14.20",
  "scores": {
    "test": [
      {
        "cosine_pearson": 0.6352955299730413,
        "cosine_spearman": 0.6483159771386189,
        "euclidean_pearson": 0.5935250457754223,
        "euclidean_spearman": 0.5963690103592111,
        "hf_subset": "default",
        "languages": [
          "eng-Latn"
        ],
        "main_score": 0.6483159771386189,
        "manhattan_pearson": 0.590125327431772,
        "manhattan_spearman": 0.5931219484208949,
        "pearson": 0.6352955299730413,
        "spearman": 0.6483159771386189
      }
    ]
  },
  "task_name": "BIOSSES"
}