{
  "dataset_revision": "d3c5e1fc0b855ab6097bf1cda04dd73947d7caab",
  "evaluation_time": 60.721874952316284,
  "kg_co2_emissions": null,
  "mteb_version": "1.14.20",
  "scores": {
    "test": [
      {
        "hf_subset": "default",
        "languages": [
          "eng-Latn"
        ],
        "main_score": 0.5357681297794963,
        "map": 0.5357681297794963,
        "mrr": 0.778359648702786,
        "nAUC_map_diff1": 0.1921417175046976,
        "nAUC_map_max": 0.4435073203707168,
        "nAUC_map_std": 0.3895877057092278,
        "nAUC_mrr_diff1": 0.397664467505735,
        "nAUC_mrr_max": 0.5215778243598448,
        "nAUC_mrr_std": 0.3755327401536144
      }
    ]
  },
  "task_name": "SciDocsRR"
}