{
  "dataset_revision": "20a6d6f312dd54037fe07a32d58e5e168867909d",
  "evaluation_time": 11.783193826675415,
  "kg_co2_emissions": null,
  "mteb_version": "1.14.20",
  "scores": {
    "test": [
      {
        "cosine_pearson": 0.6016524691286742,
        "cosine_spearman": 0.5675136085984598,
        "euclidean_pearson": 0.5681028209450137,
        "euclidean_spearman": 0.5598660205033773,
        "hf_subset": "default",
        "languages": [
          "eng-Latn"
        ],
        "main_score": 0.5675136085984598,
        "manhattan_pearson": 0.5676663808511164,
        "manhattan_spearman": 0.5600578815879556,
        "pearson": 0.6016524691286742,
        "spearman": 0.5675136085984598
      }
    ]
  },
  "task_name": "SICK-R"
}