{
  "dataset_revision": "e185fbe320c72810689fc5848eb6114e1ef5ec69",
  "evaluation_time": 41.41926884651184,
  "kg_co2_emissions": null,
  "mteb_version": "1.14.20",
  "scores": {
    "test": [
      {
        "hf_subset": "default",
        "languages": [
          "eng-Latn"
        ],
        "main_score": 0.35313269921377505,
        "map": 0.35313269921377505,
        "mrr": 0.3505333004413887,
        "nAUC_map_diff1": 0.30031419664880105,
        "nAUC_map_max": 0.21822751085883405,
        "nAUC_map_std": 0.1349154230682333,
        "nAUC_mrr_diff1": 0.2966991248234093,
        "nAUC_mrr_max": 0.22361461490674822,
        "nAUC_mrr_std": 0.13846438431410138
      }
    ]
  },
  "task_name": "StackOverflowDupQuestions"
}