{
  "dataset_revision": "2000358ca161889fa9c082cb41daa8dcfb161a54",
  "evaluation_time": 6.659544229507446,
  "kg_co2_emissions": null,
  "mteb_version": "1.14.20",
  "scores": {
    "test": [
      {
        "hf_subset": "default",
        "languages": [
          "eng-Latn"
        ],
        "main_score": 0.4749950191812747,
        "map": 0.4749950191812747,
        "mrr": 0.6031965879611308,
        "nAUC_map_diff1": 0.1715664550050587,
        "nAUC_map_max": 0.1387995091022128,
        "nAUC_map_std": 0.07382208258983614,
        "nAUC_mrr_diff1": 0.2077806853935016,
        "nAUC_mrr_max": 0.1807519043051461,
        "nAUC_mrr_std": 0.0787990165386754
      }
    ]
  },
  "task_name": "AskUbuntuDupQuestions"
}