{
  "dataset_revision": "20a6d6f312dd54037fe07a32d58e5e168867909d",
  "evaluation_time": 11.793901920318604,
  "kg_co2_emissions": null,
  "mteb_version": "1.14.20",
  "scores": {
    "test": [
      {
        "cosine_pearson": 0.5294147226302044,
        "cosine_spearman": 0.4869486902241147,
        "euclidean_pearson": 0.5018418114164482,
        "euclidean_spearman": 0.4758944762705031,
        "hf_subset": "default",
        "languages": [
          "eng-Latn"
        ],
        "main_score": 0.4869486902241147,
        "manhattan_pearson": 0.5021299525356537,
        "manhattan_spearman": 0.47642801485619146,
        "pearson": 0.5294147226302044,
        "spearman": 0.4869486902241147
      }
    ]
  },
  "task_name": "SICK-R"
}