{
  "dataset_revision": "7e90230a92c190f1bf69ae9002b8cea547a64cca",
  "evaluation_time": 3.799304246902466,
  "kg_co2_emissions": null,
  "mteb_version": "1.14.20",
  "scores": {
    "test": [
      {
        "cosine_pearson": 0.4742343728283826,
        "cosine_spearman": 0.46798272926894585,
        "euclidean_pearson": 0.4767069836758166,
        "euclidean_spearman": 0.4678529264032856,
        "hf_subset": "default",
        "languages": [
          "eng-Latn"
        ],
        "main_score": 0.46798272926894585,
        "manhattan_pearson": 0.4766351336371036,
        "manhattan_spearman": 0.4675762136925003,
        "pearson": 0.4742343728283826,
        "spearman": 0.46798272926894585
      }
    ]
  },
  "task_name": "STS13"
}