{
  "dataset_revision": "59042f120c80e8afa9cdbb224f67076cec0fc9a7",
  "evaluation_time": 111.10848689079285,
  "kg_co2_emissions": null,
  "mteb_version": "1.14.19",
  "scores": {
    "test": [
      {
        "hf_subset": "default",
        "languages": [
          "eng-Latn"
        ],
        "main_score": 0.25501593198382017,
        "map": 0.25501593198382017,
        "mrr": 0.25598122908133053,
        "nAUC_map_diff1": 0.22603582144244394,
        "nAUC_map_max": -0.2526768147666361,
        "nAUC_map_std": -0.20208719406395267,
        "nAUC_mrr_diff1": 0.2027608220697195,
        "nAUC_mrr_max": -0.19774832317588553,
        "nAUC_mrr_std": -0.18778551926449324
      }
    ]
  },
  "task_name": "MindSmallReranking"
}