{
  "dataset_revision": "d3c5e1fc0b855ab6097bf1cda04dd73947d7caab",
  "evaluation_time": 26.793705224990845,
  "kg_co2_emissions": null,
  "mteb_version": "1.14.19",
  "scores": {
    "test": [
      {
        "hf_subset": "default",
        "languages": [
          "eng-Latn"
        ],
        "main_score": 0.40342191794971394,
        "map": 0.40342191794971394,
        "mrr": 0.6276104886399003,
        "nAUC_map_diff1": 0.1420808086313106,
        "nAUC_map_max": 0.32108773687112463,
        "nAUC_map_std": 0.09903551803395888,
        "nAUC_mrr_diff1": 0.23056037802914714,
        "nAUC_mrr_max": 0.31918864895331,
        "nAUC_mrr_std": 0.09536641451878348
      }
    ]
  },
  "task_name": "SciDocsRR"
}