{
  "dataset_revision": "20a6d6f312dd54037fe07a32d58e5e168867909d",
  "evaluation_time": 8.299837827682495,
  "kg_co2_emissions": null,
  "mteb_version": "1.14.19",
  "scores": {
    "test": [
      {
        "cosine_pearson": 0.4803343722516595,
        "cosine_spearman": 0.4549667804917363,
        "euclidean_pearson": 0.4721466612125376,
        "euclidean_spearman": 0.45327679764064926,
        "hf_subset": "default",
        "languages": [
          "eng-Latn"
        ],
        "main_score": 0.4549667804917363,
        "manhattan_pearson": 0.4738498823530655,
        "manhattan_spearman": 0.4544922846987707,
        "pearson": 0.4803343722516595,
        "spearman": 0.4549667804917363
      }
    ]
  },
  "task_name": "SICK-R"
}