{
  "dataset_revision": "20a6d6f312dd54037fe07a32d58e5e168867909d",
  "evaluation_time": 9.975306034088135,
  "kg_co2_emissions": null,
  "mteb_version": "1.14.19",
  "scores": {
    "test": [
      {
        "cosine_pearson": 0.6326062849864674,
        "cosine_spearman": 0.5761354646520345,
        "euclidean_pearson": 0.6035965467159013,
        "euclidean_spearman": 0.5759527288082045,
        "hf_subset": "default",
        "languages": [
          "eng-Latn"
        ],
        "main_score": 0.5761354646520345,
        "manhattan_pearson": 0.604995853013271,
        "manhattan_spearman": 0.5764116806815575,
        "pearson": 0.6326062849864674,
        "spearman": 0.5761354646520345
      }
    ]
  },
  "task_name": "SICK-R"
}