{
  "dataset_revision": "e185fbe320c72810689fc5848eb6114e1ef5ec69",
  "evaluation_time": 30.56624126434326,
  "kg_co2_emissions": null,
  "mteb_version": "1.14.19",
  "scores": {
    "test": [
      {
        "hf_subset": "default",
        "languages": [
          "eng-Latn"
        ],
        "main_score": 0.36971101500942277,
        "map": 0.36971101500942277,
        "mrr": 0.36939271920889566,
        "nAUC_map_diff1": 0.33791069363388815,
        "nAUC_map_max": 0.23348521782059986,
        "nAUC_map_std": 0.11677054828153693,
        "nAUC_mrr_diff1": 0.3294853873615882,
        "nAUC_mrr_max": 0.24314817424862425,
        "nAUC_mrr_std": 0.11877314354136764
      }
    ]
  },
  "task_name": "StackOverflowDupQuestions"
}