{
  "dataset_revision": "d66bd1f72af766a5cc4b0ca5e00c162f89e8cc46",
  "evaluation_time": 22.200660228729248,
  "kg_co2_emissions": null,
  "mteb_version": "1.14.19",
  "scores": {
    "test": [
      {
        "cosine_accuracy": 0.9901287128712871,
        "cosine_accuracy_threshold": 0.9843122959136963,
        "cosine_ap": 0.022027191471016425,
        "cosine_f1": 0.037358818418766294,
        "cosine_f1_threshold": 0.939152181148529,
        "cosine_precision": 0.03302611367127496,
        "cosine_recall": 0.043,
        "dot_accuracy": 0.9901188118811881,
        "dot_accuracy_threshold": 350.1430358886719,
        "dot_ap": 0.022516804641821778,
        "dot_f1": 0.05752753977968176,
        "dot_f1_threshold": 317.3048400878906,
        "dot_precision": 0.07413249211356467,
        "dot_recall": 0.047,
        "euclidean_accuracy": 0.9901287128712871,
        "euclidean_accuracy_threshold": 3.1076393127441406,
        "euclidean_ap": 0.021683473810650344,
        "euclidean_f1": 0.03756345177664974,
        "euclidean_f1_threshold": 6.089112281799316,
        "euclidean_precision": 0.03814432989690722,
        "euclidean_recall": 0.037,
        "hf_subset": "default",
        "languages": [
          "eng-Latn"
        ],
        "main_score": 0.022516804641821778,
        "manhattan_accuracy": 0.9901287128712871,
        "manhattan_accuracy_threshold": 68.19229125976562,
        "manhattan_ap": 0.02122949977996006,
        "manhattan_f1": 0.03709591944886063,
        "manhattan_f1_threshold": 132.13572692871094,
        "manhattan_precision": 0.03945885005636979,
        "manhattan_recall": 0.035,
        "max_accuracy": 0.9901287128712871,
        "max_ap": 0.022516804641821778,
        "max_f1": 0.05752753977968176,
        "max_precision": 0.07413249211356467,
        "max_recall": 0.047,
        "similarity_accuracy": 0.9901287128712871,
        "similarity_accuracy_threshold": 0.9843122959136963,
        "similarity_ap": 0.022027191471016425,
        "similarity_f1": 0.037358818418766294,
        "similarity_f1_threshold": 0.939152181148529,
        "similarity_precision": 0.03302611367127496,
        "similarity_recall": 0.043
      }
    ],
    "validation": [
      {
        "cosine_accuracy": 0.9901683168316832,
        "cosine_accuracy_threshold": 0.9719695448875427,
        "cosine_ap": 0.029878455967312246,
        "cosine_f1": 0.061142397425583264,
        "cosine_f1_threshold": 0.95557701587677,
        "cosine_precision": 0.15637860082304528,
        "cosine_recall": 0.038,
        "dot_accuracy": 0.9901386138613861,
        "dot_accuracy_threshold": 350.215576171875,
        "dot_ap": 0.02291015875504996,
        "dot_f1": 0.04735202492211839,
        "dot_f1_threshold": 317.7593688964844,
        "dot_precision": 0.0628099173553719,
        "dot_recall": 0.038,
        "euclidean_accuracy": 0.9901584158415841,
        "euclidean_accuracy_threshold": 3.566049575805664,
        "euclidean_ap": 0.02793664277794687,
        "euclidean_f1": 0.05672823218997361,
        "euclidean_f1_threshold": 5.6196980476379395,
        "euclidean_precision": 0.08333333333333333,
        "euclidean_recall": 0.043,
        "hf_subset": "default",
        "languages": [
          "eng-Latn"
        ],
        "main_score": 0.029878455967312246,
        "manhattan_accuracy": 0.9901485148514851,
        "manhattan_accuracy_threshold": 71.56806945800781,
        "manhattan_ap": 0.027483924669909968,
        "manhattan_f1": 0.05536332179930796,
        "manhattan_f1_threshold": 121.78541564941406,
        "manhattan_precision": 0.0898876404494382,
        "manhattan_recall": 0.04,
        "max_accuracy": 0.9901683168316832,
        "max_ap": 0.029878455967312246,
        "max_f1": 0.061142397425583264,
        "max_precision": 0.15637860082304528,
        "max_recall": 0.043,
        "similarity_accuracy": 0.9901683168316832,
        "similarity_accuracy_threshold": 0.9719695448875427,
        "similarity_ap": 0.029878455967312246,
        "similarity_f1": 0.061142397425583264,
        "similarity_f1_threshold": 0.95557701587677,
        "similarity_precision": 0.15637860082304528,
        "similarity_recall": 0.038
      }
    ]
  },
  "task_name": "SprintDuplicateQuestions"
}