{
  "dataset_revision": "2000358ca161889fa9c082cb41daa8dcfb161a54",
  "evaluation_time": 6.662280321121216,
  "kg_co2_emissions": null,
  "mteb_version": "1.14.19",
  "scores": {
    "test": [
      {
        "hf_subset": "default",
        "languages": [
          "eng-Latn"
        ],
        "main_score": 0.47126766399533,
        "map": 0.47126766399533,
        "mrr": 0.6057907927714021,
        "nAUC_map_diff1": 0.09413123761841768,
        "nAUC_map_max": 0.15961837308673554,
        "nAUC_map_std": 0.023604359996513516,
        "nAUC_mrr_diff1": 0.13171552147627982,
        "nAUC_mrr_max": 0.2003712448927371,
        "nAUC_mrr_std": 0.04759275876513818
      }
    ]
  },
  "task_name": "AskUbuntuDupQuestions"
}