{
  "dataset_revision": "d66bd1f72af766a5cc4b0ca5e00c162f89e8cc46",
  "evaluation_time": 22.463361501693726,
  "kg_co2_emissions": null,
  "mteb_version": "1.14.19",
  "scores": {
    "test": [
      {
        "cosine_accuracy": 0.9913465346534653,
        "cosine_accuracy_threshold": 0.9485524892807007,
        "cosine_ap": 0.3717483980544066,
        "cosine_f1": 0.4154535274356103,
        "cosine_f1_threshold": 0.9338586330413818,
        "cosine_precision": 0.4720101781170484,
        "cosine_recall": 0.371,
        "dot_accuracy": 0.9903960396039604,
        "dot_accuracy_threshold": 18275.25390625,
        "dot_ap": 0.1708948442333183,
        "dot_f1": 0.23909348441926345,
        "dot_f1_threshold": 17371.095703125,
        "dot_precision": 0.2758169934640523,
        "dot_recall": 0.211,
        "euclidean_accuracy": 0.9912178217821782,
        "euclidean_accuracy_threshold": 42.92891311645508,
        "euclidean_ap": 0.3430313793972817,
        "euclidean_f1": 0.3891454965357967,
        "euclidean_f1_threshold": 48.135704040527344,
        "euclidean_precision": 0.4603825136612022,
        "euclidean_recall": 0.337,
        "hf_subset": "default",
        "languages": [
          "eng-Latn"
        ],
        "main_score": 0.3717483980544066,
        "manhattan_accuracy": 0.9912673267326733,
        "manhattan_accuracy_threshold": 957.0860595703125,
        "manhattan_ap": 0.3501774680774739,
        "manhattan_f1": 0.39856801909307876,
        "manhattan_f1_threshold": 1044.3397216796875,
        "manhattan_precision": 0.4940828402366864,
        "manhattan_recall": 0.334,
        "max_accuracy": 0.9913465346534653,
        "max_ap": 0.3717483980544066,
        "max_f1": 0.4154535274356103,
        "max_precision": 0.4940828402366864,
        "max_recall": 0.371,
        "similarity_accuracy": 0.9913465346534653,
        "similarity_accuracy_threshold": 0.9485524892807007,
        "similarity_ap": 0.3717483980544066,
        "similarity_f1": 0.4154535274356103,
        "similarity_f1_threshold": 0.9338586330413818,
        "similarity_precision": 0.4720101781170484,
        "similarity_recall": 0.371
      }
    ],
    "validation": [
      {
        "cosine_accuracy": 0.9907821782178218,
        "cosine_accuracy_threshold": 0.94658362865448,
        "cosine_ap": 0.2963688983329946,
        "cosine_f1": 0.358948432760364,
        "cosine_f1_threshold": 0.9282638430595398,
        "cosine_precision": 0.36298568507157464,
        "cosine_recall": 0.355,
        "dot_accuracy": 0.9901683168316832,
        "dot_accuracy_threshold": 18442.171875,
        "dot_ap": 0.13223864258400803,
        "dot_f1": 0.20255474452554745,
        "dot_f1_threshold": 17158.052734375,
        "dot_precision": 0.18624161073825504,
        "dot_recall": 0.222,
        "euclidean_accuracy": 0.9907524752475247,
        "euclidean_accuracy_threshold": 43.115787506103516,
        "euclidean_ap": 0.2682347066205963,
        "euclidean_f1": 0.3312649164677804,
        "euclidean_f1_threshold": 50.744171142578125,
        "euclidean_precision": 0.31689497716894977,
        "euclidean_recall": 0.347,
        "hf_subset": "default",
        "languages": [
          "eng-Latn"
        ],
        "main_score": 0.2963688983329946,
        "manhattan_accuracy": 0.9907425742574257,
        "manhattan_accuracy_threshold": 934.4298095703125,
        "manhattan_ap": 0.27368333447349924,
        "manhattan_f1": 0.3368909512761021,
        "manhattan_f1_threshold": 1115.1375732421875,
        "manhattan_precision": 0.3142857142857143,
        "manhattan_recall": 0.363,
        "max_accuracy": 0.9907821782178218,
        "max_ap": 0.2963688983329946,
        "max_f1": 0.358948432760364,
        "max_precision": 0.36298568507157464,
        "max_recall": 0.363,
        "similarity_accuracy": 0.9907821782178218,
        "similarity_accuracy_threshold": 0.94658362865448,
        "similarity_ap": 0.2963688983329946,
        "similarity_f1": 0.358948432760364,
        "similarity_f1_threshold": 0.9282638430595398,
        "similarity_precision": 0.36298568507157464,
        "similarity_recall": 0.355
      }
    ]
  },
  "task_name": "SprintDuplicateQuestions"
}