{
  "dataset_revision": "4d8694f8f0e0100860b497b999b3dbed754a0513",
  "evaluation_time": 5.877499103546143,
  "kg_co2_emissions": null,
  "mteb_version": "1.14.19",
  "scores": {
    "test": [
      {
        "cosine_pearson": 0.5032801004321013,
        "cosine_spearman": 0.5109704674336978,
        "euclidean_pearson": 0.50659833867527,
        "euclidean_spearman": 0.4936882140656,
        "hf_subset": "default",
        "languages": [
          "eng-Latn"
        ],
        "main_score": 0.5109704674336978,
        "manhattan_pearson": 0.5073190883721856,
        "manhattan_spearman": 0.4941636677874452,
        "pearson": 0.5032801004321013,
        "spearman": 0.5109704674336978
      }
    ]
  },
  "task_name": "STS16"
}