{
  "dataset_revision": "d3c5e1fc0b855ab6097bf1cda04dd73947d7caab",
  "evaluation_time": 40.445122957229614,
  "kg_co2_emissions": null,
  "mteb_version": "1.14.20",
  "scores": {
    "test": [
      {
        "hf_subset": "default",
        "languages": [
          "eng-Latn"
        ],
        "main_score": 0.5510553388495784,
        "map": 0.5510553388495784,
        "mrr": 0.7942929165968381,
        "nAUC_map_diff1": 0.1881614304399559,
        "nAUC_map_max": 0.45124334131504096,
        "nAUC_map_std": 0.3491399826124051,
        "nAUC_mrr_diff1": 0.4309434000542358,
        "nAUC_mrr_max": 0.5371823937708731,
        "nAUC_mrr_std": 0.3457462919863496
      }
    ]
  },
  "task_name": "SciDocsRR"
}