{
  "dataset_revision": "e185fbe320c72810689fc5848eb6114e1ef5ec69",
  "evaluation_time": 28.52954626083374,
  "kg_co2_emissions": null,
  "mteb_version": "1.14.20",
  "scores": {
    "test": [
      {
        "hf_subset": "default",
        "languages": [
          "eng-Latn"
        ],
        "main_score": 0.36285028529059665,
        "map": 0.36285028529059665,
        "mrr": 0.35966426343264574,
        "nAUC_map_diff1": 0.2932610375001217,
        "nAUC_map_max": 0.2204380963522767,
        "nAUC_map_std": 0.07334666435499382,
        "nAUC_mrr_diff1": 0.29110111756015417,
        "nAUC_mrr_max": 0.23131170843044283,
        "nAUC_mrr_std": 0.07892218652964093
      }
    ]
  },
  "task_name": "StackOverflowDupQuestions"
}