{
  "dataset_revision": "ae752c7c21bf194d8b67fd573edf7ae58183cbe3",
  "evaluation_time": 6.4405975341796875,
  "kg_co2_emissions": null,
  "mteb_version": "1.14.20",
  "scores": {
    "test": [
      {
        "cosine_pearson": 0.5629321415585602,
        "cosine_spearman": 0.5810745013191365,
        "euclidean_pearson": 0.5727337931113292,
        "euclidean_spearman": 0.5719056537911438,
        "hf_subset": "default",
        "languages": [
          "eng-Latn"
        ],
        "main_score": 0.5810745013191365,
        "manhattan_pearson": 0.5759867492407831,
        "manhattan_spearman": 0.5750388857705295,
        "pearson": 0.5629321415585602,
        "spearman": 0.5810745013191365
      }
    ]
  },
  "task_name": "STS15"
}