{
  "dataset_revision": "2000358ca161889fa9c082cb41daa8dcfb161a54",
  "evaluation_time": 26.00034499168396,
  "kg_co2_emissions": null,
  "mteb_version": "1.14.20",
  "scores": {
    "test": [
      {
        "hf_subset": "default",
        "languages": [
          "eng-Latn"
        ],
        "main_score": 0.47464250230582916,
        "map": 0.47464250230582916,
        "mrr": 0.599971419777514,
        "nAUC_map_diff1": 0.05956365190453662,
        "nAUC_map_max": 0.1916812134459222,
        "nAUC_map_std": -0.03205686340259704,
        "nAUC_mrr_diff1": 0.09243280645789113,
        "nAUC_mrr_max": 0.25406477740735184,
        "nAUC_mrr_std": -0.03255255791364621
      }
    ]
  },
  "task_name": "AskUbuntuDupQuestions"
}