{
  "dataset_revision": "d3fb88f8f02e40887cd149695127462bbcf29b4a",
  "evaluation_time": 3.2273919582366943,
  "kg_co2_emissions": null,
  "mteb_version": "1.14.20",
  "scores": {
    "test": [
      {
        "cosine_pearson": 0.52824458529637,
        "cosine_spearman": 0.5728323294816573,
        "euclidean_pearson": 0.5292726033889765,
        "euclidean_spearman": 0.55462709538594,
        "hf_subset": "default",
        "languages": [
          "eng-Latn"
        ],
        "main_score": 0.5728323294816573,
        "manhattan_pearson": 0.6076271903194906,
        "manhattan_spearman": 0.6054836758743734,
        "pearson": 0.52824458529637,
        "spearman": 0.5728323294816573
      }
    ]
  },
  "task_name": "BIOSSES"
}