{
  "dataset_revision": "b0fddb56ed78048fa8b90373c8a3cfc37b684831",
  "evaluation_time": 20.62660789489746,
  "kg_co2_emissions": null,
  "mteb_version": "1.14.20",
  "scores": {
    "test": [
      {
        "cosine_pearson": 0.3894150152373183,
        "cosine_spearman": 0.3887221594101352,
        "euclidean_pearson": 0.4207454781251224,
        "euclidean_spearman": 0.41682222077418607,
        "hf_subset": "default",
        "languages": [
          "eng-Latn"
        ],
        "main_score": 0.3887221594101352,
        "manhattan_pearson": 0.4498174782031193,
        "manhattan_spearman": 0.44687930538659165,
        "pearson": 0.3894150152373183,
        "spearman": 0.3887221594101352
      }
    ]
  },
  "task_name": "STSBenchmark"
}