{
  "dataset_revision": "d3fb88f8f02e40887cd149695127462bbcf29b4a",
  "evaluation_time": 1.6676654815673828,
  "kg_co2_emissions": null,
  "mteb_version": "1.14.20",
  "scores": {
    "test": [
      {
        "cosine_pearson": 0.587723528763258,
        "cosine_spearman": 0.587423023386299,
        "euclidean_pearson": 0.5459482690207526,
        "euclidean_spearman": 0.5390966210316187,
        "hf_subset": "default",
        "languages": [
          "eng-Latn"
        ],
        "main_score": 0.587423023386299,
        "manhattan_pearson": 0.539464987268022,
        "manhattan_spearman": 0.5282228792901329,
        "pearson": 0.587723528763258,
        "spearman": 0.587423023386299
      }
    ]
  },
  "task_name": "BIOSSES"
}