{
  "dataset_revision": "59042f120c80e8afa9cdbb224f67076cec0fc9a7",
  "evaluation_time": 115.12954306602478,
  "kg_co2_emissions": null,
  "mteb_version": "1.14.20",
  "scores": {
    "test": [
      {
        "hf_subset": "default",
        "languages": [
          "eng-Latn"
        ],
        "main_score": 0.255630425808086,
        "map": 0.255630425808086,
        "mrr": 0.25818657539984613,
        "nAUC_map_diff1": 0.21489156944167656,
        "nAUC_map_max": -0.25151509717520293,
        "nAUC_map_std": -0.14630823766666654,
        "nAUC_mrr_diff1": 0.19923768503038322,
        "nAUC_mrr_max": -0.18609567427511553,
        "nAUC_mrr_std": -0.12687847905163024
      }
    ]
  },
  "task_name": "MindSmallReranking"
}