{
  "dataset_revision": "d3c5e1fc0b855ab6097bf1cda04dd73947d7caab",
  "evaluation_time": 52.146141052246094,
  "kg_co2_emissions": null,
  "mteb_version": "1.14.20",
  "scores": {
    "test": [
      {
        "hf_subset": "default",
        "languages": [
          "eng-Latn"
        ],
        "main_score": 0.48455614424849514,
        "map": 0.48455614424849514,
        "mrr": 0.7175488001468393,
        "nAUC_map_diff1": 0.22552398517171507,
        "nAUC_map_max": 0.3254306711825777,
        "nAUC_map_std": 0.26912015249018423,
        "nAUC_mrr_diff1": 0.3900620835101875,
        "nAUC_mrr_max": 0.4158655532016848,
        "nAUC_mrr_std": 0.26221438216145015
      }
    ]
  },
  "task_name": "SciDocsRR"
}