{
  "dataset_revision": "ae752c7c21bf194d8b67fd573edf7ae58183cbe3",
  "evaluation_time": 7.332423210144043,
  "kg_co2_emissions": null,
  "mteb_version": "1.14.20",
  "scores": {
    "test": [
      {
        "cosine_pearson": 0.532017195246692,
        "cosine_spearman": 0.5309781939284212,
        "euclidean_pearson": 0.48517899381540663,
        "euclidean_spearman": 0.4853675543715869,
        "hf_subset": "default",
        "languages": [
          "eng-Latn"
        ],
        "main_score": 0.5309781939284212,
        "manhattan_pearson": 0.4848569495966946,
        "manhattan_spearman": 0.4851755352268228,
        "pearson": 0.532017195246692,
        "spearman": 0.5309781939284212
      }
    ]
  },
  "task_name": "STS15"
}