{
  "dataset_revision": "59042f120c80e8afa9cdbb224f67076cec0fc9a7",
  "evaluation_time": 129.51219058036804,
  "kg_co2_emissions": null,
  "mteb_version": "1.14.19",
  "scores": {
    "test": [
      {
        "hf_subset": "default",
        "languages": [
          "eng-Latn"
        ],
        "main_score": 0.261991492675049,
        "map": 0.261991492675049,
        "mrr": 0.2653846562636633,
        "nAUC_map_diff1": 0.2127096067967541,
        "nAUC_map_max": -0.25594117991003634,
        "nAUC_map_std": -0.15178705668789633,
        "nAUC_mrr_diff1": 0.19095279016718433,
        "nAUC_mrr_max": -0.1989483927966405,
        "nAUC_mrr_std": -0.13924319731371487
      }
    ]
  },
  "task_name": "MindSmallReranking"
}