{
  "dataset_revision": "b0fddb56ed78048fa8b90373c8a3cfc37b684831",
  "evaluation_time": 4.01450777053833,
  "kg_co2_emissions": null,
  "mteb_version": "1.14.19",
  "scores": {
    "test": [
      {
        "cosine_pearson": 0.24087869612268675,
        "cosine_spearman": 0.26669061528417143,
        "euclidean_pearson": 0.2650066571270921,
        "euclidean_spearman": 0.268422704809603,
        "hf_subset": "default",
        "languages": [
          "eng-Latn"
        ],
        "main_score": 0.26669061528417143,
        "manhattan_pearson": 0.26470209324891963,
        "manhattan_spearman": 0.2688941248887565,
        "pearson": 0.24087869612268675,
        "spearman": 0.26669061528417143
      }
    ]
  },
  "task_name": "STSBenchmark"
}