{
  "dataset_revision": "d3c5e1fc0b855ab6097bf1cda04dd73947d7caab",
  "evaluation_time": 1297.6587567329407,
  "kg_co2_emissions": null,
  "mteb_version": "1.14.21",
  "scores": {
    "test": [
      {
        "hf_subset": "default",
        "languages": [
          "eng-Latn"
        ],
        "main_score": 0.8212098310974313,
        "map": 0.8212098310974313,
        "mrr": 0.9496811830145163,
        "nAUC_map_diff1": -0.038801866587586255,
        "nAUC_map_max": 0.5235864888142787,
        "nAUC_map_std": 0.6271459971029861,
        "nAUC_mrr_diff1": 0.36494256938013725,
        "nAUC_mrr_max": 0.7684611295342005,
        "nAUC_mrr_std": 0.6906928966329279
      }
    ]
  },
  "task_name": "SciDocsRR"
}