{
  "dataset_revision": "4d8694f8f0e0100860b497b999b3dbed754a0513",
  "evaluation_time": 63.4880211353302,
  "kg_co2_emissions": null,
  "mteb_version": "1.14.21",
  "scores": {
    "test": [
      {
        "cosine_pearson": 0.7254865839115124,
        "cosine_spearman": 0.7383774804497449,
        "euclidean_pearson": 0.7234615288945881,
        "euclidean_spearman": 0.7306935002173216,
        "hf_subset": "default",
        "languages": [
          "eng-Latn"
        ],
        "main_score": 0.7383774804497449,
        "manhattan_pearson": 0.7259212950607898,
        "manhattan_spearman": 0.7342203621755209,
        "pearson": 0.7254865839115124,
        "spearman": 0.7383774804497449
      }
    ]
  },
  "task_name": "STS16"
}