{
  "dataset_revision": "6031580fec1f6af667f0bd2da0a551cf4f0b2375",
  "evaluation_time": 117.50973010063171,
  "kg_co2_emissions": null,
  "mteb_version": "1.14.21",
  "scores": {
    "test": [
      {
        "cosine_pearson": 0.6714025038023712,
        "cosine_spearman": 0.6338761236200001,
        "euclidean_pearson": 0.6662935456501743,
        "euclidean_spearman": 0.6335221165094191,
        "hf_subset": "default",
        "languages": [
          "eng-Latn"
        ],
        "main_score": 0.6338761236200001,
        "manhattan_pearson": 0.6709131532409327,
        "manhattan_spearman": 0.6382389920574236,
        "pearson": 0.6714025038023712,
        "spearman": 0.6338761236200001
      }
    ]
  },
  "task_name": "STS14"
}