{
  "dataset_revision": "ae752c7c21bf194d8b67fd573edf7ae58183cbe3",
  "evaluation_time": 98.41145205497742,
  "kg_co2_emissions": null,
  "mteb_version": "1.14.21",
  "scores": {
    "test": [
      {
        "cosine_pearson": 0.7584770103413648,
        "cosine_spearman": 0.7682592380865895,
        "euclidean_pearson": 0.7401995415712723,
        "euclidean_spearman": 0.7520606180442263,
        "hf_subset": "default",
        "languages": [
          "eng-Latn"
        ],
        "main_score": 0.7682592380865895,
        "manhattan_pearson": 0.7408717720154878,
        "manhattan_spearman": 0.7532774698235735,
        "pearson": 0.7584770103413648,
        "spearman": 0.7682592380865895
      }
    ]
  },
  "task_name": "STS15"
}