{
  "dataset_revision": "2000358ca161889fa9c082cb41daa8dcfb161a54",
  "evaluation_time": 8.862417459487915,
  "kg_co2_emissions": null,
  "mteb_version": "1.14.20",
  "scores": {
    "test": [
      {
        "hf_subset": "default",
        "languages": [
          "eng-Latn"
        ],
        "main_score": 0.47791220984173277,
        "map": 0.47791220984173277,
        "mrr": 0.6077474387723695,
        "nAUC_map_diff1": 0.10914263119240036,
        "nAUC_map_max": 0.20275494878616265,
        "nAUC_map_std": 0.04218614504843469,
        "nAUC_mrr_diff1": 0.1640857054718108,
        "nAUC_mrr_max": 0.22702748926916122,
        "nAUC_mrr_std": 0.04201992906752053
      }
    ]
  },
  "task_name": "AskUbuntuDupQuestions"
}