{
  "dataset_revision": "7e90230a92c190f1bf69ae9002b8cea547a64cca",
  "evaluation_time": 8.698061466217041,
  "kg_co2_emissions": null,
  "mteb_version": "1.14.20",
  "scores": {
    "test": [
      {
        "cosine_pearson": 0.5111057391587224,
        "cosine_spearman": 0.5174921630450642,
        "euclidean_pearson": 0.512925808040329,
        "euclidean_spearman": 0.5138195266314505,
        "hf_subset": "default",
        "languages": [
          "eng-Latn"
        ],
        "main_score": 0.5174921630450642,
        "manhattan_pearson": 0.5148610530060362,
        "manhattan_spearman": 0.5154105869047574,
        "pearson": 0.5111057391587224,
        "spearman": 0.5174921630450642
      }
    ]
  },
  "task_name": "STS13"
}