{
  "dataset_revision": "ae752c7c21bf194d8b67fd573edf7ae58183cbe3",
  "evaluation_time": 11.44136118888855,
  "kg_co2_emissions": null,
  "mteb_version": "1.14.20",
  "scores": {
    "test": [
      {
        "cosine_pearson": 0.5729846915237298,
        "cosine_spearman": 0.5816425330125985,
        "euclidean_pearson": 0.551333771933446,
        "euclidean_spearman": 0.5564327049694802,
        "hf_subset": "default",
        "languages": [
          "eng-Latn"
        ],
        "main_score": 0.5816425330125985,
        "manhattan_pearson": 0.5513073006955311,
        "manhattan_spearman": 0.5570067467572195,
        "pearson": 0.5729846915237298,
        "spearman": 0.5816425330125985
      }
    ]
  },
  "task_name": "STS15"
}