{
  "dataset_revision": "a0d554a64d88156834ff5ae9920b964011b16384",
  "evaluation_time": 3.8107824325561523,
  "kg_co2_emissions": null,
  "mteb_version": "1.14.20",
  "scores": {
    "test": [
      {
        "cosine_pearson": 0.3919876542866603,
        "cosine_spearman": 0.4055377764066934,
        "euclidean_pearson": 0.3898900363975756,
        "euclidean_spearman": 0.37251780198157247,
        "hf_subset": "default",
        "languages": [
          "eng-Latn"
        ],
        "main_score": 0.4055377764066934,
        "manhattan_pearson": 0.39331645050217523,
        "manhattan_spearman": 0.3757413954517942,
        "pearson": 0.3919876542866603,
        "spearman": 0.4055377764066934
      }
    ]
  },
  "task_name": "STS12"
}