{
  "dataset_revision": "2000358ca161889fa9c082cb41daa8dcfb161a54",
  "evaluation_time": 6.500182867050171,
  "kg_co2_emissions": null,
  "mteb_version": "1.14.20",
  "scores": {
    "test": [
      {
        "hf_subset": "default",
        "languages": [
          "eng-Latn"
        ],
        "main_score": 0.47584648293124493,
        "map": 0.47584648293124493,
        "mrr": 0.5964780371982588,
        "nAUC_map_diff1": 0.1571911100322057,
        "nAUC_map_max": 0.20082844399138705,
        "nAUC_map_std": 0.09806254229742797,
        "nAUC_mrr_diff1": 0.21235616828624934,
        "nAUC_mrr_max": 0.2605567234812926,
        "nAUC_mrr_std": 0.10253170306862937
      }
    ]
  },
  "task_name": "AskUbuntuDupQuestions"
}