{
  "dataset_revision": "59042f120c80e8afa9cdbb224f67076cec0fc9a7",
  "evaluation_time": 114.45785927772522,
  "kg_co2_emissions": null,
  "mteb_version": "1.14.20",
  "scores": {
    "test": [
      {
        "hf_subset": "default",
        "languages": [
          "eng-Latn"
        ],
        "main_score": 0.2602989825420514,
        "map": 0.2602989825420514,
        "mrr": 0.2641167818354235,
        "nAUC_map_diff1": 0.2225646123924374,
        "nAUC_map_max": -0.248727922913913,
        "nAUC_map_std": -0.12096914129121994,
        "nAUC_mrr_diff1": 0.19931362590477397,
        "nAUC_mrr_max": -0.18992700507809487,
        "nAUC_mrr_std": -0.10080002284671136
      }
    ]
  },
  "task_name": "MindSmallReranking"
}