{
  "dataset_revision": "20a6d6f312dd54037fe07a32d58e5e168867909d",
  "evaluation_time": 13.666742324829102,
  "kg_co2_emissions": null,
  "mteb_version": "1.14.20",
  "scores": {
    "test": [
      {
        "cosine_pearson": 0.6057704486855262,
        "cosine_spearman": 0.5582471404593355,
        "euclidean_pearson": 0.5748268973964671,
        "euclidean_spearman": 0.5602649609013904,
        "hf_subset": "default",
        "languages": [
          "eng-Latn"
        ],
        "main_score": 0.5582471404593355,
        "manhattan_pearson": 0.5774615879332684,
        "manhattan_spearman": 0.5635382888567784,
        "pearson": 0.6057704486855262,
        "spearman": 0.5582471404593355
      }
    ]
  },
  "task_name": "SICK-R"
}