{
  "dataset_revision": "e185fbe320c72810689fc5848eb6114e1ef5ec69",
  "evaluation_time": 35.280404806137085,
  "kg_co2_emissions": null,
  "mteb_version": "1.14.20",
  "scores": {
    "test": [
      {
        "hf_subset": "default",
        "languages": [
          "eng-Latn"
        ],
        "main_score": 0.36822386761452,
        "map": 0.36822386761452,
        "mrr": 0.36710062813003996,
        "nAUC_map_diff1": 0.2870553782596876,
        "nAUC_map_max": 0.2219027620474873,
        "nAUC_map_std": 0.11426092475196326,
        "nAUC_mrr_diff1": 0.2844543138409528,
        "nAUC_mrr_max": 0.23258097152332252,
        "nAUC_mrr_std": 0.11408157217008116
      }
    ]
  },
  "task_name": "StackOverflowDupQuestions"
}