{
  "dataset_revision": "ae752c7c21bf194d8b67fd573edf7ae58183cbe3",
  "evaluation_time": 7.5333778858184814,
  "kg_co2_emissions": null,
  "mteb_version": "1.14.20",
  "scores": {
    "test": [
      {
        "cosine_pearson": 0.5906716115556042,
        "cosine_spearman": 0.605454379000843,
        "euclidean_pearson": 0.5895197637863028,
        "euclidean_spearman": 0.5943013140672609,
        "hf_subset": "default",
        "languages": [
          "eng-Latn"
        ],
        "main_score": 0.605454379000843,
        "manhattan_pearson": 0.5952528931119881,
        "manhattan_spearman": 0.5995092980671209,
        "pearson": 0.5906716115556042,
        "spearman": 0.605454379000843
      }
    ]
  },
  "task_name": "STS15"
}