{
  "dataset_revision": "d3fb88f8f02e40887cd149695127462bbcf29b4a",
  "evaluation_time": 3.437154531478882,
  "kg_co2_emissions": null,
  "mteb_version": "1.14.19",
  "scores": {
    "test": [
      {
        "cosine_pearson": 0.4608291895383449,
        "cosine_spearman": 0.4771614748575387,
        "euclidean_pearson": 0.4062454344332585,
        "euclidean_spearman": 0.4164793692830314,
        "hf_subset": "default",
        "languages": [
          "eng-Latn"
        ],
        "main_score": 0.4771614748575387,
        "manhattan_pearson": 0.48120322583332975,
        "manhattan_spearman": 0.48000491314118476,
        "pearson": 0.4608291895383449,
        "spearman": 0.4771614748575387
      }
    ]
  },
  "task_name": "BIOSSES"
}