{
  "dataset_revision": "2000358ca161889fa9c082cb41daa8dcfb161a54",
  "evaluation_time": 5.268033266067505,
  "kg_co2_emissions": null,
  "mteb_version": "1.14.19",
  "scores": {
    "test": [
      {
        "hf_subset": "default",
        "languages": [
          "eng-Latn"
        ],
        "main_score": 0.4448633439294574,
        "map": 0.4448633439294574,
        "mrr": 0.5756617420744844,
        "nAUC_map_diff1": -0.011067715414616796,
        "nAUC_map_max": 0.08328947806477957,
        "nAUC_map_std": -0.034052191865253136,
        "nAUC_mrr_diff1": 0.02285560223138958,
        "nAUC_mrr_max": 0.12058404521108651,
        "nAUC_mrr_std": -0.037030252001685755
      }
    ]
  },
  "task_name": "AskUbuntuDupQuestions"
}