{
  "dataset_revision": "20a6d6f312dd54037fe07a32d58e5e168867909d",
  "evaluation_time": 8.536034107208252,
  "kg_co2_emissions": null,
  "mteb_version": "1.14.19",
  "scores": {
    "test": [
      {
        "cosine_pearson": 0.41191253830096575,
        "cosine_spearman": 0.4027678985102682,
        "euclidean_pearson": 0.41653232403004725,
        "euclidean_spearman": 0.4043132400458222,
        "hf_subset": "default",
        "languages": [
          "eng-Latn"
        ],
        "main_score": 0.4027678985102682,
        "manhattan_pearson": 0.4171311798606659,
        "manhattan_spearman": 0.4058006935901163,
        "pearson": 0.41191253830096575,
        "spearman": 0.4027678985102682
      }
    ]
  },
  "task_name": "SICK-R"
}