{
  "dataset_revision": "a0d554a64d88156834ff5ae9920b964011b16384",
  "evaluation_time": 5.832188844680786,
  "kg_co2_emissions": null,
  "mteb_version": "1.14.19",
  "scores": {
    "test": [
      {
        "cosine_pearson": 0.23332387062904392,
        "cosine_spearman": 0.28551546530102206,
        "euclidean_pearson": 0.26379637937341427,
        "euclidean_spearman": 0.28016723840105623,
        "hf_subset": "default",
        "languages": [
          "eng-Latn"
        ],
        "main_score": 0.28551546530102206,
        "manhattan_pearson": 0.2728686570437609,
        "manhattan_spearman": 0.2858510581688844,
        "pearson": 0.23332387062904392,
        "spearman": 0.28551546530102206
      }
    ]
  },
  "task_name": "STS12"
}