{
  "dataset_revision": "d3fb88f8f02e40887cd149695127462bbcf29b4a",
  "evaluation_time": 1.853788137435913,
  "kg_co2_emissions": null,
  "mteb_version": "1.14.20",
  "scores": {
    "test": [
      {
        "cosine_pearson": 0.5040569609746107,
        "cosine_spearman": 0.4844327248752523,
        "euclidean_pearson": 0.45215697655672976,
        "euclidean_spearman": 0.4476668268983619,
        "hf_subset": "default",
        "languages": [
          "eng-Latn"
        ],
        "main_score": 0.4844327248752523,
        "manhattan_pearson": 0.4569370479118844,
        "manhattan_spearman": 0.45159462723933075,
        "pearson": 0.5040569609746107,
        "spearman": 0.4844327248752523
      }
    ]
  },
  "task_name": "BIOSSES"
}