{
  "dataset_revision": "e185fbe320c72810689fc5848eb6114e1ef5ec69",
  "evaluation_time": 26.511950254440308,
  "kg_co2_emissions": null,
  "mteb_version": "1.14.20",
  "scores": {
    "test": [
      {
        "hf_subset": "default",
        "languages": [
          "eng-Latn"
        ],
        "main_score": 0.32864227419214204,
        "map": 0.32864227419214204,
        "mrr": 0.32382039937186996,
        "nAUC_map_diff1": 0.2539825061801708,
        "nAUC_map_max": 0.20794278636149718,
        "nAUC_map_std": 0.11510167132197138,
        "nAUC_mrr_diff1": 0.24832220630960047,
        "nAUC_mrr_max": 0.20958652814302545,
        "nAUC_mrr_std": 0.117507509658309
      }
    ]
  },
  "task_name": "StackOverflowDupQuestions"
}