{
  "dataset_revision": "6031580fec1f6af667f0bd2da0a551cf4f0b2375",
  "evaluation_time": 4.763510465621948,
  "kg_co2_emissions": null,
  "mteb_version": "1.14.20",
  "scores": {
    "test": [
      {
        "cosine_pearson": 0.38928818907800145,
        "cosine_spearman": 0.370460592977576,
        "euclidean_pearson": 0.4093922743059763,
        "euclidean_spearman": 0.3923530641546202,
        "hf_subset": "default",
        "languages": [
          "eng-Latn"
        ],
        "main_score": 0.370460592977576,
        "manhattan_pearson": 0.40937985926555265,
        "manhattan_spearman": 0.3921779485153959,
        "pearson": 0.38928818907800145,
        "spearman": 0.370460592977576
      }
    ]
  },
  "task_name": "STS14"
}