{
  "dataset_revision": "2000358ca161889fa9c082cb41daa8dcfb161a54",
  "evaluation_time": 6.056849956512451,
  "kg_co2_emissions": null,
  "mteb_version": "1.14.20",
  "scores": {
    "test": [
      {
        "hf_subset": "default",
        "languages": [
          "eng-Latn"
        ],
        "main_score": 0.47117664411570104,
        "map": 0.47117664411570104,
        "mrr": 0.5936936639845227,
        "nAUC_map_diff1": 0.15707913242442983,
        "nAUC_map_max": 0.16053160391233867,
        "nAUC_map_std": 0.043380316821131186,
        "nAUC_mrr_diff1": 0.19826086424185393,
        "nAUC_mrr_max": 0.20078882146790808,
        "nAUC_mrr_std": 0.04229717416548745
      }
    ]
  },
  "task_name": "AskUbuntuDupQuestions"
}