{
  "dataset_revision": "d3c5e1fc0b855ab6097bf1cda04dd73947d7caab",
  "evaluation_time": 42.807888984680176,
  "kg_co2_emissions": null,
  "mteb_version": "1.14.20",
  "scores": {
    "test": [
      {
        "hf_subset": "default",
        "languages": [
          "eng-Latn"
        ],
        "main_score": 0.5275916895498685,
        "map": 0.5275916895498685,
        "mrr": 0.7714893222246164,
        "nAUC_map_diff1": 0.18372641273749302,
        "nAUC_map_max": 0.45232539856923204,
        "nAUC_map_std": 0.41448695900634297,
        "nAUC_mrr_diff1": 0.3803638215689453,
        "nAUC_mrr_max": 0.5291633673108969,
        "nAUC_mrr_std": 0.40380923830155885
      }
    ]
  },
  "task_name": "SciDocsRR"
}