{
  "dataset_revision": "a0d554a64d88156834ff5ae9920b964011b16384",
  "evaluation_time": 6.1082189083099365,
  "kg_co2_emissions": null,
  "mteb_version": "1.14.20",
  "scores": {
    "test": [
      {
        "cosine_pearson": 0.2912700731601821,
        "cosine_spearman": 0.338094687204226,
        "euclidean_pearson": 0.3381629193472975,
        "euclidean_spearman": 0.34745925593653487,
        "hf_subset": "default",
        "languages": [
          "eng-Latn"
        ],
        "main_score": 0.338094687204226,
        "manhattan_pearson": 0.3374169096635653,
        "manhattan_spearman": 0.3470409552264753,
        "pearson": 0.2912700731601821,
        "spearman": 0.338094687204226
      }
    ]
  },
  "task_name": "STS12"
}