{
  "dataset_revision": "59042f120c80e8afa9cdbb224f67076cec0fc9a7",
  "evaluation_time": 163.70812511444092,
  "kg_co2_emissions": null,
  "mteb_version": "1.14.19",
  "scores": {
    "test": [
      {
        "hf_subset": "default",
        "languages": [
          "eng-Latn"
        ],
        "main_score": 0.2918528908394879,
        "map": 0.2918528908394879,
        "mrr": 0.2988505891798203,
        "nAUC_map_diff1": 0.22081728264601036,
        "nAUC_map_max": -0.29252556251441186,
        "nAUC_map_std": -0.14659757153178402,
        "nAUC_mrr_diff1": 0.19885727699843708,
        "nAUC_mrr_max": -0.23189856387336874,
        "nAUC_mrr_std": -0.12841008244875646
      }
    ]
  },
  "task_name": "MindSmallReranking"
}