{
  "dataset_revision": "d66bd1f72af766a5cc4b0ca5e00c162f89e8cc46",
  "evaluation_time": 33.10694622993469,
  "kg_co2_emissions": null,
  "mteb_version": "1.14.19",
  "scores": {
    "test": [
      {
        "cosine_accuracy": 0.991960396039604,
        "cosine_accuracy_threshold": 0.8927464485168457,
        "cosine_ap": 0.44893531194269026,
        "cosine_f1": 0.4847161572052402,
        "cosine_f1_threshold": 0.873047947883606,
        "cosine_precision": 0.5336538461538461,
        "cosine_recall": 0.444,
        "dot_accuracy": 0.9901089108910891,
        "dot_accuracy_threshold": 2976.3720703125,
        "dot_ap": 0.045208100489586,
        "dot_f1": 0.100418410041841,
        "dot_f1_threshold": 2234.2978515625,
        "dot_precision": 0.07708779443254818,
        "dot_recall": 0.144,
        "euclidean_accuracy": 0.9921683168316832,
        "euclidean_accuracy_threshold": 22.39611053466797,
        "euclidean_ap": 0.46604337457377404,
        "euclidean_f1": 0.506145251396648,
        "euclidean_f1_threshold": 24.00054931640625,
        "euclidean_precision": 0.5734177215189873,
        "euclidean_recall": 0.453,
        "hf_subset": "default",
        "languages": [
          "eng-Latn"
        ],
        "main_score": 0.4720489587504184,
        "manhattan_accuracy": 0.9922079207920792,
        "manhattan_accuracy_threshold": 569.8169555664062,
        "manhattan_ap": 0.4720489587504184,
        "manhattan_f1": 0.510957324106113,
        "manhattan_f1_threshold": 606.4822998046875,
        "manhattan_precision": 0.603542234332425,
        "manhattan_recall": 0.443,
        "max_accuracy": 0.9922079207920792,
        "max_ap": 0.4720489587504184,
        "max_f1": 0.510957324106113,
        "max_precision": 0.603542234332425,
        "max_recall": 0.453,
        "similarity_accuracy": 0.991960396039604,
        "similarity_accuracy_threshold": 0.8927464485168457,
        "similarity_ap": 0.44893531194269026,
        "similarity_f1": 0.4847161572052402,
        "similarity_f1_threshold": 0.873047947883606,
        "similarity_precision": 0.5336538461538461,
        "similarity_recall": 0.444
      }
    ],
    "validation": [
      {
        "cosine_accuracy": 0.991049504950495,
        "cosine_accuracy_threshold": 0.8930703401565552,
        "cosine_ap": 0.34778295101247714,
        "cosine_f1": 0.3896940418679549,
        "cosine_f1_threshold": 0.8686375617980957,
        "cosine_precision": 0.4206257242178447,
        "cosine_recall": 0.363,
        "dot_accuracy": 0.9901287128712871,
        "dot_accuracy_threshold": 2976.17333984375,
        "dot_ap": 0.049878870480444745,
        "dot_f1": 0.10563106796116506,
        "dot_f1_threshold": 2263.17138671875,
        "dot_precision": 0.08634920634920636,
        "dot_recall": 0.136,
        "euclidean_accuracy": 0.9914257425742574,
        "euclidean_accuracy_threshold": 22.990623474121094,
        "euclidean_ap": 0.3894083212732281,
        "euclidean_f1": 0.43632210165619645,
        "euclidean_f1_threshold": 24.79583168029785,
        "euclidean_precision": 0.5086551264980027,
        "euclidean_recall": 0.382,
        "hf_subset": "default",
        "languages": [
          "eng-Latn"
        ],
        "main_score": 0.39610207517870255,
        "manhattan_accuracy": 0.9915049504950495,
        "manhattan_accuracy_threshold": 583.96240234375,
        "manhattan_ap": 0.39610207517870255,
        "manhattan_f1": 0.4427832087406556,
        "manhattan_f1_threshold": 629.7791137695312,
        "manhattan_precision": 0.5209742895805142,
        "manhattan_recall": 0.385,
        "max_accuracy": 0.9915049504950495,
        "max_ap": 0.39610207517870255,
        "max_f1": 0.4427832087406556,
        "max_precision": 0.5209742895805142,
        "max_recall": 0.385,
        "similarity_accuracy": 0.991049504950495,
        "similarity_accuracy_threshold": 0.8930703401565552,
        "similarity_ap": 0.34778295101247714,
        "similarity_f1": 0.3896940418679549,
        "similarity_f1_threshold": 0.8686375617980957,
        "similarity_precision": 0.4206257242178447,
        "similarity_recall": 0.363
      }
    ]
  },
  "task_name": "SprintDuplicateQuestions"
}