{
  "dataset_revision": "ae752c7c21bf194d8b67fd573edf7ae58183cbe3",
  "evaluation_time": 16.138149976730347,
  "kg_co2_emissions": null,
  "mteb_version": "1.14.19",
  "scores": {
    "test": [
      {
        "cosine_pearson": 0.4942600798002509,
        "cosine_spearman": 0.5340168217558755,
        "euclidean_pearson": 0.5480062248879067,
        "euclidean_spearman": 0.5601058065718789,
        "hf_subset": "default",
        "languages": [
          "eng-Latn"
        ],
        "main_score": 0.5340168217558755,
        "manhattan_pearson": 0.5482821156209882,
        "manhattan_spearman": 0.5606594246948265,
        "pearson": 0.4942600798002509,
        "spearman": 0.5340168217558755
      }
    ]
  },
  "task_name": "STS15"
}