{
  "dataset_revision": "6031580fec1f6af667f0bd2da0a551cf4f0b2375",
  "evaluation_time": 18.775601148605347,
  "kg_co2_emissions": null,
  "mteb_version": "1.14.19",
  "scores": {
    "test": [
      {
        "cosine_pearson": 0.4995671306034694,
        "cosine_spearman": 0.473654861169911,
        "euclidean_pearson": 0.48316231831617523,
        "euclidean_spearman": 0.46860309491450275,
        "hf_subset": "default",
        "languages": [
          "eng-Latn"
        ],
        "main_score": 0.473654861169911,
        "manhattan_pearson": 0.4866260275363383,
        "manhattan_spearman": 0.47169035982735447,
        "pearson": 0.4995671306034694,
        "spearman": 0.473654861169911
      }
    ]
  },
  "task_name": "STS14"
}