{
  "dataset_revision": "2000358ca161889fa9c082cb41daa8dcfb161a54",
  "evaluation_time": 8.97878360748291,
  "kg_co2_emissions": null,
  "mteb_version": "1.14.20",
  "scores": {
    "test": [
      {
        "hf_subset": "default",
        "languages": [
          "eng-Latn"
        ],
        "main_score": 0.470027486492069,
        "map": 0.470027486492069,
        "mrr": 0.6061095721760541,
        "nAUC_map_diff1": 0.043372263543217174,
        "nAUC_map_max": 0.15757421504882652,
        "nAUC_map_std": 0.09053135082173042,
        "nAUC_mrr_diff1": 0.09742637544528689,
        "nAUC_mrr_max": 0.200327505550508,
        "nAUC_mrr_std": 0.08337092897968082
      }
    ]
  },
  "task_name": "AskUbuntuDupQuestions"
}