{
  "dataset_revision": "d3fb88f8f02e40887cd149695127462bbcf29b4a",
  "evaluation_time": 2.2739479541778564,
  "kg_co2_emissions": null,
  "mteb_version": "1.14.20",
  "scores": {
    "test": [
      {
        "cosine_pearson": 0.7088463713623293,
        "cosine_spearman": 0.697232754391175,
        "euclidean_pearson": 0.7014361126893479,
        "euclidean_spearman": 0.6969255184749337,
        "hf_subset": "default",
        "languages": [
          "eng-Latn"
        ],
        "main_score": 0.697232754391175,
        "manhattan_pearson": 0.7081594985699674,
        "manhattan_spearman": 0.7035461512582538,
        "pearson": 0.7088463713623293,
        "spearman": 0.697232754391175
      }
    ]
  },
  "task_name": "BIOSSES"
}