{
  "dataset_revision": "ae752c7c21bf194d8b67fd573edf7ae58183cbe3",
  "evaluation_time": 11.56639552116394,
  "kg_co2_emissions": null,
  "mteb_version": "1.14.20",
  "scores": {
    "test": [
      {
        "cosine_pearson": 0.5006350254032463,
        "cosine_spearman": 0.5202088897358467,
        "euclidean_pearson": 0.5021429169243511,
        "euclidean_spearman": 0.5062859053809885,
        "hf_subset": "default",
        "languages": [
          "eng-Latn"
        ],
        "main_score": 0.5202088897358467,
        "manhattan_pearson": 0.5025813768174151,
        "manhattan_spearman": 0.5071751035932583,
        "pearson": 0.5006350254032463,
        "spearman": 0.5202088897358467
      }
    ]
  },
  "task_name": "STS15"
}