{
  "dataset_revision": "6031580fec1f6af667f0bd2da0a551cf4f0b2375",
  "evaluation_time": 13.527456283569336,
  "kg_co2_emissions": null,
  "mteb_version": "1.14.20",
  "scores": {
    "test": [
      {
        "cosine_pearson": 0.4266871216922343,
        "cosine_spearman": 0.41523022543423493,
        "euclidean_pearson": 0.4275353504804353,
        "euclidean_spearman": 0.4147828912324768,
        "hf_subset": "default",
        "languages": [
          "eng-Latn"
        ],
        "main_score": 0.41523022543423493,
        "manhattan_pearson": 0.4286403116199176,
        "manhattan_spearman": 0.41532773582845495,
        "pearson": 0.4266871216922343,
        "spearman": 0.41523022543423493
      }
    ]
  },
  "task_name": "STS14"
}