{
  "dataset_revision": "59042f120c80e8afa9cdbb224f67076cec0fc9a7",
  "evaluation_time": 134.94613671302795,
  "kg_co2_emissions": null,
  "mteb_version": "1.14.20",
  "scores": {
    "test": [
      {
        "hf_subset": "default",
        "languages": [
          "eng-Latn"
        ],
        "main_score": 0.2842805960039112,
        "map": 0.2842805960039112,
        "mrr": 0.2902054308994172,
        "nAUC_map_diff1": 0.19888995392745795,
        "nAUC_map_max": -0.28057035207007947,
        "nAUC_map_std": -0.13551505240336686,
        "nAUC_mrr_diff1": 0.1808504998278612,
        "nAUC_mrr_max": -0.2212688029085016,
        "nAUC_mrr_std": -0.11898675195131271
      }
    ]
  },
  "task_name": "MindSmallReranking"
}