{
  "dataset_revision": "d3c5e1fc0b855ab6097bf1cda04dd73947d7caab",
  "evaluation_time": 116.09632229804993,
  "kg_co2_emissions": null,
  "mteb_version": "1.14.20",
  "scores": {
    "test": [
      {
        "hf_subset": "default",
        "languages": [
          "eng-Latn"
        ],
        "main_score": 0.6026932093903841,
        "map": 0.6026932093903841,
        "mrr": 0.8208139808630004,
        "nAUC_map_diff1": 0.1686289017147287,
        "nAUC_map_max": 0.3697918820934139,
        "nAUC_map_std": 0.36121437882842755,
        "nAUC_mrr_diff1": 0.3934008016762894,
        "nAUC_mrr_max": 0.49761412031938707,
        "nAUC_mrr_std": 0.3413457380166033
      }
    ]
  },
  "task_name": "SciDocsRR"
}