{
  "dataset_revision": "ae752c7c21bf194d8b67fd573edf7ae58183cbe3",
  "evaluation_time": 12.136770009994507,
  "kg_co2_emissions": null,
  "mteb_version": "1.14.20",
  "scores": {
    "test": [
      {
        "cosine_pearson": 0.590830885945818,
        "cosine_spearman": 0.599877855624832,
        "euclidean_pearson": 0.5819372921444533,
        "euclidean_spearman": 0.5894642057740188,
        "hf_subset": "default",
        "languages": [
          "eng-Latn"
        ],
        "main_score": 0.599877855624832,
        "manhattan_pearson": 0.582922483342764,
        "manhattan_spearman": 0.5911023725613933,
        "pearson": 0.590830885945818,
        "spearman": 0.599877855624832
      }
    ]
  },
  "task_name": "STS15"
}