{
  "dataset_revision": "8b6510b0b1fa4e4c4f879467980e9be563ec1cdf",
  "evaluation_time": 73.90027403831482,
  "kg_co2_emissions": null,
  "mteb_version": "1.14.20",
  "scores": {
    "test": [
      {
        "cosine_accuracy": 0.8402413940311251,
        "cosine_accuracy_threshold": 0.7962843775749207,
        "cosine_ap": 0.7313423455615919,
        "cosine_f1": 0.6529491394314446,
        "cosine_f1_threshold": 0.7595584392547607,
        "cosine_precision": 0.6560192741120696,
        "cosine_recall": 0.6499076070218663,
        "dot_accuracy": 0.8204680405169402,
        "dot_accuracy_threshold": 802.6495361328125,
        "dot_ap": 0.6641033089261248,
        "dot_f1": 0.6311095381348434,
        "dot_f1_threshold": 737.3023681640625,
        "dot_precision": 0.5840047160542347,
        "dot_recall": 0.6864798275331074,
        "euclidean_accuracy": 0.8326153607327201,
        "euclidean_accuracy_threshold": 19.77046775817871,
        "euclidean_ap": 0.7017864900707834,
        "euclidean_f1": 0.6208293521880374,
        "euclidean_f1_threshold": 21.81048583984375,
        "euclidean_precision": 0.616377020566138,
        "euclidean_recall": 0.6253464736680012,
        "hf_subset": "default",
        "languages": [
          "eng-Latn"
        ],
        "main_score": 0.7313423455615919,
        "manhattan_accuracy": 0.835002134513137,
        "manhattan_accuracy_threshold": 501.4625244140625,
        "manhattan_ap": 0.7094411587668898,
        "manhattan_f1": 0.6297148652338418,
        "manhattan_f1_threshold": 548.7523193359375,
        "manhattan_precision": 0.638153213692782,
        "manhattan_recall": 0.6214967662457653,
        "max_accuracy": 0.8402413940311251,
        "max_ap": 0.7313423455615919,
        "max_f1": 0.6529491394314446,
        "max_precision": 0.6560192741120696,
        "max_recall": 0.6864798275331074,
        "similarity_accuracy": 0.8402413940311251,
        "similarity_accuracy_threshold": 0.7962843775749207,
        "similarity_ap": 0.7313423455615919,
        "similarity_f1": 0.6529491394314446,
        "similarity_f1_threshold": 0.7595584392547607,
        "similarity_precision": 0.6560192741120696,
        "similarity_recall": 0.6499076070218663
      }
    ]
  },
  "task_name": "TwitterURLCorpus"
}