{
  "dataset_revision": "d3fb88f8f02e40887cd149695127462bbcf29b4a",
  "evaluation_time": 1.8315396308898926,
  "kg_co2_emissions": null,
  "mteb_version": "1.14.20",
  "scores": {
    "test": [
      {
        "cosine_pearson": 0.6522614091546599,
        "cosine_spearman": 0.7045461740444513,
        "euclidean_pearson": 0.6444583851474234,
        "euclidean_spearman": 0.6759551611330435,
        "hf_subset": "default",
        "languages": [
          "eng-Latn"
        ],
        "main_score": 0.7045461740444513,
        "manhattan_pearson": 0.6607857139231295,
        "manhattan_spearman": 0.6818769828127557,
        "pearson": 0.6522614091546599,
        "spearman": 0.7045461740444513
      }
    ]
  },
  "task_name": "BIOSSES"
}