{
  "dataset_revision": "d3c5e1fc0b855ab6097bf1cda04dd73947d7caab",
  "evaluation_time": 72.26323437690735,
  "kg_co2_emissions": null,
  "mteb_version": "1.14.20",
  "scores": {
    "test": [
      {
        "hf_subset": "default",
        "languages": [
          "eng-Latn"
        ],
        "main_score": 0.5725751332985916,
        "map": 0.5725751332985916,
        "mrr": 0.8109574884084688,
        "nAUC_map_diff1": 0.18912729008141527,
        "nAUC_map_max": 0.44573739908018867,
        "nAUC_map_std": 0.4019064367737454,
        "nAUC_mrr_diff1": 0.40566671875140536,
        "nAUC_mrr_max": 0.5441752951859902,
        "nAUC_mrr_std": 0.38083805720249514
      }
    ]
  },
  "task_name": "SciDocsRR"
}