{
  "dataset_revision": "7e90230a92c190f1bf69ae9002b8cea547a64cca",
  "evaluation_time": 6.014327049255371,
  "kg_co2_emissions": null,
  "mteb_version": "1.14.20",
  "scores": {
    "test": [
      {
        "cosine_pearson": 0.5457810548672174,
        "cosine_spearman": 0.5520283678649301,
        "euclidean_pearson": 0.5466598226249393,
        "euclidean_spearman": 0.5479464554452721,
        "hf_subset": "default",
        "languages": [
          "eng-Latn"
        ],
        "main_score": 0.5520283678649301,
        "manhattan_pearson": 0.5474775723600593,
        "manhattan_spearman": 0.5489808730177205,
        "pearson": 0.5457810548672174,
        "spearman": 0.5520283678649301
      }
    ]
  },
  "task_name": "STS13"
}