{
  "dataset_revision": "4d8694f8f0e0100860b497b999b3dbed754a0513",
  "evaluation_time": 5.883021593093872,
  "kg_co2_emissions": null,
  "mteb_version": "1.14.20",
  "scores": {
    "test": [
      {
        "cosine_pearson": 0.5722625226136416,
        "cosine_spearman": 0.5715754741669168,
        "euclidean_pearson": 0.5593355211811368,
        "euclidean_spearman": 0.556057636905479,
        "hf_subset": "default",
        "languages": [
          "eng-Latn"
        ],
        "main_score": 0.5715754741669168,
        "manhattan_pearson": 0.5594282484031036,
        "manhattan_spearman": 0.5556692240693235,
        "pearson": 0.5722625226136416,
        "spearman": 0.5715754741669168
      }
    ]
  },
  "task_name": "STS16"
}