{
  "dataset_revision": "ae752c7c21bf194d8b67fd573edf7ae58183cbe3",
  "evaluation_time": 10.792632341384888,
  "kg_co2_emissions": null,
  "mteb_version": "1.14.20",
  "scores": {
    "test": [
      {
        "cosine_pearson": 0.62747657591969,
        "cosine_spearman": 0.6353577447946703,
        "euclidean_pearson": 0.6087900708076831,
        "euclidean_spearman": 0.6158413608252559,
        "hf_subset": "default",
        "languages": [
          "eng-Latn"
        ],
        "main_score": 0.6353577447946703,
        "manhattan_pearson": 0.6106353970637832,
        "manhattan_spearman": 0.6174429655567425,
        "pearson": 0.62747657591969,
        "spearman": 0.6353577447946703
      }
    ]
  },
  "task_name": "STS15"
}