{
  "dataset_revision": "2000358ca161889fa9c082cb41daa8dcfb161a54",
  "evaluation_time": 8.303561687469482,
  "kg_co2_emissions": null,
  "mteb_version": "1.14.20",
  "scores": {
    "test": [
      {
        "hf_subset": "default",
        "languages": [
          "eng-Latn"
        ],
        "main_score": 0.4840867599293647,
        "map": 0.4840867599293647,
        "mrr": 0.6141549048058744,
        "nAUC_map_diff1": 0.0716741922795852,
        "nAUC_map_max": 0.2338329725256299,
        "nAUC_map_std": 0.09974901838114031,
        "nAUC_mrr_diff1": 0.07991973225810885,
        "nAUC_mrr_max": 0.2607382392573477,
        "nAUC_mrr_std": 0.09286840995850996
      }
    ]
  },
  "task_name": "AskUbuntuDupQuestions"
}