{
  "dataset_revision": "59042f120c80e8afa9cdbb224f67076cec0fc9a7",
  "evaluation_time": 125.67624688148499,
  "kg_co2_emissions": null,
  "mteb_version": "1.14.20",
  "scores": {
    "test": [
      {
        "hf_subset": "default",
        "languages": [
          "eng-Latn"
        ],
        "main_score": 0.2853959900592785,
        "map": 0.2853959900592785,
        "mrr": 0.2926992137556293,
        "nAUC_map_diff1": 0.18858788812894928,
        "nAUC_map_max": -0.26629917546995546,
        "nAUC_map_std": -0.12110023929330781,
        "nAUC_mrr_diff1": 0.1702014354910921,
        "nAUC_mrr_max": -0.20395908289638595,
        "nAUC_mrr_std": -0.10527133132013007
      }
    ]
  },
  "task_name": "MindSmallReranking"
}