{
  "dataset_revision": "20a6d6f312dd54037fe07a32d58e5e168867909d",
  "evaluation_time": 16.49708104133606,
  "kg_co2_emissions": null,
  "mteb_version": "1.14.20",
  "scores": {
    "test": [
      {
        "cosine_pearson": 0.6400518610010772,
        "cosine_spearman": 0.5818747313807664,
        "euclidean_pearson": 0.6022103157304831,
        "euclidean_spearman": 0.5801475499417444,
        "hf_subset": "default",
        "languages": [
          "eng-Latn"
        ],
        "main_score": 0.5818747313807664,
        "manhattan_pearson": 0.6021811287783709,
        "manhattan_spearman": 0.5801107416411728,
        "pearson": 0.6400518610010772,
        "spearman": 0.5818747313807664
      }
    ]
  },
  "task_name": "SICK-R"
}