{
  "dataset_revision": "d3fb88f8f02e40887cd149695127462bbcf29b4a",
  "evaluation_time": 1.6575593948364258,
  "kg_co2_emissions": null,
  "mteb_version": "1.14.20",
  "scores": {
    "test": [
      {
        "cosine_pearson": 0.582339818205071,
        "cosine_spearman": 0.5673803980267851,
        "euclidean_pearson": 0.5426819648524257,
        "euclidean_spearman": 0.5334940837354515,
        "hf_subset": "default",
        "languages": [
          "eng-Latn"
        ],
        "main_score": 0.5673803980267851,
        "manhattan_pearson": 0.5437358427073787,
        "manhattan_spearman": 0.5308132997604038,
        "pearson": 0.582339818205071,
        "spearman": 0.5673803980267851
      }
    ]
  },
  "task_name": "BIOSSES"
}