{
  "dataset_revision": "a0d554a64d88156834ff5ae9920b964011b16384",
  "evaluation_time": 5.33467698097229,
  "kg_co2_emissions": null,
  "mteb_version": "1.14.20",
  "scores": {
    "test": [
      {
        "cosine_pearson": 0.31810821830515906,
        "cosine_spearman": 0.34579605633760474,
        "euclidean_pearson": 0.33819283149705437,
        "euclidean_spearman": 0.3447227997584542,
        "hf_subset": "default",
        "languages": [
          "eng-Latn"
        ],
        "main_score": 0.34579605633760474,
        "manhattan_pearson": 0.3382363896787021,
        "manhattan_spearman": 0.34493078523226295,
        "pearson": 0.31810821830515906,
        "spearman": 0.34579605633760474
      }
    ]
  },
  "task_name": "STS12"
}