{
  "dataset_revision": "2000358ca161889fa9c082cb41daa8dcfb161a54",
  "evaluation_time": 4.898446321487427,
  "kg_co2_emissions": null,
  "mteb_version": "1.14.19",
  "scores": {
    "test": [
      {
        "hf_subset": "default",
        "languages": [
          "eng-Latn"
        ],
        "main_score": 0.2735602857559411,
        "map": 0.2735602857559411,
        "mrr": 0.11634349030470914,
        "nAUC_map_diff1": 0.10198456626849019,
        "nAUC_map_max": 0.09945774108125836,
        "nAUC_map_std": 0.03402379376923753,
        "nAUC_mrr_diff1": 0.1153615003134673,
        "nAUC_mrr_max": 0.1153615003134673,
        "nAUC_mrr_std": -0.03060910925940747
      }
    ]
  },
  "task_name": "AskUbuntuDupQuestions"
}