{
  "dataset_revision": "d3c5e1fc0b855ab6097bf1cda04dd73947d7caab",
  "evaluation_time": 39.69094252586365,
  "kg_co2_emissions": null,
  "mteb_version": "1.14.19",
  "scores": {
    "test": [
      {
        "hf_subset": "default",
        "languages": [
          "eng-Latn"
        ],
        "main_score": 0.17005508857513857,
        "map": 0.17005508857513857,
        "mrr": 0.8426344896933132,
        "nAUC_map_diff1": 0.12856824411915682,
        "nAUC_map_max": -0.0914004456993461,
        "nAUC_map_std": 0.6586365427957173,
        "nAUC_mrr_diff1": 0.5755769796710792,
        "nAUC_mrr_max": -0.39433355444937773,
        "nAUC_mrr_std": 0.9037334564958152
      }
    ]
  },
  "task_name": "SciDocsRR"
}