{
  "dataset_revision": "20a6d6f312dd54037fe07a32d58e5e168867909d",
  "evaluation_time": 9.035649061203003,
  "kg_co2_emissions": null,
  "mteb_version": "1.14.19",
  "scores": {
    "test": [
      {
        "cosine_pearson": -0.009197162798181903,
        "cosine_spearman": -0.00896106899889461,
        "euclidean_pearson": -0.0091971627981819,
        "euclidean_spearman": -0.00896106899889461,
        "hf_subset": "default",
        "languages": [
          "eng-Latn"
        ],
        "main_score": -0.00896106899889461,
        "manhattan_pearson": -0.0091971627981819,
        "manhattan_spearman": -0.00896106899889461,
        "pearson": -0.009197162798181903,
        "spearman": -0.00896106899889461
      }
    ]
  },
  "task_name": "SICK-R"
}