{
  "dataset_revision": "ae752c7c21bf194d8b67fd573edf7ae58183cbe3",
  "evaluation_time": 6.528741836547852,
  "kg_co2_emissions": null,
  "mteb_version": "1.14.19",
  "scores": {
    "test": [
      {
        "cosine_pearson": 9.696533370631747e-05,
        "cosine_spearman": -0.000932870585250834,
        "euclidean_pearson": 9.696533370631381e-05,
        "euclidean_spearman": -0.000932870585250834,
        "hf_subset": "default",
        "languages": [
          "eng-Latn"
        ],
        "main_score": -0.000932870585250834,
        "manhattan_pearson": 9.6965333706314e-05,
        "manhattan_spearman": -0.000932870585250834,
        "pearson": 9.696533370631747e-05,
        "spearman": -0.000932870585250834
      }
    ]
  },
  "task_name": "STS15"
}