{
  "dataset_revision": "ae752c7c21bf194d8b67fd573edf7ae58183cbe3",
  "evaluation_time": 5.190741062164307,
  "kg_co2_emissions": null,
  "mteb_version": "1.14.20",
  "scores": {
    "test": [
      {
        "cosine_pearson": 0.5560383260686934,
        "cosine_spearman": 0.5842819703438081,
        "euclidean_pearson": 0.5700474050589931,
        "euclidean_spearman": 0.5744580838734975,
        "hf_subset": "default",
        "languages": [
          "eng-Latn"
        ],
        "main_score": 0.5842819703438081,
        "manhattan_pearson": 0.5762101849294238,
        "manhattan_spearman": 0.5808912618317351,
        "pearson": 0.5560383260686934,
        "spearman": 0.5842819703438081
      }
    ]
  },
  "task_name": "STS15"
}