{
  "dataset_revision": "59042f120c80e8afa9cdbb224f67076cec0fc9a7",
  "evaluation_time": 195.28674459457397,
  "kg_co2_emissions": null,
  "mteb_version": "1.14.20",
  "scores": {
    "test": [
      {
        "hf_subset": "default",
        "languages": [
          "eng-Latn"
        ],
        "main_score": 0.29355907275180054,
        "map": 0.29355907275180054,
        "mrr": 0.3021176439788467,
        "nAUC_map_diff1": 0.23087861347221533,
        "nAUC_map_max": -0.22167576752483856,
        "nAUC_map_std": -0.02229796459493142,
        "nAUC_mrr_diff1": 0.2020449395008303,
        "nAUC_mrr_max": -0.16501794993964816,
        "nAUC_mrr_std": -0.026295431862890767
      }
    ]
  },
  "task_name": "MindSmallReranking"
}