{
  "dataset_revision": "4d8694f8f0e0100860b497b999b3dbed754a0513",
  "evaluation_time": 21.777290105819702,
  "kg_co2_emissions": null,
  "mteb_version": "1.14.20",
  "scores": {
    "test": [
      {
        "cosine_pearson": 0.5232002547076059,
        "cosine_spearman": 0.5450100306424297,
        "euclidean_pearson": 0.539412749297095,
        "euclidean_spearman": 0.5403835165709014,
        "hf_subset": "default",
        "languages": [
          "eng-Latn"
        ],
        "main_score": 0.5450100306424297,
        "manhattan_pearson": 0.5516305846183513,
        "manhattan_spearman": 0.5505439804880398,
        "pearson": 0.5232002547076059,
        "spearman": 0.5450100306424297
      }
    ]
  },
  "task_name": "STS16"
}