{
  "dataset_revision": "b0fddb56ed78048fa8b90373c8a3cfc37b684831",
  "evaluation_time": 17.510716676712036,
  "kg_co2_emissions": null,
  "mteb_version": "1.14.20",
  "scores": {
    "test": [
      {
        "cosine_pearson": 0.42272263925888154,
        "cosine_spearman": 0.41958119741840594,
        "euclidean_pearson": 0.4265079616190119,
        "euclidean_spearman": 0.42612812405722766,
        "hf_subset": "default",
        "languages": [
          "eng-Latn"
        ],
        "main_score": 0.41958119741840594,
        "manhattan_pearson": 0.4818198278990877,
        "manhattan_spearman": 0.48176473943270404,
        "pearson": 0.42272263925888154,
        "spearman": 0.41958119741840594
      }
    ]
  },
  "task_name": "STSBenchmark"
}