{
  "dataset_revision": "d3fb88f8f02e40887cd149695127462bbcf29b4a",
  "evaluation_time": 2.0865330696105957,
  "kg_co2_emissions": null,
  "mteb_version": "1.14.19",
  "scores": {
    "test": [
      {
        "cosine_pearson": 0.0686485233113616,
        "cosine_spearman": 0.2111433652616798,
        "euclidean_pearson": 0.11900369141238189,
        "euclidean_spearman": 0.2052456405165748,
        "hf_subset": "default",
        "languages": [
          "eng-Latn"
        ],
        "main_score": 0.2111433652616798,
        "manhattan_pearson": 0.13088702421276013,
        "manhattan_spearman": 0.20196243317634782,
        "pearson": 0.0686485233113616,
        "spearman": 0.2111433652616798
      }
    ]
  },
  "task_name": "BIOSSES"
}