{
  "dataset_revision": "d66bd1f72af766a5cc4b0ca5e00c162f89e8cc46",
  "evaluation_time": 22.313133001327515,
  "kg_co2_emissions": null,
  "mteb_version": "1.14.19",
  "scores": {
    "test": [
      {
        "cosine_accuracy": 0.9901089108910891,
        "cosine_accuracy_threshold": 0.9999584555625916,
        "cosine_ap": 0.01351892617921528,
        "cosine_f1": 0.03275109170305676,
        "cosine_f1_threshold": 0.9716260433197021,
        "cosine_precision": 0.02094972067039106,
        "cosine_recall": 0.075,
        "dot_accuracy": 0.9900891089108911,
        "dot_accuracy_threshold": 745.0379638671875,
        "dot_ap": 0.01206335065411896,
        "dot_f1": 0.026576714709189413,
        "dot_f1_threshold": 616.77490234375,
        "dot_precision": 0.014801320733234659,
        "dot_recall": 0.13,
        "euclidean_accuracy": 0.9901089108910891,
        "euclidean_accuracy_threshold": 0.17592617869377136,
        "euclidean_ap": 0.0134381496168044,
        "euclidean_f1": 0.032709274800946854,
        "euclidean_f1_threshold": 5.979711532592773,
        "euclidean_precision": 0.020839045791061148,
        "euclidean_recall": 0.076,
        "hf_subset": "default",
        "languages": [
          "eng-Latn"
        ],
        "main_score": 0.014206056324993022,
        "manhattan_accuracy": 0.9901089108910891,
        "manhattan_accuracy_threshold": 3.472660779953003,
        "manhattan_ap": 0.014206056324993022,
        "manhattan_f1": 0.03341186549582352,
        "manhattan_f1_threshold": 126.52738952636719,
        "manhattan_precision": 0.02125919869174162,
        "manhattan_recall": 0.078,
        "max_accuracy": 0.9901089108910891,
        "max_ap": 0.014206056324993022,
        "max_f1": 0.03341186549582352,
        "max_precision": 0.02125919869174162,
        "max_recall": 0.13,
        "similarity_accuracy": 0.9901089108910891,
        "similarity_accuracy_threshold": 0.9999584555625916,
        "similarity_ap": 0.01351892617921528,
        "similarity_f1": 0.03275109170305676,
        "similarity_f1_threshold": 0.9716260433197021,
        "similarity_precision": 0.02094972067039106,
        "similarity_recall": 0.075
      }
    ],
    "validation": [
      {
        "cosine_accuracy": 0.9901089108910891,
        "cosine_accuracy_threshold": 0.9999586939811707,
        "cosine_ap": 0.01449984575783805,
        "cosine_f1": 0.03470254957507082,
        "cosine_f1_threshold": 0.9588949680328369,
        "cosine_precision": 0.019673447537473233,
        "cosine_recall": 0.147,
        "dot_accuracy": 0.9900891089108911,
        "dot_accuracy_threshold": 745.2481689453125,
        "dot_ap": 0.012709333575522825,
        "dot_f1": 0.034461282956196805,
        "dot_f1_threshold": 642.0369262695312,
        "dot_precision": 0.021744825779407912,
        "dot_recall": 0.083,
        "euclidean_accuracy": 0.9901089108910891,
        "euclidean_accuracy_threshold": 0.24432149529457092,
        "euclidean_ap": 0.014359328251583276,
        "euclidean_f1": 0.033283939359398156,
        "euclidean_f1_threshold": 7.272010803222656,
        "euclidean_precision": 0.018782966679531714,
        "euclidean_recall": 0.146,
        "hf_subset": "default",
        "languages": [
          "eng-Latn"
        ],
        "main_score": 0.01611063052964029,
        "manhattan_accuracy": 0.9901188118811881,
        "manhattan_accuracy_threshold": 6.087782859802246,
        "manhattan_ap": 0.01611063052964029,
        "manhattan_f1": 0.032924821657216025,
        "manhattan_f1_threshold": 134.10708618164062,
        "manhattan_precision": 0.020147750167897917,
        "manhattan_recall": 0.09,
        "max_accuracy": 0.9901188118811881,
        "max_ap": 0.01611063052964029,
        "max_f1": 0.03470254957507082,
        "max_precision": 0.021744825779407912,
        "max_recall": 0.147,
        "similarity_accuracy": 0.9901089108910891,
        "similarity_accuracy_threshold": 0.9999586939811707,
        "similarity_ap": 0.01449984575783805,
        "similarity_f1": 0.03470254957507082,
        "similarity_f1_threshold": 0.9588949680328369,
        "similarity_precision": 0.019673447537473233,
        "similarity_recall": 0.147
      }
    ]
  },
  "task_name": "SprintDuplicateQuestions"
}