{
  "dataset_revision": "d3fb88f8f02e40887cd149695127462bbcf29b4a",
  "evaluation_time": 6.640435457229614,
  "kg_co2_emissions": null,
  "mteb_version": "1.14.21",
  "scores": {
    "test": [
      {
        "cosine_pearson": 0.749095219455275,
        "cosine_spearman": 0.7315648619727413,
        "euclidean_pearson": 0.6815093794258243,
        "euclidean_spearman": 0.669551400761188,
        "hf_subset": "default",
        "languages": [
          "eng-Latn"
        ],
        "main_score": 0.7315648619727413,
        "manhattan_pearson": 0.6803894980625755,
        "manhattan_spearman": 0.6664127750286041,
        "pearson": 0.749095219455275,
        "spearman": 0.7315648619727413
      }
    ]
  },
  "task_name": "BIOSSES"
}