{
  "dataset_revision": "2000358ca161889fa9c082cb41daa8dcfb161a54",
  "evaluation_time": 4.846955060958862,
  "kg_co2_emissions": null,
  "mteb_version": "1.14.19",
  "scores": {
    "test": [
      {
        "hf_subset": "default",
        "languages": [
          "eng-Latn"
        ],
        "main_score": 0.454038614623377,
        "map": 0.454038614623377,
        "mrr": 0.5850415512465373,
        "nAUC_map_diff1": 0.11001253808561544,
        "nAUC_map_max": 0.14449400806301327,
        "nAUC_map_std": 0.05189718642105999,
        "nAUC_mrr_diff1": 0.14447544872690965,
        "nAUC_mrr_max": 0.20931594967175185,
        "nAUC_mrr_std": 0.0507961642719393
      }
    ]
  },
  "task_name": "AskUbuntuDupQuestions"
}