{
  "dataset_revision": "d3c5e1fc0b855ab6097bf1cda04dd73947d7caab",
  "evaluation_time": 30.635387182235718,
  "kg_co2_emissions": null,
  "mteb_version": "1.14.19",
  "scores": {
    "test": [
      {
        "hf_subset": "default",
        "languages": [
          "eng-Latn"
        ],
        "main_score": 0.44682186500748505,
        "map": 0.44682186500748505,
        "mrr": 0.6854179136041881,
        "nAUC_map_diff1": 0.18199854133793059,
        "nAUC_map_max": 0.3484560733019093,
        "nAUC_map_std": 0.1846873694770907,
        "nAUC_mrr_diff1": 0.3277704369640538,
        "nAUC_mrr_max": 0.38339157327534124,
        "nAUC_mrr_std": 0.15573009650780192
      }
    ]
  },
  "task_name": "SciDocsRR"
}