{
  "dataset_revision": "ae752c7c21bf194d8b67fd573edf7ae58183cbe3",
  "evaluation_time": 5.797001123428345,
  "kg_co2_emissions": null,
  "mteb_version": "1.14.19",
  "scores": {
    "test": [
      {
        "cosine_pearson": 0.4501003142607895,
        "cosine_spearman": 0.48144681845236964,
        "euclidean_pearson": 0.471960856777513,
        "euclidean_spearman": 0.4734040251560331,
        "hf_subset": "default",
        "languages": [
          "eng-Latn"
        ],
        "main_score": 0.48144681845236964,
        "manhattan_pearson": 0.4910894564087158,
        "manhattan_spearman": 0.49217603388427006,
        "pearson": 0.4501003142607895,
        "spearman": 0.48144681845236964
      }
    ]
  },
  "task_name": "STS15"
}