{
  "dataset_revision": "6031580fec1f6af667f0bd2da0a551cf4f0b2375",
  "evaluation_time": 6.299080848693848,
  "kg_co2_emissions": null,
  "mteb_version": "1.14.19",
  "scores": {
    "test": [
      {
        "cosine_pearson": 0.363081398878822,
        "cosine_spearman": 0.36640067197891496,
        "euclidean_pearson": 0.3771386037429725,
        "euclidean_spearman": 0.3677644342462938,
        "hf_subset": "default",
        "languages": [
          "eng-Latn"
        ],
        "main_score": 0.36640067197891496,
        "manhattan_pearson": 0.394911357192365,
        "manhattan_spearman": 0.3839683455354815,
        "pearson": 0.363081398878822,
        "spearman": 0.36640067197891496
      }
    ]
  },
  "task_name": "STS14"
}