{
  "dataset_revision": "59042f120c80e8afa9cdbb224f67076cec0fc9a7",
  "evaluation_time": 114.57708740234375,
  "kg_co2_emissions": null,
  "mteb_version": "1.14.20",
  "scores": {
    "test": [
      {
        "hf_subset": "default",
        "languages": [
          "eng-Latn"
        ],
        "main_score": 0.25980919395037233,
        "map": 0.25980919395037233,
        "mrr": 0.26302999556509665,
        "nAUC_map_diff1": 0.22168981598146448,
        "nAUC_map_max": -0.25382357544402123,
        "nAUC_map_std": -0.11281777393819375,
        "nAUC_mrr_diff1": 0.20156073089177493,
        "nAUC_mrr_max": -0.19604480431273222,
        "nAUC_mrr_std": -0.09333768103544998
      }
    ]
  },
  "task_name": "MindSmallReranking"
}