{
  "dataset_revision": "d3c5e1fc0b855ab6097bf1cda04dd73947d7caab",
  "evaluation_time": 43.316437005996704,
  "kg_co2_emissions": null,
  "mteb_version": "1.14.20",
  "scores": {
    "test": [
      {
        "hf_subset": "default",
        "languages": [
          "eng-Latn"
        ],
        "main_score": 0.55111152010435,
        "map": 0.55111152010435,
        "mrr": 0.7919923667472688,
        "nAUC_map_diff1": 0.1815246311695459,
        "nAUC_map_max": 0.426176452790403,
        "nAUC_map_std": 0.3131569607414254,
        "nAUC_mrr_diff1": 0.4145264241767661,
        "nAUC_mrr_max": 0.5126143096470888,
        "nAUC_mrr_std": 0.3007923437861399
      }
    ]
  },
  "task_name": "SciDocsRR"
}