{
  "dataset_revision": "e185fbe320c72810689fc5848eb6114e1ef5ec69",
  "evaluation_time": 31.30613613128662,
  "kg_co2_emissions": null,
  "mteb_version": "1.14.20",
  "scores": {
    "test": [
      {
        "hf_subset": "default",
        "languages": [
          "eng-Latn"
        ],
        "main_score": 0.3609313147216739,
        "map": 0.3609313147216739,
        "mrr": 0.3583068075715135,
        "nAUC_map_diff1": 0.2925322575238369,
        "nAUC_map_max": 0.21769990851618212,
        "nAUC_map_std": 0.08479116548750457,
        "nAUC_mrr_diff1": 0.2885155096464028,
        "nAUC_mrr_max": 0.2304910338961403,
        "nAUC_mrr_std": 0.09271027543252829
      }
    ]
  },
  "task_name": "StackOverflowDupQuestions"
}