{
  "dataset_revision": "ae752c7c21bf194d8b67fd573edf7ae58183cbe3",
  "evaluation_time": 6.268254995346069,
  "kg_co2_emissions": null,
  "mteb_version": "1.14.20",
  "scores": {
    "test": [
      {
        "cosine_pearson": 0.5581817473345678,
        "cosine_spearman": 0.5740199976521928,
        "euclidean_pearson": 0.5626273220025283,
        "euclidean_spearman": 0.5633440877968771,
        "hf_subset": "default",
        "languages": [
          "eng-Latn"
        ],
        "main_score": 0.5740199976521928,
        "manhattan_pearson": 0.5673036875402613,
        "manhattan_spearman": 0.5679842789139458,
        "pearson": 0.5581817473345678,
        "spearman": 0.5740199976521928
      }
    ]
  },
  "task_name": "STS15"
}