{
  "dataset_revision": "59042f120c80e8afa9cdbb224f67076cec0fc9a7",
  "evaluation_time": 110.68492770195007,
  "kg_co2_emissions": null,
  "mteb_version": "1.14.20",
  "scores": {
    "test": [
      {
        "hf_subset": "default",
        "languages": [
          "eng-Latn"
        ],
        "main_score": 0.26946298463878565,
        "map": 0.26946298463878565,
        "mrr": 0.2744340127999098,
        "nAUC_map_diff1": 0.19796762217976643,
        "nAUC_map_max": -0.26200993445205534,
        "nAUC_map_std": -0.13803410107329303,
        "nAUC_mrr_diff1": 0.17963940337324125,
        "nAUC_mrr_max": -0.20365028590063153,
        "nAUC_mrr_std": -0.11794741235779312
      }
    ]
  },
  "task_name": "MindSmallReranking"
}