{
  "dataset_revision": "d3c5e1fc0b855ab6097bf1cda04dd73947d7caab",
  "evaluation_time": 29.983804941177368,
  "kg_co2_emissions": null,
  "mteb_version": "1.14.20",
  "scores": {
    "test": [
      {
        "hf_subset": "default",
        "languages": [
          "eng-Latn"
        ],
        "main_score": 0.522217051530174,
        "map": 0.522217051530174,
        "mrr": 0.7633546010996991,
        "nAUC_map_diff1": 0.19955366336914077,
        "nAUC_map_max": 0.457176891766556,
        "nAUC_map_std": 0.4301546440007996,
        "nAUC_mrr_diff1": 0.4100434273472466,
        "nAUC_mrr_max": 0.5176123770054311,
        "nAUC_mrr_std": 0.40362541666706925
      }
    ]
  },
  "task_name": "SciDocsRR"
}