{
  "dataset_revision": "a0d554a64d88156834ff5ae9920b964011b16384",
  "evaluation_time": 4.143836498260498,
  "kg_co2_emissions": null,
  "mteb_version": "1.14.20",
  "scores": {
    "test": [
      {
        "cosine_pearson": 0.2933627501624719,
        "cosine_spearman": 0.3394193870035277,
        "euclidean_pearson": 0.3374633142745296,
        "euclidean_spearman": 0.3445762139965232,
        "hf_subset": "default",
        "languages": [
          "eng-Latn"
        ],
        "main_score": 0.3394193870035277,
        "manhattan_pearson": 0.3392416514766787,
        "manhattan_spearman": 0.34576258343548805,
        "pearson": 0.2933627501624719,
        "spearman": 0.3394193870035277
      }
    ]
  },
  "task_name": "STS12"
}