{
  "dataset_revision": "b0fddb56ed78048fa8b90373c8a3cfc37b684831",
  "evaluation_time": 3.0202698707580566,
  "kg_co2_emissions": null,
  "mteb_version": "1.14.20",
  "scores": {
    "test": [
      {
        "cosine_pearson": 0.3523402514243557,
        "cosine_spearman": 0.3579382573809198,
        "euclidean_pearson": 0.3992070645722082,
        "euclidean_spearman": 0.3921263426633233,
        "hf_subset": "default",
        "languages": [
          "eng-Latn"
        ],
        "main_score": 0.3579382573809198,
        "manhattan_pearson": 0.40122434494742,
        "manhattan_spearman": 0.3948718789863079,
        "pearson": 0.3523402514243557,
        "spearman": 0.3579382573809198
      }
    ]
  },
  "task_name": "STSBenchmark"
}