{
  "dataset_revision": "2000358ca161889fa9c082cb41daa8dcfb161a54",
  "evaluation_time": 35.36597418785095,
  "kg_co2_emissions": null,
  "mteb_version": "1.14.21",
  "scores": {
    "test": [
      {
        "hf_subset": "default",
        "languages": [
          "eng-Latn"
        ],
        "main_score": 0.5156130875954977,
        "map": 0.5156130875954977,
        "mrr": 0.6502539242843952,
        "nAUC_map_diff1": 0.13691579973694604,
        "nAUC_map_max": 0.19858208612579822,
        "nAUC_map_std": 0.11669802733826164,
        "nAUC_mrr_diff1": 0.1611595725276741,
        "nAUC_mrr_max": 0.22301701905373592,
        "nAUC_mrr_std": 0.11338617167242804
      }
    ]
  },
  "task_name": "AskUbuntuDupQuestions"
}