{
  "dataset_revision": "e185fbe320c72810689fc5848eb6114e1ef5ec69",
  "evaluation_time": 383.271612405777,
  "kg_co2_emissions": null,
  "mteb_version": "1.14.21",
  "scores": {
    "test": [
      {
        "hf_subset": "default",
        "languages": [
          "eng-Latn"
        ],
        "main_score": 0.4179273991686657,
        "map": 0.4179273991686657,
        "mrr": 0.4215642507002801,
        "nAUC_map_diff1": 0.3356330384416152,
        "nAUC_map_max": 0.17320999267251466,
        "nAUC_map_std": 0.10485050947992046,
        "nAUC_mrr_diff1": 0.3335746235298456,
        "nAUC_mrr_max": 0.185762797256243,
        "nAUC_mrr_std": 0.11260233723055153
      }
    ]
  },
  "task_name": "StackOverflowDupQuestions"
}