{
  "dataset_revision": "70970daeab8776df92f5ea462b6173c0b46fd2d1",
  "evaluation_time": 62.22837829589844,
  "kg_co2_emissions": null,
  "mteb_version": "1.14.21",
  "scores": {
    "test": [
      {
        "cosine_accuracy": 0.8343565595756095,
        "cosine_accuracy_threshold": 0.710598349571228,
        "cosine_ap": 0.6457236005916294,
        "cosine_f1": 0.6149577500315299,
        "cosine_f1_threshold": 0.6766129732131958,
        "cosine_precision": 0.5890311669485383,
        "cosine_recall": 0.6432717678100264,
        "dot_accuracy": 0.8315551052035525,
        "dot_accuracy_threshold": 5618.3212890625,
        "dot_ap": 0.6252779140679697,
        "dot_f1": 0.6021978021978022,
        "dot_f1_threshold": 5229.15283203125,
        "dot_precision": 0.5604545454545454,
        "dot_recall": 0.6506596306068602,
        "euclidean_accuracy": 0.8302437861357811,
        "euclidean_accuracy_threshold": 63.96668243408203,
        "euclidean_ap": 0.6303742349275906,
        "euclidean_f1": 0.6041879468845761,
        "euclidean_f1_threshold": 70.56948852539062,
        "euclidean_precision": 0.5853537852548244,
        "euclidean_recall": 0.6242744063324538,
        "hf_subset": "default",
        "languages": [
          "eng-Latn"
        ],
        "main_score": 0.6457236005916294,
        "manhattan_accuracy": 0.8307802348453239,
        "manhattan_accuracy_threshold": 3296.232177734375,
        "manhattan_ap": 0.6312998273020185,
        "manhattan_f1": 0.6046511627906977,
        "manhattan_f1_threshold": 3520.724609375,
        "manhattan_precision": 0.5924050632911393,
        "manhattan_recall": 0.6174142480211082,
        "max_accuracy": 0.8343565595756095,
        "max_ap": 0.6457236005916294,
        "max_f1": 0.6149577500315299,
        "max_precision": 0.5924050632911393,
        "max_recall": 0.6506596306068602,
        "similarity_accuracy": 0.8343565595756095,
        "similarity_accuracy_threshold": 0.710598349571228,
        "similarity_ap": 0.6457236005916294,
        "similarity_f1": 0.6149577500315299,
        "similarity_f1_threshold": 0.6766129732131958,
        "similarity_precision": 0.5890311669485383,
        "similarity_recall": 0.6432717678100264
      }
    ]
  },
  "task_name": "TwitterSemEval2015"
}