{
  "dataset_revision": "e185fbe320c72810689fc5848eb6114e1ef5ec69",
  "evaluation_time": 61.72869372367859,
  "kg_co2_emissions": null,
  "mteb_version": "1.14.20",
  "scores": {
    "test": [
      {
        "hf_subset": "default",
        "languages": [
          "eng-Latn"
        ],
        "main_score": 0.36160002847347017,
        "map": 0.36160002847347017,
        "mrr": 0.36011201829216544,
        "nAUC_map_diff1": 0.28353321030670814,
        "nAUC_map_max": 0.19440343994982448,
        "nAUC_map_std": 0.11286830286647132,
        "nAUC_mrr_diff1": 0.2792706533934737,
        "nAUC_mrr_max": 0.20081870884618017,
        "nAUC_mrr_std": 0.1173760431022671
      }
    ]
  },
  "task_name": "StackOverflowDupQuestions"
}