{
  "dataset_revision": "2000358ca161889fa9c082cb41daa8dcfb161a54",
  "evaluation_time": 3.5056777000427246,
  "kg_co2_emissions": null,
  "mteb_version": "1.14.20",
  "scores": {
    "test": [
      {
        "hf_subset": "default",
        "languages": [
          "eng-Latn"
        ],
        "main_score": 0.4552506636638111,
        "map": 0.4552506636638111,
        "mrr": 0.5677889900189069,
        "nAUC_map_diff1": 0.18289151889787686,
        "nAUC_map_max": 0.19933752741765284,
        "nAUC_map_std": 0.13044719368669144,
        "nAUC_mrr_diff1": 0.20496533707703646,
        "nAUC_mrr_max": 0.25569069971182246,
        "nAUC_mrr_std": 0.13879625239668103
      }
    ]
  },
  "task_name": "AskUbuntuDupQuestions"
}