{
  "dataset_revision": "e185fbe320c72810689fc5848eb6114e1ef5ec69",
  "evaluation_time": 22.049121856689453,
  "kg_co2_emissions": null,
  "mteb_version": "1.14.20",
  "scores": {
    "test": [
      {
        "hf_subset": "default",
        "languages": [
          "eng-Latn"
        ],
        "main_score": 0.303537709733889,
        "map": 0.303537709733889,
        "mrr": 0.2962840060266531,
        "nAUC_map_diff1": 0.2546187219139137,
        "nAUC_map_max": 0.22350270302344694,
        "nAUC_map_std": 0.10858801428519671,
        "nAUC_mrr_diff1": 0.2448560256598289,
        "nAUC_mrr_max": 0.22666657468242343,
        "nAUC_mrr_std": 0.11315095028943349
      }
    ]
  },
  "task_name": "StackOverflowDupQuestions"
}