{
  "dataset_revision": "7e90230a92c190f1bf69ae9002b8cea547a64cca",
  "evaluation_time": 3.1810615062713623,
  "kg_co2_emissions": null,
  "mteb_version": "1.14.20",
  "scores": {
    "test": [
      {
        "cosine_pearson": 0.350282389519728,
        "cosine_spearman": 0.3414174075482618,
        "euclidean_pearson": 0.39354623161125285,
        "euclidean_spearman": 0.3779436206115349,
        "hf_subset": "default",
        "languages": [
          "eng-Latn"
        ],
        "main_score": 0.3414174075482618,
        "manhattan_pearson": 0.3938151730704234,
        "manhattan_spearman": 0.37825848512980453,
        "pearson": 0.350282389519728,
        "spearman": 0.3414174075482618
      }
    ]
  },
  "task_name": "STS13"
}