{
  "dataset_revision": "b0fddb56ed78048fa8b90373c8a3cfc37b684831",
  "evaluation_time": 2.9659013748168945,
  "kg_co2_emissions": null,
  "mteb_version": "1.14.20",
  "scores": {
    "test": [
      {
        "cosine_pearson": 0.29902715918033385,
        "cosine_spearman": 0.28623608708294584,
        "euclidean_pearson": 0.3026498674308636,
        "euclidean_spearman": 0.2849362755713821,
        "hf_subset": "default",
        "languages": [
          "eng-Latn"
        ],
        "main_score": 0.28623608708294584,
        "manhattan_pearson": 0.30207465112786974,
        "manhattan_spearman": 0.2844271961300384,
        "pearson": 0.29902715918033385,
        "spearman": 0.28623608708294584
      }
    ]
  },
  "task_name": "STSBenchmark"
}