{
  "dataset_revision": "2000358ca161889fa9c082cb41daa8dcfb161a54",
  "evaluation_time": 6.296103477478027,
  "kg_co2_emissions": null,
  "mteb_version": "1.14.20",
  "scores": {
    "test": [
      {
        "hf_subset": "default",
        "languages": [
          "eng-Latn"
        ],
        "main_score": 0.4402914355804381,
        "map": 0.4402914355804381,
        "mrr": 0.5610528514268126,
        "nAUC_map_diff1": 0.15324130991027807,
        "nAUC_map_max": 0.18617419945897531,
        "nAUC_map_std": 0.0802872005864534,
        "nAUC_mrr_diff1": 0.16358971167679623,
        "nAUC_mrr_max": 0.2074407214471039,
        "nAUC_mrr_std": 0.08234285514277036
      }
    ]
  },
  "task_name": "AskUbuntuDupQuestions"
}