{
  "dataset_revision": "d3c5e1fc0b855ab6097bf1cda04dd73947d7caab",
  "evaluation_time": 62.914522886276245,
  "kg_co2_emissions": null,
  "mteb_version": "1.14.20",
  "scores": {
    "test": [
      {
        "hf_subset": "default",
        "languages": [
          "eng-Latn"
        ],
        "main_score": 0.3201482606084062,
        "map": 0.3201482606084062,
        "mrr": 0.4962896127111813,
        "nAUC_map_diff1": 0.22438613025629162,
        "nAUC_map_max": 0.3914861719580588,
        "nAUC_map_std": 0.3034126408967366,
        "nAUC_mrr_diff1": 0.3307960190190923,
        "nAUC_mrr_max": 0.4273383142174794,
        "nAUC_mrr_std": 0.324753446544632
      }
    ]
  },
  "task_name": "SciDocsRR"
}