{
  "dataset_revision": "20a6d6f312dd54037fe07a32d58e5e168867909d",
  "evaluation_time": 14.16133737564087,
  "kg_co2_emissions": null,
  "mteb_version": "1.14.20",
  "scores": {
    "test": [
      {
        "cosine_pearson": 0.2692017000420172,
        "cosine_spearman": 0.304877268720653,
        "euclidean_pearson": 0.292947780996799,
        "euclidean_spearman": 0.2984060633083643,
        "hf_subset": "default",
        "languages": [
          "eng-Latn"
        ],
        "main_score": 0.304877268720653,
        "manhattan_pearson": 0.29394123141798356,
        "manhattan_spearman": 0.2995103144098739,
        "pearson": 0.2692017000420172,
        "spearman": 0.304877268720653
      }
    ]
  },
  "task_name": "SICK-R"
}