{
  "dataset_revision": "59042f120c80e8afa9cdbb224f67076cec0fc9a7",
  "evaluation_time": 110.9141092300415,
  "kg_co2_emissions": null,
  "mteb_version": "1.14.20",
  "scores": {
    "test": [
      {
        "hf_subset": "default",
        "languages": [
          "eng-Latn"
        ],
        "main_score": 0.2697979754019077,
        "map": 0.2697979754019077,
        "mrr": 0.2747993720874969,
        "nAUC_map_diff1": 0.15618274814697278,
        "nAUC_map_max": -0.2688585742262901,
        "nAUC_map_std": -0.18562713875264766,
        "nAUC_mrr_diff1": 0.1443360856104725,
        "nAUC_mrr_max": -0.20795041152513882,
        "nAUC_mrr_std": -0.16306878176410738
      }
    ]
  },
  "task_name": "MindSmallReranking"
}