{
  "dataset_revision": "e185fbe320c72810689fc5848eb6114e1ef5ec69",
  "evaluation_time": 20.380887985229492,
  "kg_co2_emissions": null,
  "mteb_version": "1.14.20",
  "scores": {
    "test": [
      {
        "hf_subset": "default",
        "languages": [
          "eng-Latn"
        ],
        "main_score": 0.34747828358951666,
        "map": 0.34747828358951666,
        "mrr": 0.3435372633902046,
        "nAUC_map_diff1": 0.2719229002811472,
        "nAUC_map_max": 0.23397557986289458,
        "nAUC_map_std": 0.1392287579635336,
        "nAUC_mrr_diff1": 0.2633624552651914,
        "nAUC_mrr_max": 0.2419374574430353,
        "nAUC_mrr_std": 0.1459202734547665
      }
    ]
  },
  "task_name": "StackOverflowDupQuestions"
}