{
  "dataset_revision": "6031580fec1f6af667f0bd2da0a551cf4f0b2375",
  "evaluation_time": 5.866663455963135,
  "kg_co2_emissions": null,
  "mteb_version": "1.14.20",
  "scores": {
    "test": [
      {
        "cosine_pearson": 0.4256194517390849,
        "cosine_spearman": 0.41113535825089015,
        "euclidean_pearson": 0.44877432297172487,
        "euclidean_spearman": 0.4331006478341473,
        "hf_subset": "default",
        "languages": [
          "eng-Latn"
        ],
        "main_score": 0.41113535825089015,
        "manhattan_pearson": 0.448323569274982,
        "manhattan_spearman": 0.4323388005252047,
        "pearson": 0.4256194517390849,
        "spearman": 0.41113535825089015
      }
    ]
  },
  "task_name": "STS14"
}