{
  "dataset_revision": "6031580fec1f6af667f0bd2da0a551cf4f0b2375",
  "evaluation_time": 6.787291765213013,
  "kg_co2_emissions": null,
  "mteb_version": "1.14.20",
  "scores": {
    "test": [
      {
        "cosine_pearson": 0.47210605497091873,
        "cosine_spearman": 0.4596754108609998,
        "euclidean_pearson": 0.4835650389342893,
        "euclidean_spearman": 0.4678628923656746,
        "hf_subset": "default",
        "languages": [
          "eng-Latn"
        ],
        "main_score": 0.4596754108609998,
        "manhattan_pearson": 0.48674395631523937,
        "manhattan_spearman": 0.4703137610981682,
        "pearson": 0.47210605497091873,
        "spearman": 0.4596754108609998
      }
    ]
  },
  "task_name": "STS14"
}