{
  "dataset_revision": "59042f120c80e8afa9cdbb224f67076cec0fc9a7",
  "evaluation_time": 110.75950217247009,
  "kg_co2_emissions": null,
  "mteb_version": "1.14.20",
  "scores": {
    "test": [
      {
        "hf_subset": "default",
        "languages": [
          "eng-Latn"
        ],
        "main_score": 0.26313261010546657,
        "map": 0.26313261010546657,
        "mrr": 0.26733547112681005,
        "nAUC_map_diff1": 0.20816676815273452,
        "nAUC_map_max": -0.27963924651394223,
        "nAUC_map_std": -0.12552456800370335,
        "nAUC_mrr_diff1": 0.18814530509093086,
        "nAUC_mrr_max": -0.21930969270397319,
        "nAUC_mrr_std": -0.10701872176892013
      }
    ]
  },
  "task_name": "MindSmallReranking"
}