{
  "dataset_revision": "e185fbe320c72810689fc5848eb6114e1ef5ec69",
  "evaluation_time": 20.566115379333496,
  "kg_co2_emissions": null,
  "mteb_version": "1.14.20",
  "scores": {
    "test": [
      {
        "hf_subset": "default",
        "languages": [
          "eng-Latn"
        ],
        "main_score": 0.3559016338309926,
        "map": 0.3559016338309926,
        "mrr": 0.3532630665902725,
        "nAUC_map_diff1": 0.2847339671603179,
        "nAUC_map_max": 0.21207835184064858,
        "nAUC_map_std": 0.07958662055156568,
        "nAUC_mrr_diff1": 0.28368669877962094,
        "nAUC_mrr_max": 0.22188581322581202,
        "nAUC_mrr_std": 0.08111440004933342
      }
    ]
  },
  "task_name": "StackOverflowDupQuestions"
}