{
  "dataset_revision": "4d8694f8f0e0100860b497b999b3dbed754a0513",
  "evaluation_time": 3.854067802429199,
  "kg_co2_emissions": null,
  "mteb_version": "1.14.20",
  "scores": {
    "test": [
      {
        "cosine_pearson": 0.41096521771603,
        "cosine_spearman": 0.45947173967484084,
        "euclidean_pearson": 0.4739160948603305,
        "euclidean_spearman": 0.46846190475375754,
        "hf_subset": "default",
        "languages": [
          "eng-Latn"
        ],
        "main_score": 0.45947173967484084,
        "manhattan_pearson": 0.4747292554454694,
        "manhattan_spearman": 0.46990035041623057,
        "pearson": 0.41096521771603,
        "spearman": 0.45947173967484084
      }
    ]
  },
  "task_name": "STS16"
}