{
  "dataset_revision": "2000358ca161889fa9c082cb41daa8dcfb161a54",
  "evaluation_time": 9.588252544403076,
  "kg_co2_emissions": null,
  "mteb_version": "1.14.20",
  "scores": {
    "test": [
      {
        "hf_subset": "default",
        "languages": [
          "eng-Latn"
        ],
        "main_score": 0.49095736611908936,
        "map": 0.49095736611908936,
        "mrr": 0.6153409840390451,
        "nAUC_map_diff1": 0.08864140372671642,
        "nAUC_map_max": 0.23161198917564774,
        "nAUC_map_std": 0.1201496364228995,
        "nAUC_mrr_diff1": 0.1307085911318507,
        "nAUC_mrr_max": 0.2592958306914295,
        "nAUC_mrr_std": 0.12012674183918444
      }
    ]
  },
  "task_name": "AskUbuntuDupQuestions"
}