{
  "dataset_revision": "7e90230a92c190f1bf69ae9002b8cea547a64cca",
  "evaluation_time": 7.524036645889282,
  "kg_co2_emissions": null,
  "mteb_version": "1.14.20",
  "scores": {
    "test": [
      {
        "cosine_pearson": 0.5680300339185103,
        "cosine_spearman": 0.578209965674966,
        "euclidean_pearson": 0.576728340972469,
        "euclidean_spearman": 0.5800810644859327,
        "hf_subset": "default",
        "languages": [
          "eng-Latn"
        ],
        "main_score": 0.578209965674966,
        "manhattan_pearson": 0.5788576795872987,
        "manhattan_spearman": 0.5821030337654511,
        "pearson": 0.5680300339185103,
        "spearman": 0.578209965674966
      }
    ]
  },
  "task_name": "STS13"
}