{
  "dataset_revision": "2000358ca161889fa9c082cb41daa8dcfb161a54",
  "evaluation_time": 6.773536205291748,
  "kg_co2_emissions": null,
  "mteb_version": "1.14.20",
  "scores": {
    "test": [
      {
        "hf_subset": "default",
        "languages": [
          "eng-Latn"
        ],
        "main_score": 0.4667307159973639,
        "map": 0.4667307159973639,
        "mrr": 0.590586114408829,
        "nAUC_map_diff1": 0.1408895039064733,
        "nAUC_map_max": 0.181628406974806,
        "nAUC_map_std": 0.07944980333874323,
        "nAUC_mrr_diff1": 0.1853967580438908,
        "nAUC_mrr_max": 0.196301646067352,
        "nAUC_mrr_std": 0.0876229838012377
      }
    ]
  },
  "task_name": "AskUbuntuDupQuestions"
}