{
  "dataset_revision": "d3fb88f8f02e40887cd149695127462bbcf29b4a",
  "evaluation_time": 1.763404369354248,
  "kg_co2_emissions": null,
  "mteb_version": "1.14.20",
  "scores": {
    "test": [
      {
        "cosine_pearson": 0.6121348660312201,
        "cosine_spearman": 0.6236889099700906,
        "euclidean_pearson": 0.5565514844721277,
        "euclidean_spearman": 0.5430545425408464,
        "hf_subset": "default",
        "languages": [
          "eng-Latn"
        ],
        "main_score": 0.6236889099700906,
        "manhattan_pearson": 0.5562192047903337,
        "manhattan_spearman": 0.5402713465937182,
        "pearson": 0.6121348660312201,
        "spearman": 0.6236889099700906
      }
    ]
  },
  "task_name": "BIOSSES"
}