{
  "dataset_revision": "59042f120c80e8afa9cdbb224f67076cec0fc9a7",
  "evaluation_time": 114.22876334190369,
  "kg_co2_emissions": null,
  "mteb_version": "1.14.20",
  "scores": {
    "test": [
      {
        "hf_subset": "default",
        "languages": [
          "eng-Latn"
        ],
        "main_score": 0.2611325286273906,
        "map": 0.2611325286273906,
        "mrr": 0.2645668730619674,
        "nAUC_map_diff1": 0.15033082201864173,
        "nAUC_map_max": -0.24577725812213838,
        "nAUC_map_std": -0.14549447694639048,
        "nAUC_mrr_diff1": 0.13930841315062856,
        "nAUC_mrr_max": -0.18615072488582754,
        "nAUC_mrr_std": -0.12239878640563472
      }
    ]
  },
  "task_name": "MindSmallReranking"
}