{
  "dataset_revision": "d3c5e1fc0b855ab6097bf1cda04dd73947d7caab",
  "evaluation_time": 64.65559434890747,
  "kg_co2_emissions": null,
  "mteb_version": "1.14.20",
  "scores": {
    "test": [
      {
        "hf_subset": "default",
        "languages": [
          "eng-Latn"
        ],
        "main_score": 0.4751677241797437,
        "map": 0.4751677241797437,
        "mrr": 0.7134618377265435,
        "nAUC_map_diff1": 0.20149526278888308,
        "nAUC_map_max": 0.36181629168270474,
        "nAUC_map_std": 0.3141830870768748,
        "nAUC_mrr_diff1": 0.3757210555340265,
        "nAUC_mrr_max": 0.4278420413666075,
        "nAUC_mrr_std": 0.27486947775633164
      }
    ]
  },
  "task_name": "SciDocsRR"
}