{
  "dataset_revision": "ae752c7c21bf194d8b67fd573edf7ae58183cbe3",
  "evaluation_time": 9.920419931411743,
  "kg_co2_emissions": null,
  "mteb_version": "1.14.20",
  "scores": {
    "test": [
      {
        "cosine_pearson": 0.5274384805419977,
        "cosine_spearman": 0.5254946037555764,
        "euclidean_pearson": 0.49542816773132664,
        "euclidean_spearman": 0.4923142849228546,
        "hf_subset": "default",
        "languages": [
          "eng-Latn"
        ],
        "main_score": 0.5254946037555764,
        "manhattan_pearson": 0.49444941854293056,
        "manhattan_spearman": 0.49121748934444326,
        "pearson": 0.5274384805419977,
        "spearman": 0.5254946037555764
      }
    ]
  },
  "task_name": "STS15"
}