{
  "dataset_revision": "59042f120c80e8afa9cdbb224f67076cec0fc9a7",
  "evaluation_time": 135.56842398643494,
  "kg_co2_emissions": null,
  "mteb_version": "1.14.19",
  "scores": {
    "test": [
      {
        "hf_subset": "default",
        "languages": [
          "eng-Latn"
        ],
        "main_score": 0.26966459072152626,
        "map": 0.26966459072152626,
        "mrr": 0.27382512540573106,
        "nAUC_map_diff1": 0.18768460591971722,
        "nAUC_map_max": -0.27342596688756815,
        "nAUC_map_std": -0.14650480642867353,
        "nAUC_mrr_diff1": 0.17456295950809397,
        "nAUC_mrr_max": -0.21159929218702606,
        "nAUC_mrr_std": -0.13549078125828837
      }
    ]
  },
  "task_name": "MindSmallReranking"
}