{
  "dataset_revision": "20a6d6f312dd54037fe07a32d58e5e168867909d",
  "evaluation_time": 17.26588535308838,
  "kg_co2_emissions": null,
  "mteb_version": "1.14.19",
  "scores": {
    "test": [
      {
        "cosine_pearson": 0.5949929098024899,
        "cosine_spearman": 0.5595597959512877,
        "euclidean_pearson": 0.5725295760239426,
        "euclidean_spearman": 0.5605175498023138,
        "hf_subset": "default",
        "languages": [
          "eng-Latn"
        ],
        "main_score": 0.5595597959512877,
        "manhattan_pearson": 0.5736719774408112,
        "manhattan_spearman": 0.5611614105258508,
        "pearson": 0.5949929098024899,
        "spearman": 0.5595597959512877
      }
    ]
  },
  "task_name": "SICK-R"
}