{
  "dataset_revision": "d66bd1f72af766a5cc4b0ca5e00c162f89e8cc46",
  "evaluation_time": 23.21328330039978,
  "kg_co2_emissions": null,
  "mteb_version": "1.14.19",
  "scores": {
    "test": [
      {
        "cosine_accuracy": 0.9909108910891089,
        "cosine_accuracy_threshold": 0.9640012979507446,
        "cosine_ap": 0.3298270897419026,
        "cosine_f1": 0.4111536358665937,
        "cosine_f1_threshold": 0.9575743675231934,
        "cosine_precision": 0.45355850422195415,
        "cosine_recall": 0.376,
        "dot_accuracy": 0.9901386138613861,
        "dot_accuracy_threshold": 22627.49609375,
        "dot_ap": 0.05537846799783282,
        "dot_f1": 0.11209964412811389,
        "dot_f1_threshold": 21523.875,
        "dot_precision": 0.10096153846153846,
        "dot_recall": 0.126,
        "euclidean_accuracy": 0.9908019801980198,
        "euclidean_accuracy_threshold": 39.201087951660156,
        "euclidean_ap": 0.3198590164023794,
        "euclidean_f1": 0.4037075180226571,
        "euclidean_f1_threshold": 43.25798797607422,
        "euclidean_precision": 0.416135881104034,
        "euclidean_recall": 0.392,
        "hf_subset": "default",
        "languages": [
          "eng-Latn"
        ],
        "main_score": 0.3298270897419026,
        "manhattan_accuracy": 0.9907623762376238,
        "manhattan_accuracy_threshold": 868.8125,
        "manhattan_ap": 0.3224281046815647,
        "manhattan_f1": 0.4002100840336134,
        "manhattan_f1_threshold": 943.834716796875,
        "manhattan_precision": 0.42146017699115046,
        "manhattan_recall": 0.381,
        "max_accuracy": 0.9909108910891089,
        "max_ap": 0.3298270897419026,
        "max_f1": 0.4111536358665937,
        "max_precision": 0.45355850422195415,
        "max_recall": 0.392,
        "similarity_accuracy": 0.9909108910891089,
        "similarity_accuracy_threshold": 0.9640012979507446,
        "similarity_ap": 0.3298270897419026,
        "similarity_f1": 0.4111536358665937,
        "similarity_f1_threshold": 0.9575743675231934,
        "similarity_precision": 0.45355850422195415,
        "similarity_recall": 0.376
      }
    ],
    "validation": [
      {
        "cosine_accuracy": 0.9904059405940594,
        "cosine_accuracy_threshold": 0.9642155170440674,
        "cosine_ap": 0.2452432387305463,
        "cosine_f1": 0.3235763704097925,
        "cosine_f1_threshold": 0.9543899893760681,
        "cosine_precision": 0.34584755403868034,
        "cosine_recall": 0.304,
        "dot_accuracy": 0.9901089108910891,
        "dot_accuracy_threshold": 23597.28515625,
        "dot_ap": 0.043041336332967875,
        "dot_f1": 0.09212857504429257,
        "dot_f1_threshold": 21242.646484375,
        "dot_precision": 0.06167400881057269,
        "dot_recall": 0.182,
        "euclidean_accuracy": 0.9903663366336634,
        "euclidean_accuracy_threshold": 32.148441314697266,
        "euclidean_ap": 0.23781611165245353,
        "euclidean_f1": 0.3175122749590835,
        "euclidean_f1_threshold": 44.36815643310547,
        "euclidean_precision": 0.34933973589435774,
        "euclidean_recall": 0.291,
        "hf_subset": "default",
        "languages": [
          "eng-Latn"
        ],
        "main_score": 0.2452432387305463,
        "manhattan_accuracy": 0.9903861386138614,
        "manhattan_accuracy_threshold": 712.2804565429688,
        "manhattan_ap": 0.24271364388679795,
        "manhattan_f1": 0.31778741865509763,
        "manhattan_f1_threshold": 970.1656494140625,
        "manhattan_precision": 0.3471563981042654,
        "manhattan_recall": 0.293,
        "max_accuracy": 0.9904059405940594,
        "max_ap": 0.2452432387305463,
        "max_f1": 0.3235763704097925,
        "max_precision": 0.34933973589435774,
        "max_recall": 0.304,
        "similarity_accuracy": 0.9904059405940594,
        "similarity_accuracy_threshold": 0.9642155170440674,
        "similarity_ap": 0.2452432387305463,
        "similarity_f1": 0.3235763704097925,
        "similarity_f1_threshold": 0.9543899893760681,
        "similarity_precision": 0.34584755403868034,
        "similarity_recall": 0.304
      }
    ]
  },
  "task_name": "SprintDuplicateQuestions"
}