{
  "dataset_revision": "e185fbe320c72810689fc5848eb6114e1ef5ec69",
  "evaluation_time": 43.576648473739624,
  "kg_co2_emissions": null,
  "mteb_version": "1.14.19",
  "scores": {
    "test": [
      {
        "hf_subset": "default",
        "languages": [
          "eng-Latn"
        ],
        "main_score": 0.33051591470593616,
        "map": 0.33051591470593616,
        "mrr": 0.3239235845853493,
        "nAUC_map_diff1": 0.27330903205282114,
        "nAUC_map_max": 0.2044984197509808,
        "nAUC_map_std": 0.1014169231576308,
        "nAUC_mrr_diff1": 0.2700936375052747,
        "nAUC_mrr_max": 0.20878564363839797,
        "nAUC_mrr_std": 0.10370129168536654
      }
    ]
  },
  "task_name": "StackOverflowDupQuestions"
}