{
  "dataset_revision": "20a6d6f312dd54037fe07a32d58e5e168867909d",
  "evaluation_time": 14.311308860778809,
  "kg_co2_emissions": null,
  "mteb_version": "1.14.20",
  "scores": {
    "test": [
      {
        "cosine_pearson": 0.5484833956648795,
        "cosine_spearman": 0.5160115117476256,
        "euclidean_pearson": 0.5328918058629026,
        "euclidean_spearman": 0.5147242641084683,
        "hf_subset": "default",
        "languages": [
          "eng-Latn"
        ],
        "main_score": 0.5160115117476256,
        "manhattan_pearson": 0.5325375678408848,
        "manhattan_spearman": 0.514543779094114,
        "pearson": 0.5484833956648795,
        "spearman": 0.5160115117476256
      }
    ]
  },
  "task_name": "SICK-R"
}