{
  "dataset_revision": "20a6d6f312dd54037fe07a32d58e5e168867909d",
  "evaluation_time": 15.553385972976685,
  "kg_co2_emissions": null,
  "mteb_version": "1.14.20",
  "scores": {
    "test": [
      {
        "cosine_pearson": 0.6067246982657813,
        "cosine_spearman": 0.5556771427594868,
        "euclidean_pearson": 0.5767398611493094,
        "euclidean_spearman": 0.552416642403649,
        "hf_subset": "default",
        "languages": [
          "eng-Latn"
        ],
        "main_score": 0.5556771427594868,
        "manhattan_pearson": 0.5763810744156715,
        "manhattan_spearman": 0.5524248693288173,
        "pearson": 0.6067246982657813,
        "spearman": 0.5556771427594868
      }
    ]
  },
  "task_name": "SICK-R"
}