{
  "dataset_revision": "7e90230a92c190f1bf69ae9002b8cea547a64cca",
  "evaluation_time": 8.551652669906616,
  "kg_co2_emissions": null,
  "mteb_version": "1.14.20",
  "scores": {
    "test": [
      {
        "cosine_pearson": 0.5304147834117237,
        "cosine_spearman": 0.537060900889513,
        "euclidean_pearson": 0.5498636978930882,
        "euclidean_spearman": 0.5527287507035293,
        "hf_subset": "default",
        "languages": [
          "eng-Latn"
        ],
        "main_score": 0.537060900889513,
        "manhattan_pearson": 0.5524074162778427,
        "manhattan_spearman": 0.5548195889780692,
        "pearson": 0.5304147834117237,
        "spearman": 0.537060900889513
      }
    ]
  },
  "task_name": "STS13"
}