{
  "dataset_revision": "a0d554a64d88156834ff5ae9920b964011b16384",
  "evaluation_time": 11.249190330505371,
  "kg_co2_emissions": null,
  "mteb_version": "1.14.20",
  "scores": {
    "test": [
      {
        "cosine_pearson": 0.4432192332503481,
        "cosine_spearman": 0.4483744480928002,
        "euclidean_pearson": 0.4423760813710519,
        "euclidean_spearman": 0.44642178773083013,
        "hf_subset": "default",
        "languages": [
          "eng-Latn"
        ],
        "main_score": 0.4483744480928002,
        "manhattan_pearson": 0.445989102574752,
        "manhattan_spearman": 0.44687788187570915,
        "pearson": 0.4432192332503481,
        "spearman": 0.4483744480928002
      }
    ]
  },
  "task_name": "STS12"
}