{
  "dataset_revision": "2000358ca161889fa9c082cb41daa8dcfb161a54",
  "evaluation_time": 20.988041877746582,
  "kg_co2_emissions": null,
  "mteb_version": "1.14.20",
  "scores": {
    "test": [
      {
        "hf_subset": "default",
        "languages": [
          "eng-Latn"
        ],
        "main_score": 0.4681766912912877,
        "map": 0.4681766912912877,
        "mrr": 0.5869212504946577,
        "nAUC_map_diff1": 0.051433269435788666,
        "nAUC_map_max": 0.15524870581690034,
        "nAUC_map_std": -0.0086385911732478,
        "nAUC_mrr_diff1": 0.10237820146534202,
        "nAUC_mrr_max": 0.19633439446469564,
        "nAUC_mrr_std": 0.014813078447469246
      }
    ]
  },
  "task_name": "AskUbuntuDupQuestions"
}