{
  "dataset_revision": "d3fb88f8f02e40887cd149695127462bbcf29b4a",
  "evaluation_time": 3.4611411094665527,
  "kg_co2_emissions": null,
  "mteb_version": "1.14.20",
  "scores": {
    "test": [
      {
        "cosine_pearson": 0.5443919843287176,
        "cosine_spearman": 0.6125019080787117,
        "euclidean_pearson": 0.5600533545078127,
        "euclidean_spearman": 0.5869471089278074,
        "hf_subset": "default",
        "languages": [
          "eng-Latn"
        ],
        "main_score": 0.6125019080787117,
        "manhattan_pearson": 0.6366437388196272,
        "manhattan_spearman": 0.63433975506646,
        "pearson": 0.5443919843287176,
        "spearman": 0.6125019080787117
      }
    ]
  },
  "task_name": "BIOSSES"
}