{
  "dataset_revision": "d3c5e1fc0b855ab6097bf1cda04dd73947d7caab",
  "evaluation_time": 68.26908326148987,
  "kg_co2_emissions": null,
  "mteb_version": "1.14.20",
  "scores": {
    "test": [
      {
        "hf_subset": "default",
        "languages": [
          "eng-Latn"
        ],
        "main_score": 0.4817549997219358,
        "map": 0.4817549997219358,
        "mrr": 0.7206573655103066,
        "nAUC_map_diff1": 0.20317519070806725,
        "nAUC_map_max": 0.378241001430611,
        "nAUC_map_std": 0.35535838341473625,
        "nAUC_mrr_diff1": 0.37313831422059385,
        "nAUC_mrr_max": 0.43748532060909384,
        "nAUC_mrr_std": 0.30688041689750406
      }
    ]
  },
  "task_name": "SciDocsRR"
}