{
  "dataset_revision": "4d8694f8f0e0100860b497b999b3dbed754a0513",
  "evaluation_time": 6.561584234237671,
  "kg_co2_emissions": null,
  "mteb_version": "1.14.20",
  "scores": {
    "test": [
      {
        "cosine_pearson": 0.5147360704402364,
        "cosine_spearman": 0.5105786825496886,
        "euclidean_pearson": 0.4852787087718967,
        "euclidean_spearman": 0.47420967848074674,
        "hf_subset": "default",
        "languages": [
          "eng-Latn"
        ],
        "main_score": 0.5105786825496886,
        "manhattan_pearson": 0.48440930639952245,
        "manhattan_spearman": 0.47354418753296507,
        "pearson": 0.5147360704402364,
        "spearman": 0.5105786825496886
      }
    ]
  },
  "task_name": "STS16"
}