{
  "dataset_revision": "7e90230a92c190f1bf69ae9002b8cea547a64cca",
  "evaluation_time": 6.071843862533569,
  "kg_co2_emissions": null,
  "mteb_version": "1.14.20",
  "scores": {
    "test": [
      {
        "cosine_pearson": 0.4326847654955197,
        "cosine_spearman": 0.43457439840839684,
        "euclidean_pearson": 0.4526368191669524,
        "euclidean_spearman": 0.4495441110604767,
        "hf_subset": "default",
        "languages": [
          "eng-Latn"
        ],
        "main_score": 0.43457439840839684,
        "manhattan_pearson": 0.4550366092017995,
        "manhattan_spearman": 0.45169477289138327,
        "pearson": 0.4326847654955197,
        "spearman": 0.43457439840839684
      }
    ]
  },
  "task_name": "STS13"
}