{
  "dataset_revision": "ae752c7c21bf194d8b67fd573edf7ae58183cbe3",
  "evaluation_time": 11.824548721313477,
  "kg_co2_emissions": null,
  "mteb_version": "1.14.20",
  "scores": {
    "test": [
      {
        "cosine_pearson": 0.5263066246796606,
        "cosine_spearman": 0.5237860571908117,
        "euclidean_pearson": 0.4979215083691218,
        "euclidean_spearman": 0.4940417681423934,
        "hf_subset": "default",
        "languages": [
          "eng-Latn"
        ],
        "main_score": 0.5237860571908117,
        "manhattan_pearson": 0.4972043457800372,
        "manhattan_spearman": 0.49336814624963643,
        "pearson": 0.5263066246796606,
        "spearman": 0.5237860571908117
      }
    ]
  },
  "task_name": "STS15"
}