{
  "dataset_revision": "59042f120c80e8afa9cdbb224f67076cec0fc9a7",
  "evaluation_time": 123.8646891117096,
  "kg_co2_emissions": null,
  "mteb_version": "1.14.20",
  "scores": {
    "test": [
      {
        "hf_subset": "default",
        "languages": [
          "eng-Latn"
        ],
        "main_score": 0.27418791625869904,
        "map": 0.27418791625869904,
        "mrr": 0.28010209116210133,
        "nAUC_map_diff1": 0.18821761063036976,
        "nAUC_map_max": -0.2421932567494231,
        "nAUC_map_std": -0.09473289194012303,
        "nAUC_mrr_diff1": 0.17014253895363057,
        "nAUC_mrr_max": -0.1833874176961177,
        "nAUC_mrr_std": -0.08209033855490454
      }
    ]
  },
  "task_name": "MindSmallReranking"
}