{
  "dataset_revision": "d3c5e1fc0b855ab6097bf1cda04dd73947d7caab",
  "evaluation_time": 68.6197862625122,
  "kg_co2_emissions": null,
  "mteb_version": "1.14.20",
  "scores": {
    "test": [
      {
        "hf_subset": "default",
        "languages": [
          "eng-Latn"
        ],
        "main_score": 0.5734763747094622,
        "map": 0.5734763747094622,
        "mrr": 0.8113049350794449,
        "nAUC_map_diff1": 0.1899401684774412,
        "nAUC_map_max": 0.43620529728234814,
        "nAUC_map_std": 0.4109623237008238,
        "nAUC_mrr_diff1": 0.40709708402384515,
        "nAUC_mrr_max": 0.5348331705632637,
        "nAUC_mrr_std": 0.3937013732325043
      }
    ]
  },
  "task_name": "SciDocsRR"
}