{
  "dataset_revision": "20a6d6f312dd54037fe07a32d58e5e168867909d",
  "evaluation_time": 13.681231021881104,
  "kg_co2_emissions": null,
  "mteb_version": "1.14.20",
  "scores": {
    "test": [
      {
        "cosine_pearson": 0.6033321173147751,
        "cosine_spearman": 0.5538671033760224,
        "euclidean_pearson": 0.5696167272062791,
        "euclidean_spearman": 0.5481346390791056,
        "hf_subset": "default",
        "languages": [
          "eng-Latn"
        ],
        "main_score": 0.5538671033760224,
        "manhattan_pearson": 0.5695201165145737,
        "manhattan_spearman": 0.5488629374954824,
        "pearson": 0.6033321173147751,
        "spearman": 0.5538671033760224
      }
    ]
  },
  "task_name": "SICK-R"
}