{
  "dataset_revision": "b0fddb56ed78048fa8b90373c8a3cfc37b684831",
  "evaluation_time": 9.861614465713501,
  "kg_co2_emissions": null,
  "mteb_version": "1.14.20",
  "scores": {
    "test": [
      {
        "cosine_pearson": 0.5179219929062524,
        "cosine_spearman": 0.5042017247010726,
        "euclidean_pearson": 0.47911357769909296,
        "euclidean_spearman": 0.4685512352143501,
        "hf_subset": "default",
        "languages": [
          "eng-Latn"
        ],
        "main_score": 0.5042017247010726,
        "manhattan_pearson": 0.5066524999830041,
        "manhattan_spearman": 0.4960913618524942,
        "pearson": 0.5179219929062524,
        "spearman": 0.5042017247010726
      }
    ]
  },
  "task_name": "STSBenchmark"
}