{
  "dataset_revision": "a0d554a64d88156834ff5ae9920b964011b16384",
  "evaluation_time": 32.833733320236206,
  "kg_co2_emissions": null,
  "mteb_version": "1.14.20",
  "scores": {
    "test": [
      {
        "cosine_pearson": 0.36994064016603445,
        "cosine_spearman": 0.4042812830753358,
        "euclidean_pearson": 0.33790009559974665,
        "euclidean_spearman": 0.34450519443262134,
        "hf_subset": "default",
        "languages": [
          "eng-Latn"
        ],
        "main_score": 0.4042812830753358,
        "manhattan_pearson": 0.3583240298828984,
        "manhattan_spearman": 0.35317279200101803,
        "pearson": 0.36994064016603445,
        "spearman": 0.4042812830753358
      }
    ]
  },
  "task_name": "STS12"
}