{
  "dataset_revision": "ae752c7c21bf194d8b67fd573edf7ae58183cbe3",
  "evaluation_time": 27.645824670791626,
  "kg_co2_emissions": null,
  "mteb_version": "1.14.20",
  "scores": {
    "test": [
      {
        "cosine_pearson": 0.5557104571741878,
        "cosine_spearman": 0.5772592793334383,
        "euclidean_pearson": 0.5647757010334523,
        "euclidean_spearman": 0.5744074671656211,
        "hf_subset": "default",
        "languages": [
          "eng-Latn"
        ],
        "main_score": 0.5772592793334383,
        "manhattan_pearson": 0.5891884465707524,
        "manhattan_spearman": 0.6039902239633108,
        "pearson": 0.5557104571741878,
        "spearman": 0.5772592793334383
      }
    ]
  },
  "task_name": "STS15"
}