{
  "dataset_revision": "59042f120c80e8afa9cdbb224f67076cec0fc9a7",
  "evaluation_time": 493.00620698928833,
  "kg_co2_emissions": null,
  "mteb_version": "1.14.21",
  "scores": {
    "test": [
      {
        "hf_subset": "default",
        "languages": [
          "eng-Latn"
        ],
        "main_score": 0.31549967090707676,
        "map": 0.31549967090707676,
        "mrr": 0.32730658607762564,
        "nAUC_map_diff1": 0.15908824245994765,
        "nAUC_map_max": -0.21733269548631734,
        "nAUC_map_std": -0.04776814139956518,
        "nAUC_mrr_diff1": 0.14538461897251287,
        "nAUC_mrr_max": -0.15800319569359314,
        "nAUC_mrr_std": -0.02251931318483086
      }
    ]
  },
  "task_name": "MindSmallReranking"
}