{
  "dataset_revision": "ae752c7c21bf194d8b67fd573edf7ae58183cbe3",
  "evaluation_time": 88.31524062156677,
  "kg_co2_emissions": null,
  "mteb_version": "1.14.21",
  "scores": {
    "test": [
      {
        "cosine_pearson": 0.7327483758187205,
        "cosine_spearman": 0.7393884403513973,
        "euclidean_pearson": 0.7119516313605035,
        "euclidean_spearman": 0.724008925989437,
        "hf_subset": "default",
        "languages": [
          "eng-Latn"
        ],
        "main_score": 0.7393884403513973,
        "manhattan_pearson": 0.7143430208917069,
        "manhattan_spearman": 0.7268955045499392,
        "pearson": 0.7327483758187205,
        "spearman": 0.7393884403513973
      }
    ]
  },
  "task_name": "STS15"
}