{
  "dataset_revision": "2000358ca161889fa9c082cb41daa8dcfb161a54",
  "evaluation_time": 8.614753723144531,
  "kg_co2_emissions": null,
  "mteb_version": "1.14.20",
  "scores": {
    "test": [
      {
        "hf_subset": "default",
        "languages": [
          "eng-Latn"
        ],
        "main_score": 0.448469214505789,
        "map": 0.448469214505789,
        "mrr": 0.5713340368465022,
        "nAUC_map_diff1": 0.1955129665892586,
        "nAUC_map_max": 0.16781773122489188,
        "nAUC_map_std": 0.08320443998935251,
        "nAUC_mrr_diff1": 0.2533335773341934,
        "nAUC_mrr_max": 0.21361099340715978,
        "nAUC_mrr_std": 0.11353256379546137
      }
    ]
  },
  "task_name": "AskUbuntuDupQuestions"
}