{
  "dataset_revision": "20a6d6f312dd54037fe07a32d58e5e168867909d",
  "evaluation_time": 16.44742703437805,
  "kg_co2_emissions": null,
  "mteb_version": "1.14.20",
  "scores": {
    "test": [
      {
        "cosine_pearson": 0.426086495270817,
        "cosine_spearman": 0.3966062600851953,
        "euclidean_pearson": 0.42449999600616223,
        "euclidean_spearman": 0.3957600471126595,
        "hf_subset": "default",
        "languages": [
          "eng-Latn"
        ],
        "main_score": 0.3966062600851953,
        "manhattan_pearson": 0.42436631762744986,
        "manhattan_spearman": 0.3957322753271295,
        "pearson": 0.426086495270817,
        "spearman": 0.3966062600851953
      }
    ]
  },
  "task_name": "SICK-R"
}