{
  "dataset_revision": "7e90230a92c190f1bf69ae9002b8cea547a64cca",
  "evaluation_time": 8.476621627807617,
  "kg_co2_emissions": null,
  "mteb_version": "1.14.20",
  "scores": {
    "test": [
      {
        "cosine_pearson": 0.29565349097651067,
        "cosine_spearman": 0.2883305821113738,
        "euclidean_pearson": 0.3165577596172241,
        "euclidean_spearman": 0.3135421986876185,
        "hf_subset": "default",
        "languages": [
          "eng-Latn"
        ],
        "main_score": 0.2883305821113738,
        "manhattan_pearson": 0.31720794912894684,
        "manhattan_spearman": 0.31457707002456836,
        "pearson": 0.29565349097651067,
        "spearman": 0.2883305821113738
      }
    ]
  },
  "task_name": "STS13"
}