{
  "dataset_revision": "7e90230a92c190f1bf69ae9002b8cea547a64cca",
  "evaluation_time": 4.71654486656189,
  "kg_co2_emissions": null,
  "mteb_version": "1.14.19",
  "scores": {
    "test": [
      {
        "cosine_pearson": 0.38033661867620017,
        "cosine_spearman": 0.4087328462141536,
        "euclidean_pearson": 0.40579049672535883,
        "euclidean_spearman": 0.41307611506057385,
        "hf_subset": "default",
        "languages": [
          "eng-Latn"
        ],
        "main_score": 0.4087328462141536,
        "manhattan_pearson": 0.4272796547795628,
        "manhattan_spearman": 0.4289542313199574,
        "pearson": 0.38033661867620017,
        "spearman": 0.4087328462141536
      }
    ]
  },
  "task_name": "STS13"
}