{
  "dataset_revision": "ae752c7c21bf194d8b67fd573edf7ae58183cbe3",
  "evaluation_time": 5.757210731506348,
  "kg_co2_emissions": null,
  "mteb_version": "1.14.19",
  "scores": {
    "test": [
      {
        "cosine_pearson": 0.47522128558542576,
        "cosine_spearman": 0.5141482948116396,
        "euclidean_pearson": 0.4956445722667625,
        "euclidean_spearman": 0.5064851570105044,
        "hf_subset": "default",
        "languages": [
          "eng-Latn"
        ],
        "main_score": 0.5141482948116396,
        "manhattan_pearson": 0.5149178465310791,
        "manhattan_spearman": 0.5231975065785195,
        "pearson": 0.47522128558542576,
        "spearman": 0.5141482948116396
      }
    ]
  },
  "task_name": "STS15"
}