{
  "dataset_revision": "59042f120c80e8afa9cdbb224f67076cec0fc9a7",
  "evaluation_time": 112.0210292339325,
  "kg_co2_emissions": null,
  "mteb_version": "1.14.20",
  "scores": {
    "test": [
      {
        "hf_subset": "default",
        "languages": [
          "eng-Latn"
        ],
        "main_score": 0.2625941245144631,
        "map": 0.2625941245144631,
        "mrr": 0.26768225841747795,
        "nAUC_map_diff1": 0.2225866305355493,
        "nAUC_map_max": -0.2494180502055454,
        "nAUC_map_std": -0.013919717661159521,
        "nAUC_mrr_diff1": 0.19915853536455164,
        "nAUC_mrr_max": -0.19042199234975196,
        "nAUC_mrr_std": -0.00816025969317213
      }
    ]
  },
  "task_name": "MindSmallReranking"
}