{
  "dataset_revision": "ae752c7c21bf194d8b67fd573edf7ae58183cbe3",
  "evaluation_time": 6.316074371337891,
  "kg_co2_emissions": null,
  "mteb_version": "1.14.20",
  "scores": {
    "test": [
      {
        "cosine_pearson": 0.5376085095402021,
        "cosine_spearman": 0.5637057408498631,
        "euclidean_pearson": 0.5566522908341336,
        "euclidean_spearman": 0.557615078052912,
        "hf_subset": "default",
        "languages": [
          "eng-Latn"
        ],
        "main_score": 0.5637057408498631,
        "manhattan_pearson": 0.5591271855512316,
        "manhattan_spearman": 0.5598892970272711,
        "pearson": 0.5376085095402021,
        "spearman": 0.5637057408498631
      }
    ]
  },
  "task_name": "STS15"
}