{
  "dataset_revision": "7e90230a92c190f1bf69ae9002b8cea547a64cca",
  "evaluation_time": 3.020007848739624,
  "kg_co2_emissions": null,
  "mteb_version": "1.14.20",
  "scores": {
    "test": [
      {
        "cosine_pearson": 0.33067330042162213,
        "cosine_spearman": 0.31975493076728195,
        "euclidean_pearson": 0.37149742040539724,
        "euclidean_spearman": 0.35766200408740173,
        "hf_subset": "default",
        "languages": [
          "eng-Latn"
        ],
        "main_score": 0.31975493076728195,
        "manhattan_pearson": 0.37083305409233924,
        "manhattan_spearman": 0.3575144131795398,
        "pearson": 0.33067330042162213,
        "spearman": 0.31975493076728195
      }
    ]
  },
  "task_name": "STS13"
}