{
  "dataset_revision": "ae752c7c21bf194d8b67fd573edf7ae58183cbe3",
  "evaluation_time": 4.251211166381836,
  "kg_co2_emissions": null,
  "mteb_version": "1.14.20",
  "scores": {
    "test": [
      {
        "cosine_pearson": 0.4740050454008521,
        "cosine_spearman": 0.47320356407722075,
        "euclidean_pearson": 0.45227907628450076,
        "euclidean_spearman": 0.4388266848078249,
        "hf_subset": "default",
        "languages": [
          "eng-Latn"
        ],
        "main_score": 0.47320356407722075,
        "manhattan_pearson": 0.4522386605581045,
        "manhattan_spearman": 0.43886116482524745,
        "pearson": 0.4740050454008521,
        "spearman": 0.47320356407722075
      }
    ]
  },
  "task_name": "STS15"
}