{
  "dataset_revision": "2000358ca161889fa9c082cb41daa8dcfb161a54",
  "evaluation_time": 7.348474740982056,
  "kg_co2_emissions": null,
  "mteb_version": "1.14.20",
  "scores": {
    "test": [
      {
        "hf_subset": "default",
        "languages": [
          "eng-Latn"
        ],
        "main_score": 0.48176977045595826,
        "map": 0.48176977045595826,
        "mrr": 0.6187178472497032,
        "nAUC_map_diff1": 0.12135296387324895,
        "nAUC_map_max": 0.16014474754477293,
        "nAUC_map_std": 0.07246150838182737,
        "nAUC_mrr_diff1": 0.13762805876312711,
        "nAUC_mrr_max": 0.1773441392057252,
        "nAUC_mrr_std": 0.060302775352950845
      }
    ]
  },
  "task_name": "AskUbuntuDupQuestions"
}