{
  "dataset_revision": "59042f120c80e8afa9cdbb224f67076cec0fc9a7",
  "evaluation_time": 111.94694638252258,
  "kg_co2_emissions": null,
  "mteb_version": "1.14.20",
  "scores": {
    "test": [
      {
        "hf_subset": "default",
        "languages": [
          "eng-Latn"
        ],
        "main_score": 0.2580225810835409,
        "map": 0.2580225810835409,
        "mrr": 0.2613645293654598,
        "nAUC_map_diff1": 0.21622856590841372,
        "nAUC_map_max": -0.24551681974894407,
        "nAUC_map_std": -0.14074626522242026,
        "nAUC_mrr_diff1": 0.19571645011022665,
        "nAUC_mrr_max": -0.18205460596890546,
        "nAUC_mrr_std": -0.12137302975642421
      }
    ]
  },
  "task_name": "MindSmallReranking"
}