{
  "dataset_revision": "20a6d6f312dd54037fe07a32d58e5e168867909d",
  "evaluation_time": 13.544795513153076,
  "kg_co2_emissions": null,
  "mteb_version": "1.14.20",
  "scores": {
    "test": [
      {
        "cosine_pearson": 0.5361015474980034,
        "cosine_spearman": 0.5014720794510903,
        "euclidean_pearson": 0.5082898701032481,
        "euclidean_spearman": 0.4894545665609303,
        "hf_subset": "default",
        "languages": [
          "eng-Latn"
        ],
        "main_score": 0.5014720794510903,
        "manhattan_pearson": 0.508334817237431,
        "manhattan_spearman": 0.48957076283575324,
        "pearson": 0.5361015474980034,
        "spearman": 0.5014720794510903
      }
    ]
  },
  "task_name": "SICK-R"
}