{
  "dataset_revision": "2000358ca161889fa9c082cb41daa8dcfb161a54",
  "evaluation_time": 41.907450675964355,
  "kg_co2_emissions": null,
  "mteb_version": "1.14.21",
  "scores": {
    "test": [
      {
        "hf_subset": "default",
        "languages": [
          "eng-Latn"
        ],
        "main_score": 0.5154224539081035,
        "map": 0.5154224539081035,
        "mrr": 0.6406465725717804,
        "nAUC_map_diff1": 0.16317954043181973,
        "nAUC_map_max": 0.20294627065878423,
        "nAUC_map_std": 0.11778076982719235,
        "nAUC_mrr_diff1": 0.21752562214057944,
        "nAUC_mrr_max": 0.2314788769421707,
        "nAUC_mrr_std": 0.12732960057599357
      }
    ]
  },
  "task_name": "AskUbuntuDupQuestions"
}