{
  "dataset_revision": "d3fb88f8f02e40887cd149695127462bbcf29b4a",
  "evaluation_time": 7.950999975204468,
  "kg_co2_emissions": null,
  "mteb_version": "1.14.21",
  "scores": {
    "test": [
      {
        "cosine_pearson": 0.7615030056211854,
        "cosine_spearman": 0.7481495772161264,
        "euclidean_pearson": 0.7061117582063442,
        "euclidean_spearman": 0.6991123152905345,
        "hf_subset": "default",
        "languages": [
          "eng-Latn"
        ],
        "main_score": 0.7481495772161264,
        "manhattan_pearson": 0.7059713784880028,
        "manhattan_spearman": 0.7034377150525214,
        "pearson": 0.7615030056211854,
        "spearman": 0.7481495772161264
      }
    ]
  },
  "task_name": "BIOSSES"
}