{
  "dataset_revision": "d3c5e1fc0b855ab6097bf1cda04dd73947d7caab",
  "evaluation_time": 578.171745300293,
  "kg_co2_emissions": null,
  "mteb_version": "1.14.21",
  "scores": {
    "test": [
      {
        "hf_subset": "default",
        "languages": [
          "eng-Latn"
        ],
        "main_score": 0.6922144023329744,
        "map": 0.6922144023329744,
        "mrr": 0.8926928463693169,
        "nAUC_map_diff1": 0.14007578011397973,
        "nAUC_map_max": 0.4590382212132373,
        "nAUC_map_std": 0.5168875538257969,
        "nAUC_mrr_diff1": 0.4791609998126419,
        "nAUC_mrr_max": 0.620421138966758,
        "nAUC_mrr_std": 0.5179016959043069
      }
    ]
  },
  "task_name": "SciDocsRR"
}