{
  "dataset_revision": "a0d554a64d88156834ff5ae9920b964011b16384",
  "evaluation_time": 3.511099338531494,
  "kg_co2_emissions": null,
  "mteb_version": "1.14.20",
  "scores": {
    "test": [
      {
        "cosine_pearson": 0.38792466368013845,
        "cosine_spearman": 0.3990568833911988,
        "euclidean_pearson": 0.37935653004851777,
        "euclidean_spearman": 0.36285934572551953,
        "hf_subset": "default",
        "languages": [
          "eng-Latn"
        ],
        "main_score": 0.3990568833911988,
        "manhattan_pearson": 0.379899837799683,
        "manhattan_spearman": 0.36321649885594526,
        "pearson": 0.38792466368013845,
        "spearman": 0.3990568833911988
      }
    ]
  },
  "task_name": "STS12"
}