{
  "dataset_revision": "4d8694f8f0e0100860b497b999b3dbed754a0513",
  "evaluation_time": 2.7242894172668457,
  "kg_co2_emissions": null,
  "mteb_version": "1.14.20",
  "scores": {
    "test": [
      {
        "cosine_pearson": 0.5523677234691756,
        "cosine_spearman": 0.568456010621531,
        "euclidean_pearson": 0.5007722259609595,
        "euclidean_spearman": 0.49990003286792273,
        "hf_subset": "default",
        "languages": [
          "eng-Latn"
        ],
        "main_score": 0.568456010621531,
        "manhattan_pearson": 0.5005580221298939,
        "manhattan_spearman": 0.5005394231384073,
        "pearson": 0.5523677234691756,
        "spearman": 0.568456010621531
      }
    ]
  },
  "task_name": "STS16"
}