{
  "dataset_revision": "d3c5e1fc0b855ab6097bf1cda04dd73947d7caab",
  "evaluation_time": 48.494699001312256,
  "kg_co2_emissions": null,
  "mteb_version": "1.14.19",
  "scores": {
    "test": [
      {
        "hf_subset": "default",
        "languages": [
          "eng-Latn"
        ],
        "main_score": 0.5134874929734431,
        "map": 0.5134874929734431,
        "mrr": 0.7597636205479342,
        "nAUC_map_diff1": 0.19207303528291023,
        "nAUC_map_max": 0.4485441565264107,
        "nAUC_map_std": 0.2643132560513359,
        "nAUC_mrr_diff1": 0.37899161009685334,
        "nAUC_mrr_max": 0.5259959945277576,
        "nAUC_mrr_std": 0.25475297893128684
      }
    ]
  },
  "task_name": "SciDocsRR"
}