{
  "dataset_revision": "7e90230a92c190f1bf69ae9002b8cea547a64cca",
  "evaluation_time": 7.080994129180908,
  "kg_co2_emissions": null,
  "mteb_version": "1.14.20",
  "scores": {
    "test": [
      {
        "cosine_pearson": 0.5614191208143972,
        "cosine_spearman": 0.5715407877189703,
        "euclidean_pearson": 0.5758522608864435,
        "euclidean_spearman": 0.5791698502037353,
        "hf_subset": "default",
        "languages": [
          "eng-Latn"
        ],
        "main_score": 0.5715407877189703,
        "manhattan_pearson": 0.5774945220323513,
        "manhattan_spearman": 0.5805224510034533,
        "pearson": 0.5614191208143972,
        "spearman": 0.5715407877189703
      }
    ]
  },
  "task_name": "STS13"
}