{
  "dataset_revision": "59042f120c80e8afa9cdbb224f67076cec0fc9a7",
  "evaluation_time": 101.16189384460449,
  "kg_co2_emissions": null,
  "mteb_version": "1.14.20",
  "scores": {
    "test": [
      {
        "hf_subset": "default",
        "languages": [
          "eng-Latn"
        ],
        "main_score": 0.25889051712785144,
        "map": 0.25889051712785144,
        "mrr": 0.2617156743626337,
        "nAUC_map_diff1": 0.0993241799643965,
        "nAUC_map_max": -0.2732901191489934,
        "nAUC_map_std": -0.11213723521081465,
        "nAUC_mrr_diff1": 0.09636916921860841,
        "nAUC_mrr_max": -0.21407289601980717,
        "nAUC_mrr_std": -0.08316820325026714
      }
    ]
  },
  "task_name": "MindSmallReranking"
}