{
  "dataset_revision": "7e90230a92c190f1bf69ae9002b8cea547a64cca",
  "evaluation_time": 2.8448288440704346,
  "kg_co2_emissions": null,
  "mteb_version": "1.14.20",
  "scores": {
    "test": [
      {
        "cosine_pearson": 0.49922916821220853,
        "cosine_spearman": 0.4960484364840632,
        "euclidean_pearson": 0.518092685151734,
        "euclidean_spearman": 0.5102776745328962,
        "hf_subset": "default",
        "languages": [
          "eng-Latn"
        ],
        "main_score": 0.4960484364840632,
        "manhattan_pearson": 0.5177624551243866,
        "manhattan_spearman": 0.5102493792020424,
        "pearson": 0.49922916821220853,
        "spearman": 0.4960484364840632
      }
    ]
  },
  "task_name": "STS13"
}