{
  "dataset_revision": "d3fb88f8f02e40887cd149695127462bbcf29b4a",
  "evaluation_time": 1.9214122295379639,
  "kg_co2_emissions": null,
  "mteb_version": "1.14.20",
  "scores": {
    "test": [
      {
        "cosine_pearson": 0.058791730595353024,
        "cosine_spearman": 0.08627305012732223,
        "euclidean_pearson": 0.04208335231211141,
        "euclidean_spearman": 0.07128475680166216,
        "hf_subset": "default",
        "languages": [
          "eng-Latn"
        ],
        "main_score": 0.08627305012732223,
        "manhattan_pearson": 0.048940191887217925,
        "manhattan_spearman": 0.07689331833148108,
        "pearson": 0.058791730595353024,
        "spearman": 0.08627305012732223
      }
    ]
  },
  "task_name": "BIOSSES"
}