{
  "dataset_revision": "59042f120c80e8afa9cdbb224f67076cec0fc9a7",
  "evaluation_time": 117.4774239063263,
  "kg_co2_emissions": null,
  "mteb_version": "1.14.20",
  "scores": {
    "test": [
      {
        "hf_subset": "default",
        "languages": [
          "eng-Latn"
        ],
        "main_score": 0.25794972314513553,
        "map": 0.25794972314513553,
        "mrr": 0.2633022878910132,
        "nAUC_map_diff1": 0.13126654614338634,
        "nAUC_map_max": -0.1973361779046706,
        "nAUC_map_std": -0.0680186918481056,
        "nAUC_mrr_diff1": 0.12263942663853597,
        "nAUC_mrr_max": -0.1237885271071984,
        "nAUC_mrr_std": -0.02270891008947922
      }
    ]
  },
  "task_name": "MindSmallReranking"
}