{
  "dataset_revision": "e185fbe320c72810689fc5848eb6114e1ef5ec69",
  "evaluation_time": 48.94808506965637,
  "kg_co2_emissions": null,
  "mteb_version": "1.14.20",
  "scores": {
    "test": [
      {
        "hf_subset": "default",
        "languages": [
          "eng-Latn"
        ],
        "main_score": 0.26409306087548795,
        "map": 0.26409306087548795,
        "mrr": 0.2506969643918173,
        "nAUC_map_diff1": 0.1674233742807331,
        "nAUC_map_max": 0.24531819795418475,
        "nAUC_map_std": 0.06095443448916071,
        "nAUC_mrr_diff1": 0.16025113230960417,
        "nAUC_mrr_max": 0.2454634225813609,
        "nAUC_mrr_std": 0.06090433255273502
      }
    ]
  },
  "task_name": "StackOverflowDupQuestions"
}