{
  "dataset_revision": "d3c5e1fc0b855ab6097bf1cda04dd73947d7caab",
  "evaluation_time": 55.12203049659729,
  "kg_co2_emissions": null,
  "mteb_version": "1.14.20",
  "scores": {
    "test": [
      {
        "hf_subset": "default",
        "languages": [
          "eng-Latn"
        ],
        "main_score": 0.4842446442794754,
        "map": 0.4842446442794754,
        "mrr": 0.7195241486908154,
        "nAUC_map_diff1": 0.2155002705230133,
        "nAUC_map_max": 0.34162594551648817,
        "nAUC_map_std": 0.2992221143073241,
        "nAUC_mrr_diff1": 0.37501765404762444,
        "nAUC_mrr_max": 0.4093779156867243,
        "nAUC_mrr_std": 0.2780586790489986
      }
    ]
  },
  "task_name": "SciDocsRR"
}