{
  "dataset_revision": "20a6d6f312dd54037fe07a32d58e5e168867909d",
  "evaluation_time": 15.082436561584473,
  "kg_co2_emissions": null,
  "mteb_version": "1.14.20",
  "scores": {
    "test": [
      {
        "cosine_pearson": 0.5063592073384588,
        "cosine_spearman": 0.4791596683426642,
        "euclidean_pearson": 0.4884621961071883,
        "euclidean_spearman": 0.47178975592499484,
        "hf_subset": "default",
        "languages": [
          "eng-Latn"
        ],
        "main_score": 0.4791596683426642,
        "manhattan_pearson": 0.48960000454020114,
        "manhattan_spearman": 0.47305739272406994,
        "pearson": 0.5063592073384588,
        "spearman": 0.4791596683426642
      }
    ]
  },
  "task_name": "SICK-R"
}