{
  "dataset_revision": "a0d554a64d88156834ff5ae9920b964011b16384",
  "evaluation_time": 7.113640308380127,
  "kg_co2_emissions": null,
  "mteb_version": "1.14.20",
  "scores": {
    "test": [
      {
        "cosine_pearson": 0.28424746504954435,
        "cosine_spearman": 0.31430715066130643,
        "euclidean_pearson": 0.3024167752012816,
        "euclidean_spearman": 0.30748597784689596,
        "hf_subset": "default",
        "languages": [
          "eng-Latn"
        ],
        "main_score": 0.31430715066130643,
        "manhattan_pearson": 0.30269293705810996,
        "manhattan_spearman": 0.3073711286604833,
        "pearson": 0.28424746504954435,
        "spearman": 0.31430715066130643
      }
    ]
  },
  "task_name": "STS12"
}