{
  "dataset_revision": "ae752c7c21bf194d8b67fd573edf7ae58183cbe3",
  "evaluation_time": 8.744924783706665,
  "kg_co2_emissions": null,
  "mteb_version": "1.14.20",
  "scores": {
    "test": [
      {
        "cosine_pearson": 0.5329629607054778,
        "cosine_spearman": 0.5322221484590296,
        "euclidean_pearson": 0.4912395011721032,
        "euclidean_spearman": 0.4918510345238722,
        "hf_subset": "default",
        "languages": [
          "eng-Latn"
        ],
        "main_score": 0.5322221484590296,
        "manhattan_pearson": 0.4904247326960999,
        "manhattan_spearman": 0.4910599203629268,
        "pearson": 0.5329629607054778,
        "spearman": 0.5322221484590296
      }
    ]
  },
  "task_name": "STS15"
}