{
  "dataset_revision": "b0fddb56ed78048fa8b90373c8a3cfc37b684831",
  "evaluation_time": 4.041304588317871,
  "kg_co2_emissions": null,
  "mteb_version": "1.14.20",
  "scores": {
    "test": [
      {
        "cosine_pearson": 0.3433578144285917,
        "cosine_spearman": 0.3307582625164017,
        "euclidean_pearson": 0.36071495383059105,
        "euclidean_spearman": 0.35106313306575565,
        "hf_subset": "default",
        "languages": [
          "eng-Latn"
        ],
        "main_score": 0.3307582625164017,
        "manhattan_pearson": 0.3609846129459867,
        "manhattan_spearman": 0.35098139346593615,
        "pearson": 0.3433578144285917,
        "spearman": 0.3307582625164017
      }
    ]
  },
  "task_name": "STSBenchmark"
}