{
  "dataset_revision": "2000358ca161889fa9c082cb41daa8dcfb161a54",
  "evaluation_time": 6.97225022315979,
  "kg_co2_emissions": null,
  "mteb_version": "1.14.20",
  "scores": {
    "test": [
      {
        "hf_subset": "default",
        "languages": [
          "eng-Latn"
        ],
        "main_score": 0.48042162660060467,
        "map": 0.48042162660060467,
        "mrr": 0.6104207888141406,
        "nAUC_map_diff1": 0.15883521583044313,
        "nAUC_map_max": 0.17900045255052394,
        "nAUC_map_std": 0.07130029413938646,
        "nAUC_mrr_diff1": 0.18655819894124484,
        "nAUC_mrr_max": 0.21685087849228726,
        "nAUC_mrr_std": 0.08777991239035855
      }
    ]
  },
  "task_name": "AskUbuntuDupQuestions"
}