{
  "dataset_revision": "d3fb88f8f02e40887cd149695127462bbcf29b4a",
  "evaluation_time": 2.667428970336914,
  "kg_co2_emissions": null,
  "mteb_version": "1.14.20",
  "scores": {
    "test": [
      {
        "cosine_pearson": 0.6409126866838379,
        "cosine_spearman": 0.6526594496015615,
        "euclidean_pearson": 0.6055329878567155,
        "euclidean_spearman": 0.6031583216847815,
        "hf_subset": "default",
        "languages": [
          "eng-Latn"
        ],
        "main_score": 0.6526594496015615,
        "manhattan_pearson": 0.6033402271403395,
        "manhattan_spearman": 0.6083873564945373,
        "pearson": 0.6409126866838379,
        "spearman": 0.6526594496015615
      }
    ]
  },
  "task_name": "BIOSSES"
}