{
  "dataset_revision": "6031580fec1f6af667f0bd2da0a551cf4f0b2375",
  "evaluation_time": 8.409546136856079,
  "kg_co2_emissions": null,
  "mteb_version": "1.14.20",
  "scores": {
    "test": [
      {
        "cosine_pearson": 0.475105109702441,
        "cosine_spearman": 0.4527142856710287,
        "euclidean_pearson": 0.4812572291727078,
        "euclidean_spearman": 0.464116674236894,
        "hf_subset": "default",
        "languages": [
          "eng-Latn"
        ],
        "main_score": 0.4527142856710287,
        "manhattan_pearson": 0.4821350518396311,
        "manhattan_spearman": 0.4645879194061583,
        "pearson": 0.475105109702441,
        "spearman": 0.4527142856710287
      }
    ]
  },
  "task_name": "STS14"
}