{
  "dataset_revision": "b0fddb56ed78048fa8b90373c8a3cfc37b684831",
  "evaluation_time": 3.4010257720947266,
  "kg_co2_emissions": null,
  "mteb_version": "1.14.20",
  "scores": {
    "test": [
      {
        "cosine_pearson": 0.43149329270546416,
        "cosine_spearman": 0.4226476132754544,
        "euclidean_pearson": 0.451711328685983,
        "euclidean_spearman": 0.4451854816527557,
        "hf_subset": "default",
        "languages": [
          "eng-Latn"
        ],
        "main_score": 0.4226476132754544,
        "manhattan_pearson": 0.45287975635616023,
        "manhattan_spearman": 0.4463010348847276,
        "pearson": 0.43149329270546416,
        "spearman": 0.4226476132754544
      }
    ]
  },
  "task_name": "STSBenchmark"
}