{
  "dataset_revision": "59042f120c80e8afa9cdbb224f67076cec0fc9a7",
  "evaluation_time": 196.97506284713745,
  "kg_co2_emissions": null,
  "mteb_version": "1.14.20",
  "scores": {
    "test": [
      {
        "hf_subset": "default",
        "languages": [
          "eng-Latn"
        ],
        "main_score": 0.2845902220908856,
        "map": 0.2845902220908856,
        "mrr": 0.29205505075525373,
        "nAUC_map_diff1": 0.24081626026176542,
        "nAUC_map_max": -0.22440920587562466,
        "nAUC_map_std": -0.04935572553422971,
        "nAUC_mrr_diff1": 0.212766619204506,
        "nAUC_mrr_max": -0.1648721155210426,
        "nAUC_mrr_std": -0.05113684131386002
      }
    ]
  },
  "task_name": "MindSmallReranking"
}