{
  "dataset_revision": "7e90230a92c190f1bf69ae9002b8cea547a64cca",
  "evaluation_time": 20.886789798736572,
  "kg_co2_emissions": null,
  "mteb_version": "1.14.20",
  "scores": {
    "test": [
      {
        "cosine_pearson": 0.47851336871114325,
        "cosine_spearman": 0.5080419959340191,
        "euclidean_pearson": 0.4976346244909214,
        "euclidean_spearman": 0.5056886326386504,
        "hf_subset": "default",
        "languages": [
          "eng-Latn"
        ],
        "main_score": 0.5080419959340191,
        "manhattan_pearson": 0.5294324782448071,
        "manhattan_spearman": 0.5326255597197248,
        "pearson": 0.47851336871114325,
        "spearman": 0.5080419959340191
      }
    ]
  },
  "task_name": "STS13"
}