{
  "dataset_revision": "70970daeab8776df92f5ea462b6173c0b46fd2d1",
  "evaluation_time": 37.302659034729004,
  "kg_co2_emissions": null,
  "mteb_version": "1.14.20",
  "scores": {
    "test": [
      {
        "cosine_accuracy": 0.8007987125230971,
        "cosine_accuracy_threshold": 0.9642602205276489,
        "cosine_ap": 0.5035091785180215,
        "cosine_f1": 0.4950801547816473,
        "cosine_f1_threshold": 0.9425859451293945,
        "cosine_precision": 0.42607040913415795,
        "cosine_recall": 0.5907651715039578,
        "dot_accuracy": 0.7763604935328128,
        "dot_accuracy_threshold": 1789.2738037109375,
        "dot_ap": 0.3493011983204556,
        "dot_f1": 0.4144304823672476,
        "dot_f1_threshold": 1607.2235107421875,
        "dot_precision": 0.29912229373902866,
        "dot_recall": 0.6744063324538259,
        "euclidean_accuracy": 0.8001430529892114,
        "euclidean_accuracy_threshold": 11.243928909301758,
        "euclidean_ap": 0.5020469499412358,
        "euclidean_f1": 0.49234893331844076,
        "euclidean_f1_threshold": 14.126405715942383,
        "euclidean_precision": 0.42688359480921945,
        "euclidean_recall": 0.5815303430079156,
        "hf_subset": "default",
        "languages": [
          "eng-Latn"
        ],
        "main_score": 0.5437620498139689,
        "manhattan_accuracy": 0.8083685998688681,
        "manhattan_accuracy_threshold": 235.92471313476562,
        "manhattan_ap": 0.5437620498139689,
        "manhattan_f1": 0.5271283141290972,
        "manhattan_f1_threshold": 284.8076171875,
        "manhattan_precision": 0.4575645756457565,
        "manhattan_recall": 0.6216358839050132,
        "max_accuracy": 0.8083685998688681,
        "max_ap": 0.5437620498139689,
        "max_f1": 0.5271283141290972,
        "max_precision": 0.4575645756457565,
        "max_recall": 0.6744063324538259,
        "similarity_accuracy": 0.8007987125230971,
        "similarity_accuracy_threshold": 0.9642602205276489,
        "similarity_ap": 0.5035091785180215,
        "similarity_f1": 0.4950801547816473,
        "similarity_f1_threshold": 0.9425859451293945,
        "similarity_precision": 0.42607040913415795,
        "similarity_recall": 0.5907651715039578
      }
    ]
  },
  "task_name": "TwitterSemEval2015"
}