{
  "dataset_revision": "d3fb88f8f02e40887cd149695127462bbcf29b4a",
  "evaluation_time": 2.9526405334472656,
  "kg_co2_emissions": null,
  "mteb_version": "1.14.20",
  "scores": {
    "test": [
      {
        "cosine_pearson": 0.5697919116157323,
        "cosine_spearman": 0.6057668148560076,
        "euclidean_pearson": 0.5682279823226994,
        "euclidean_spearman": 0.5863687824972353,
        "hf_subset": "default",
        "languages": [
          "eng-Latn"
        ],
        "main_score": 0.6057668148560076,
        "manhattan_pearson": 0.6204617708008358,
        "manhattan_spearman": 0.6161706663726535,
        "pearson": 0.5697919116157323,
        "spearman": 0.6057668148560076
      }
    ]
  },
  "task_name": "BIOSSES"
}