{
  "dataset_revision": "e185fbe320c72810689fc5848eb6114e1ef5ec69",
  "evaluation_time": 139.91411638259888,
  "kg_co2_emissions": null,
  "mteb_version": "1.14.20",
  "scores": {
    "test": [
      {
        "hf_subset": "default",
        "languages": [
          "eng-Latn"
        ],
        "main_score": 0.3582636377849675,
        "map": 0.3582636377849675,
        "mrr": 0.35571391435362015,
        "nAUC_map_diff1": 0.2994191476404402,
        "nAUC_map_max": 0.24881290019661365,
        "nAUC_map_std": 0.09841559007408231,
        "nAUC_mrr_diff1": 0.2946297287998241,
        "nAUC_mrr_max": 0.25623757378907397,
        "nAUC_mrr_std": 0.10156493679639993
      }
    ]
  },
  "task_name": "StackOverflowDupQuestions"
}