{
  "dataset_revision": "a0d554a64d88156834ff5ae9920b964011b16384",
  "evaluation_time": 27.445720672607422,
  "kg_co2_emissions": null,
  "mteb_version": "1.14.20",
  "scores": {
    "test": [
      {
        "cosine_pearson": 0.4274175450649084,
        "cosine_spearman": 0.44244164381872975,
        "euclidean_pearson": 0.3391348305590107,
        "euclidean_spearman": 0.3429750112199803,
        "hf_subset": "default",
        "languages": [
          "eng-Latn"
        ],
        "main_score": 0.44244164381872975,
        "manhattan_pearson": 0.36108815048517157,
        "manhattan_spearman": 0.3541119953179424,
        "pearson": 0.4274175450649084,
        "spearman": 0.44244164381872975
      }
    ]
  },
  "task_name": "STS12"
}