{
  "dataset_revision": "59042f120c80e8afa9cdbb224f67076cec0fc9a7",
  "evaluation_time": 131.40049147605896,
  "kg_co2_emissions": null,
  "mteb_version": "1.14.20",
  "scores": {
    "test": [
      {
        "hf_subset": "default",
        "languages": [
          "eng-Latn"
        ],
        "main_score": 0.284222475792978,
        "map": 0.284222475792978,
        "mrr": 0.2892395751801148,
        "nAUC_map_diff1": 0.194093819354601,
        "nAUC_map_max": -0.3046010686801387,
        "nAUC_map_std": -0.13310680222767984,
        "nAUC_mrr_diff1": 0.1767794759945558,
        "nAUC_mrr_max": -0.24678744393798493,
        "nAUC_mrr_std": -0.11662632369997915
      }
    ]
  },
  "task_name": "MindSmallReranking"
}