{
  "dataset_revision": "20a6d6f312dd54037fe07a32d58e5e168867909d",
  "evaluation_time": 15.464050054550171,
  "kg_co2_emissions": null,
  "mteb_version": "1.14.20",
  "scores": {
    "test": [
      {
        "cosine_pearson": 0.6065949244926498,
        "cosine_spearman": 0.5445843198104721,
        "euclidean_pearson": 0.5710944119286309,
        "euclidean_spearman": 0.5388883082701178,
        "hf_subset": "default",
        "languages": [
          "eng-Latn"
        ],
        "main_score": 0.5445843198104721,
        "manhattan_pearson": 0.5713710765339329,
        "manhattan_spearman": 0.5397566331595525,
        "pearson": 0.6065949244926498,
        "spearman": 0.5445843198104721
      }
    ]
  },
  "task_name": "SICK-R"
}