{
  "dataset_revision": "e185fbe320c72810689fc5848eb6114e1ef5ec69",
  "evaluation_time": 77.69734025001526,
  "kg_co2_emissions": null,
  "mteb_version": "1.14.20",
  "scores": {
    "test": [
      {
        "hf_subset": "default",
        "languages": [
          "eng-Latn"
        ],
        "main_score": 0.35713643682548335,
        "map": 0.35713643682548335,
        "mrr": 0.3549779570919277,
        "nAUC_map_diff1": 0.27622873162607814,
        "nAUC_map_max": 0.2134348717794889,
        "nAUC_map_std": 0.10426010997604254,
        "nAUC_mrr_diff1": 0.27073858554850677,
        "nAUC_mrr_max": 0.21955969641305942,
        "nAUC_mrr_std": 0.10873111483635879
      }
    ]
  },
  "task_name": "StackOverflowDupQuestions"
}