{
  "dataset_revision": "7e90230a92c190f1bf69ae9002b8cea547a64cca",
  "evaluation_time": 8.974852085113525,
  "kg_co2_emissions": null,
  "mteb_version": "1.14.20",
  "scores": {
    "test": [
      {
        "cosine_pearson": 0.5382591187623282,
        "cosine_spearman": 0.5452091522317027,
        "euclidean_pearson": 0.5440544560313988,
        "euclidean_spearman": 0.5464364837780871,
        "hf_subset": "default",
        "languages": [
          "eng-Latn"
        ],
        "main_score": 0.5452091522317027,
        "manhattan_pearson": 0.5467836479035988,
        "manhattan_spearman": 0.5487580835449108,
        "pearson": 0.5382591187623282,
        "spearman": 0.5452091522317027
      }
    ]
  },
  "task_name": "STS13"
}