{
  "dataset_revision": "d3c5e1fc0b855ab6097bf1cda04dd73947d7caab",
  "evaluation_time": 72.03935241699219,
  "kg_co2_emissions": null,
  "mteb_version": "1.14.20",
  "scores": {
    "test": [
      {
        "hf_subset": "default",
        "languages": [
          "eng-Latn"
        ],
        "main_score": 0.5218491872361122,
        "map": 0.5218491872361122,
        "mrr": 0.7633399371144469,
        "nAUC_map_diff1": 0.18156734711605532,
        "nAUC_map_max": 0.39499903940017705,
        "nAUC_map_std": 0.3379472285760024,
        "nAUC_mrr_diff1": 0.3563272822602524,
        "nAUC_mrr_max": 0.4873887588525465,
        "nAUC_mrr_std": 0.3257469034756372
      }
    ]
  },
  "task_name": "SciDocsRR"
}