{
  "dataset_revision": "4d8694f8f0e0100860b497b999b3dbed754a0513",
  "evaluation_time": 6.4932050704956055,
  "kg_co2_emissions": null,
  "mteb_version": "1.14.20",
  "scores": {
    "test": [
      {
        "cosine_pearson": 0.5461273098655537,
        "cosine_spearman": 0.5408513014287099,
        "euclidean_pearson": 0.5122751232588749,
        "euclidean_spearman": 0.504543582317319,
        "hf_subset": "default",
        "languages": [
          "eng-Latn"
        ],
        "main_score": 0.5408513014287099,
        "manhattan_pearson": 0.5121733615439777,
        "manhattan_spearman": 0.5046568689384804,
        "pearson": 0.5461273098655537,
        "spearman": 0.5408513014287099
      }
    ]
  },
  "task_name": "STS16"
}