{
  "dataset_revision": "20a6d6f312dd54037fe07a32d58e5e168867909d",
  "evaluation_time": 13.916903495788574,
  "kg_co2_emissions": null,
  "mteb_version": "1.14.19",
  "scores": {
    "test": [
      {
        "cosine_pearson": 0.5908836690879392,
        "cosine_spearman": 0.5568804712763581,
        "euclidean_pearson": 0.5590647078665231,
        "euclidean_spearman": 0.5535851270483907,
        "hf_subset": "default",
        "languages": [
          "eng-Latn"
        ],
        "main_score": 0.5568804712763581,
        "manhattan_pearson": 0.5598141843268204,
        "manhattan_spearman": 0.554703583745776,
        "pearson": 0.5908836690879392,
        "spearman": 0.5568804712763581
      }
    ]
  },
  "task_name": "SICK-R"
}