{
  "dataset_revision": "20a6d6f312dd54037fe07a32d58e5e168867909d",
  "evaluation_time": 157.08385062217712,
  "kg_co2_emissions": null,
  "mteb_version": "1.14.21",
  "scores": {
    "test": [
      {
        "cosine_pearson": 0.7574648456490942,
        "cosine_spearman": 0.6972614061172601,
        "euclidean_pearson": 0.7170605440738622,
        "euclidean_spearman": 0.6893773205415584,
        "hf_subset": "default",
        "languages": [
          "eng-Latn"
        ],
        "main_score": 0.6972614061172601,
        "manhattan_pearson": 0.719316041221193,
        "manhattan_spearman": 0.6912060804366077,
        "pearson": 0.7574648456490942,
        "spearman": 0.6972614061172601
      }
    ]
  },
  "task_name": "SICK-R"
}