{
  "dataset_revision": "e185fbe320c72810689fc5848eb6114e1ef5ec69",
  "evaluation_time": 974.9105424880981,
  "kg_co2_emissions": null,
  "mteb_version": "1.14.21",
  "scores": {
    "test": [
      {
        "hf_subset": "default",
        "languages": [
          "eng-Latn"
        ],
        "main_score": 0.46255458567613356,
        "map": 0.46255458567613356,
        "mrr": 0.46818712333418216,
        "nAUC_map_diff1": 0.3264226576276536,
        "nAUC_map_max": 0.15661506927225397,
        "nAUC_map_std": 0.06910989747902406,
        "nAUC_mrr_diff1": 0.32893119767100615,
        "nAUC_mrr_max": 0.16487725802875802,
        "nAUC_mrr_std": 0.0777004564721306
      }
    ]
  },
  "task_name": "StackOverflowDupQuestions"
}