{
  "dataset_revision": "a0d554a64d88156834ff5ae9920b964011b16384",
  "evaluation_time": 87.44634461402893,
  "kg_co2_emissions": null,
  "mteb_version": "1.14.21",
  "scores": {
    "test": [
      {
        "cosine_pearson": 0.5831115328272162,
        "cosine_spearman": 0.5428816205578317,
        "euclidean_pearson": 0.5540487883688393,
        "euclidean_spearman": 0.522239310159976,
        "hf_subset": "default",
        "languages": [
          "eng-Latn"
        ],
        "main_score": 0.5428816205578317,
        "manhattan_pearson": 0.5602705716192643,
        "manhattan_spearman": 0.5257836170833899,
        "pearson": 0.5831115328272162,
        "spearman": 0.5428816205578317
      }
    ]
  },
  "task_name": "STS12"
}