{
  "dataset_revision": "59042f120c80e8afa9cdbb224f67076cec0fc9a7",
  "evaluation_time": 116.58500242233276,
  "kg_co2_emissions": null,
  "mteb_version": "1.14.20",
  "scores": {
    "test": [
      {
        "hf_subset": "default",
        "languages": [
          "eng-Latn"
        ],
        "main_score": 0.26387061546210056,
        "map": 0.26387061546210056,
        "mrr": 0.26784371731720125,
        "nAUC_map_diff1": 0.19810954814365114,
        "nAUC_map_max": -0.24550177351518246,
        "nAUC_map_std": -0.12249210328872863,
        "nAUC_mrr_diff1": 0.18029878678668138,
        "nAUC_mrr_max": -0.18723098496639282,
        "nAUC_mrr_std": -0.10395253082257705
      }
    ]
  },
  "task_name": "MindSmallReranking"
}