{
  "dataset_revision": "4d8694f8f0e0100860b497b999b3dbed754a0513",
  "evaluation_time": 4.63291335105896,
  "kg_co2_emissions": null,
  "mteb_version": "1.14.20",
  "scores": {
    "test": [
      {
        "cosine_pearson": 0.5566093701535559,
        "cosine_spearman": 0.558880145106692,
        "euclidean_pearson": 0.5453008219286882,
        "euclidean_spearman": 0.540880644576854,
        "hf_subset": "default",
        "languages": [
          "eng-Latn"
        ],
        "main_score": 0.558880145106692,
        "manhattan_pearson": 0.5454053617618975,
        "manhattan_spearman": 0.5410673735890489,
        "pearson": 0.5566093701535559,
        "spearman": 0.558880145106692
      }
    ]
  },
  "task_name": "STS16"
}