{
  "dataset_revision": "b0fddb56ed78048fa8b90373c8a3cfc37b684831",
  "evaluation_time": 3.4383928775787354,
  "kg_co2_emissions": null,
  "mteb_version": "1.14.20",
  "scores": {
    "test": [
      {
        "cosine_pearson": 0.48315430660704345,
        "cosine_spearman": 0.47791097200283267,
        "euclidean_pearson": 0.4923055203399222,
        "euclidean_spearman": 0.4895633290348004,
        "hf_subset": "default",
        "languages": [
          "eng-Latn"
        ],
        "main_score": 0.47791097200283267,
        "manhattan_pearson": 0.49462741562354046,
        "manhattan_spearman": 0.49233970366295177,
        "pearson": 0.48315430660704345,
        "spearman": 0.47791097200283267
      }
    ]
  },
  "task_name": "STSBenchmark"
}