{
  "dataset_revision": "d3fb88f8f02e40887cd149695127462bbcf29b4a",
  "evaluation_time": 9.446996450424194,
  "kg_co2_emissions": null,
  "mteb_version": "1.14.21",
  "scores": {
    "test": [
      {
        "cosine_pearson": 0.7760328652252543,
        "cosine_spearman": 0.7548846704388306,
        "euclidean_pearson": 0.7184082044307512,
        "euclidean_spearman": 0.7041726715580403,
        "hf_subset": "default",
        "languages": [
          "eng-Latn"
        ],
        "main_score": 0.7548846704388306,
        "manhattan_pearson": 0.7192032396596604,
        "manhattan_spearman": 0.701389475610912,
        "pearson": 0.7760328652252543,
        "spearman": 0.7548846704388306
      }
    ]
  },
  "task_name": "BIOSSES"
}