{
  "dataset_revision": "20a6d6f312dd54037fe07a32d58e5e168867909d",
  "evaluation_time": 76.27531027793884,
  "kg_co2_emissions": null,
  "mteb_version": "1.14.21",
  "scores": {
    "test": [
      {
        "cosine_pearson": 0.6691661128298377,
        "cosine_spearman": 0.639375693767652,
        "euclidean_pearson": 0.6311024513384282,
        "euclidean_spearman": 0.6336511320133537,
        "hf_subset": "default",
        "languages": [
          "eng-Latn"
        ],
        "main_score": 0.639375693767652,
        "manhattan_pearson": 0.62932661855437,
        "manhattan_spearman": 0.6330881667636759,
        "pearson": 0.6691661128298377,
        "spearman": 0.639375693767652
      }
    ]
  },
  "task_name": "SICK-R"
}