{
  "dataset_revision": "59042f120c80e8afa9cdbb224f67076cec0fc9a7",
  "evaluation_time": 124.74225783348083,
  "kg_co2_emissions": null,
  "mteb_version": "1.14.19",
  "scores": {
    "test": [
      {
        "hf_subset": "default",
        "languages": [
          "eng-Latn"
        ],
        "main_score": 0.2639968726865854,
        "map": 0.2639968726865854,
        "mrr": 0.2685277597651784,
        "nAUC_map_diff1": 0.22316037432293248,
        "nAUC_map_max": -0.23691926253300946,
        "nAUC_map_std": -0.12748458953621797,
        "nAUC_mrr_diff1": 0.2034890238068435,
        "nAUC_mrr_max": -0.17699194092826634,
        "nAUC_mrr_std": -0.11295428527307999
      }
    ]
  },
  "task_name": "MindSmallReranking"
}