{
  "dataset_revision": "7e90230a92c190f1bf69ae9002b8cea547a64cca",
  "evaluation_time": 4.937002420425415,
  "kg_co2_emissions": null,
  "mteb_version": "1.14.19",
  "scores": {
    "test": [
      {
        "cosine_pearson": 0.5018524662801368,
        "cosine_spearman": 0.5048056434058684,
        "euclidean_pearson": 0.5090175076007792,
        "euclidean_spearman": 0.5026255274066833,
        "hf_subset": "default",
        "languages": [
          "eng-Latn"
        ],
        "main_score": 0.5048056434058684,
        "manhattan_pearson": 0.5122856277553408,
        "manhattan_spearman": 0.5048030008949442,
        "pearson": 0.5018524662801368,
        "spearman": 0.5048056434058684
      }
    ]
  },
  "task_name": "STS13"
}