{
  "dataset_revision": "2000358ca161889fa9c082cb41daa8dcfb161a54",
  "evaluation_time": 8.69149398803711,
  "kg_co2_emissions": null,
  "mteb_version": "1.14.20",
  "scores": {
    "test": [
      {
        "hf_subset": "default",
        "languages": [
          "eng-Latn"
        ],
        "main_score": 0.48579597928200474,
        "map": 0.48579597928200474,
        "mrr": 0.6068097876269621,
        "nAUC_map_diff1": 0.0837294271389985,
        "nAUC_map_max": 0.22241282402876256,
        "nAUC_map_std": 0.10769167044387358,
        "nAUC_mrr_diff1": 0.13727912173008114,
        "nAUC_mrr_max": 0.26480263054107095,
        "nAUC_mrr_std": 0.13162497568825593
      }
    ]
  },
  "task_name": "AskUbuntuDupQuestions"
}