{
  "dataset_revision": "e185fbe320c72810689fc5848eb6114e1ef5ec69",
  "evaluation_time": 79.49000692367554,
  "kg_co2_emissions": null,
  "mteb_version": "1.14.20",
  "scores": {
    "test": [
      {
        "hf_subset": "default",
        "languages": [
          "eng-Latn"
        ],
        "main_score": 0.3575893605996044,
        "map": 0.3575893605996044,
        "mrr": 0.3552926852559205,
        "nAUC_map_diff1": 0.2762262954533433,
        "nAUC_map_max": 0.21173317322098914,
        "nAUC_map_std": 0.11700475818573468,
        "nAUC_mrr_diff1": 0.273186493047735,
        "nAUC_mrr_max": 0.2184932866778488,
        "nAUC_mrr_std": 0.12144945527812633
      }
    ]
  },
  "task_name": "StackOverflowDupQuestions"
}