{
  "dataset_revision": "a0d554a64d88156834ff5ae9920b964011b16384",
  "evaluation_time": 12.433294296264648,
  "kg_co2_emissions": null,
  "mteb_version": "1.14.20",
  "scores": {
    "test": [
      {
        "cosine_pearson": 0.4876694907399107,
        "cosine_spearman": 0.4799728454742489,
        "euclidean_pearson": 0.48590550473166605,
        "euclidean_spearman": 0.49517111742557834,
        "hf_subset": "default",
        "languages": [
          "eng-Latn"
        ],
        "main_score": 0.4799728454742489,
        "manhattan_pearson": 0.49497605124193517,
        "manhattan_spearman": 0.4990363969518535,
        "pearson": 0.4876694907399107,
        "spearman": 0.4799728454742489
      }
    ]
  },
  "task_name": "STS12"
}