{
  "dataset_revision": "4d8694f8f0e0100860b497b999b3dbed754a0513",
  "evaluation_time": 8.398707628250122,
  "kg_co2_emissions": null,
  "mteb_version": "1.14.20",
  "scores": {
    "test": [
      {
        "cosine_pearson": 0.5731355578828604,
        "cosine_spearman": 0.5792773054233818,
        "euclidean_pearson": 0.5630107194623356,
        "euclidean_spearman": 0.5577004953987927,
        "hf_subset": "default",
        "languages": [
          "eng-Latn"
        ],
        "main_score": 0.5792773054233818,
        "manhattan_pearson": 0.5659889510218499,
        "manhattan_spearman": 0.5609032778534703,
        "pearson": 0.5731355578828604,
        "spearman": 0.5792773054233818
      }
    ]
  },
  "task_name": "STS16"
}