{
  "dataset_revision": "a0d554a64d88156834ff5ae9920b964011b16384",
  "evaluation_time": 8.692626953125,
  "kg_co2_emissions": null,
  "mteb_version": "1.14.19",
  "scores": {
    "test": [
      {
        "cosine_pearson": 0.29090743406942704,
        "cosine_spearman": 0.3599767081657088,
        "euclidean_pearson": 0.34398751625806506,
        "euclidean_spearman": 0.3612772645697507,
        "hf_subset": "default",
        "languages": [
          "eng-Latn"
        ],
        "main_score": 0.3599767081657088,
        "manhattan_pearson": 0.34580858956078175,
        "manhattan_spearman": 0.3623131496796973,
        "pearson": 0.29090743406942704,
        "spearman": 0.3599767081657088
      }
    ]
  },
  "task_name": "STS12"
}