{
  "dataset_revision": "59042f120c80e8afa9cdbb224f67076cec0fc9a7",
  "evaluation_time": 128.8366458415985,
  "kg_co2_emissions": null,
  "mteb_version": "1.14.20",
  "scores": {
    "test": [
      {
        "hf_subset": "default",
        "languages": [
          "eng-Latn"
        ],
        "main_score": 0.28041763543308024,
        "map": 0.28041763543308024,
        "mrr": 0.2866750229464854,
        "nAUC_map_diff1": 0.1783130275170066,
        "nAUC_map_max": -0.25835020145975507,
        "nAUC_map_std": -0.11345556304744929,
        "nAUC_mrr_diff1": 0.1651298250314843,
        "nAUC_mrr_max": -0.1973310613980483,
        "nAUC_mrr_std": -0.09760420213271911
      }
    ]
  },
  "task_name": "MindSmallReranking"
}