{
  "dataset_revision": "20a6d6f312dd54037fe07a32d58e5e168867909d",
  "evaluation_time": 15.030224323272705,
  "kg_co2_emissions": null,
  "mteb_version": "1.14.20",
  "scores": {
    "test": [
      {
        "cosine_pearson": 0.631113473963641,
        "cosine_spearman": 0.5765582626519072,
        "euclidean_pearson": 0.5987051616300487,
        "euclidean_spearman": 0.5749257654289323,
        "hf_subset": "default",
        "languages": [
          "eng-Latn"
        ],
        "main_score": 0.5765582626519072,
        "manhattan_pearson": 0.5983033587555291,
        "manhattan_spearman": 0.5744495739420743,
        "pearson": 0.631113473963641,
        "spearman": 0.5765582626519072
      }
    ]
  },
  "task_name": "SICK-R"
}