{
  "dataset_revision": "d3fb88f8f02e40887cd149695127462bbcf29b4a",
  "evaluation_time": 2.1519100666046143,
  "kg_co2_emissions": null,
  "mteb_version": "1.14.20",
  "scores": {
    "test": [
      {
        "cosine_pearson": 0.7417419109621394,
        "cosine_spearman": 0.7245345813010993,
        "euclidean_pearson": 0.7221056090719232,
        "euclidean_spearman": 0.7150464132995259,
        "hf_subset": "default",
        "languages": [
          "eng-Latn"
        ],
        "main_score": 0.7245345813010993,
        "manhattan_pearson": 0.7240454385078368,
        "manhattan_spearman": 0.7203356904457998,
        "pearson": 0.7417419109621394,
        "spearman": 0.7245345813010993
      }
    ]
  },
  "task_name": "BIOSSES"
}