{
  "dataset_revision": "b0fddb56ed78048fa8b90373c8a3cfc37b684831",
  "evaluation_time": 4.582667112350464,
  "kg_co2_emissions": null,
  "mteb_version": "1.14.19",
  "scores": {
    "test": [
      {
        "cosine_pearson": 0.07066295271556239,
        "cosine_spearman": 0.09321543736863007,
        "euclidean_pearson": 0.08402285136659958,
        "euclidean_spearman": 0.0930837463206633,
        "hf_subset": "default",
        "languages": [
          "eng-Latn"
        ],
        "main_score": 0.09321543736863007,
        "manhattan_pearson": 0.07762859414318544,
        "manhattan_spearman": 0.08567255334610735,
        "pearson": 0.07066295271556239,
        "spearman": 0.09321543736863007
      }
    ]
  },
  "task_name": "STSBenchmark"
}