{
  "dataset_revision": "d3fb88f8f02e40887cd149695127462bbcf29b4a",
  "evaluation_time": 2.0912554264068604,
  "kg_co2_emissions": null,
  "mteb_version": "1.14.21",
  "scores": {
    "test": [
      {
        "cosine_pearson": 0.5450883694909137,
        "cosine_spearman": 0.5601151722427231,
        "euclidean_pearson": 0.5132880235763683,
        "euclidean_spearman": 0.5344880822879973,
        "hf_subset": "default",
        "languages": [
          "eng-Latn"
        ],
        "main_score": 0.5601151722427231,
        "manhattan_pearson": 0.5218890270042545,
        "manhattan_spearman": 0.5269276690549975,
        "pearson": 0.5450883694909137,
        "spearman": 0.5601151722427231
      }
    ]
  },
  "task_name": "BIOSSES"
}