{
  "dataset_revision": "59042f120c80e8afa9cdbb224f67076cec0fc9a7",
  "evaluation_time": 118.75103187561035,
  "kg_co2_emissions": null,
  "mteb_version": "1.14.20",
  "scores": {
    "test": [
      {
        "hf_subset": "default",
        "languages": [
          "eng-Latn"
        ],
        "main_score": 0.27009893295728904,
        "map": 0.27009893295728904,
        "mrr": 0.2745676808319539,
        "nAUC_map_diff1": 0.17432028914801362,
        "nAUC_map_max": -0.2501339958913167,
        "nAUC_map_std": -0.12162898984031373,
        "nAUC_mrr_diff1": 0.158568206351256,
        "nAUC_mrr_max": -0.19417863699022164,
        "nAUC_mrr_std": -0.10664320022999957
      }
    ]
  },
  "task_name": "MindSmallReranking"
}