{
  "dataset_revision": "20a6d6f312dd54037fe07a32d58e5e168867909d",
  "evaluation_time": 13.243323564529419,
  "kg_co2_emissions": null,
  "mteb_version": "1.14.20",
  "scores": {
    "test": [
      {
        "cosine_pearson": 0.5987811749863606,
        "cosine_spearman": 0.5514595465151324,
        "euclidean_pearson": 0.5660289905235228,
        "euclidean_spearman": 0.5467810673317246,
        "hf_subset": "default",
        "languages": [
          "eng-Latn"
        ],
        "main_score": 0.5514595465151324,
        "manhattan_pearson": 0.5656498752048874,
        "manhattan_spearman": 0.5466806503308133,
        "pearson": 0.5987811749863606,
        "spearman": 0.5514595465151324
      }
    ]
  },
  "task_name": "SICK-R"
}