{
  "dataset_revision": "2000358ca161889fa9c082cb41daa8dcfb161a54",
  "evaluation_time": 6.150063514709473,
  "kg_co2_emissions": null,
  "mteb_version": "1.14.20",
  "scores": {
    "test": [
      {
        "hf_subset": "default",
        "languages": [
          "eng-Latn"
        ],
        "main_score": 0.4734717394326893,
        "map": 0.4734717394326893,
        "mrr": 0.5986721188937255,
        "nAUC_map_diff1": 0.1517187882316575,
        "nAUC_map_max": 0.16367603277115567,
        "nAUC_map_std": 0.04107571290631867,
        "nAUC_mrr_diff1": 0.21600345616841984,
        "nAUC_mrr_max": 0.22628256201339006,
        "nAUC_mrr_std": 0.0433899930971566
      }
    ]
  },
  "task_name": "AskUbuntuDupQuestions"
}