{
  "dataset_revision": "4d8694f8f0e0100860b497b999b3dbed754a0513",
  "evaluation_time": 4.936315536499023,
  "kg_co2_emissions": null,
  "mteb_version": "1.14.20",
  "scores": {
    "test": [
      {
        "cosine_pearson": 0.46398329533304206,
        "cosine_spearman": 0.4839475703806134,
        "euclidean_pearson": 0.49644875009703454,
        "euclidean_spearman": 0.48460538508444406,
        "hf_subset": "default",
        "languages": [
          "eng-Latn"
        ],
        "main_score": 0.4839475703806134,
        "manhattan_pearson": 0.4968089948015798,
        "manhattan_spearman": 0.48506617497739646,
        "pearson": 0.46398329533304206,
        "spearman": 0.4839475703806134
      }
    ]
  },
  "task_name": "STS16"
}