{
  "dataset_revision": "ae752c7c21bf194d8b67fd573edf7ae58183cbe3",
  "evaluation_time": 6.384674549102783,
  "kg_co2_emissions": null,
  "mteb_version": "1.14.20",
  "scores": {
    "test": [
      {
        "cosine_pearson": 0.531147468782355,
        "cosine_spearman": 0.5436359496404031,
        "euclidean_pearson": 0.5366014355931769,
        "euclidean_spearman": 0.5350778411784305,
        "hf_subset": "default",
        "languages": [
          "eng-Latn"
        ],
        "main_score": 0.5436359496404031,
        "manhattan_pearson": 0.5379526509991506,
        "manhattan_spearman": 0.5367423602419567,
        "pearson": 0.531147468782355,
        "spearman": 0.5436359496404031
      }
    ]
  },
  "task_name": "STS15"
}