{
  "dataset_revision": "b0fddb56ed78048fa8b90373c8a3cfc37b684831",
  "evaluation_time": 4.202084064483643,
  "kg_co2_emissions": null,
  "mteb_version": "1.14.20",
  "scores": {
    "test": [
      {
        "cosine_pearson": 0.37197588444922025,
        "cosine_spearman": 0.3786507737240059,
        "euclidean_pearson": 0.42416814882525083,
        "euclidean_spearman": 0.41328860891729535,
        "hf_subset": "default",
        "languages": [
          "eng-Latn"
        ],
        "main_score": 0.3786507737240059,
        "manhattan_pearson": 0.42539426728798274,
        "manhattan_spearman": 0.414822394106116,
        "pearson": 0.37197588444922025,
        "spearman": 0.3786507737240059
      }
    ]
  },
  "task_name": "STSBenchmark"
}