{
  "dataset_revision": "59042f120c80e8afa9cdbb224f67076cec0fc9a7",
  "evaluation_time": 134.07261562347412,
  "kg_co2_emissions": null,
  "mteb_version": "1.14.19",
  "scores": {
    "test": [
      {
        "hf_subset": "default",
        "languages": [
          "eng-Latn"
        ],
        "main_score": 0.26675890120895895,
        "map": 0.26675890120895895,
        "mrr": 0.27229497746075604,
        "nAUC_map_diff1": 0.19470955817661684,
        "nAUC_map_max": -0.24652579712971948,
        "nAUC_map_std": -0.11197897033480506,
        "nAUC_mrr_diff1": 0.17303651523866523,
        "nAUC_mrr_max": -0.182831862860794,
        "nAUC_mrr_std": -0.09007124437082893
      }
    ]
  },
  "task_name": "MindSmallReranking"
}