{
  "dataset_revision": "a0d554a64d88156834ff5ae9920b964011b16384",
  "evaluation_time": 7.761465787887573,
  "kg_co2_emissions": null,
  "mteb_version": "1.14.19",
  "scores": {
    "test": [
      {
        "cosine_pearson": 0.3427435830248794,
        "cosine_spearman": 0.3658034515457838,
        "euclidean_pearson": 0.3359442357668331,
        "euclidean_spearman": 0.33549742415964556,
        "hf_subset": "default",
        "languages": [
          "eng-Latn"
        ],
        "main_score": 0.3658034515457838,
        "manhattan_pearson": 0.3412780485460829,
        "manhattan_spearman": 0.3397197786847584,
        "pearson": 0.3427435830248794,
        "spearman": 0.3658034515457838
      }
    ]
  },
  "task_name": "STS12"
}