{
  "dataset_revision": "2000358ca161889fa9c082cb41daa8dcfb161a54",
  "evaluation_time": 3.2955849170684814,
  "kg_co2_emissions": null,
  "mteb_version": "1.14.20",
  "scores": {
    "test": [
      {
        "hf_subset": "default",
        "languages": [
          "eng-Latn"
        ],
        "main_score": 0.4901127922661174,
        "map": 0.4901127922661174,
        "mrr": 0.6232467132744142,
        "nAUC_map_diff1": 0.16432730702574758,
        "nAUC_map_max": 0.20405631730444176,
        "nAUC_map_std": 0.11038548003323044,
        "nAUC_mrr_diff1": 0.19644878545978064,
        "nAUC_mrr_max": 0.27542980634063796,
        "nAUC_mrr_std": 0.13213883901598872
      }
    ]
  },
  "task_name": "AskUbuntuDupQuestions"
}