{
  "dataset_revision": "e185fbe320c72810689fc5848eb6114e1ef5ec69",
  "evaluation_time": 19.003742456436157,
  "kg_co2_emissions": null,
  "mteb_version": "1.14.20",
  "scores": {
    "test": [
      {
        "hf_subset": "default",
        "languages": [
          "eng-Latn"
        ],
        "main_score": 0.38199417492134846,
        "map": 0.38199417492134846,
        "mrr": 0.3811490694762754,
        "nAUC_map_diff1": 0.2954308148365976,
        "nAUC_map_max": 0.22761466800463928,
        "nAUC_map_std": 0.12243063931915812,
        "nAUC_mrr_diff1": 0.2896832260529918,
        "nAUC_mrr_max": 0.24066347963101917,
        "nAUC_mrr_std": 0.1293417048406164
      }
    ]
  },
  "task_name": "StackOverflowDupQuestions"
}