{
  "dataset_revision": "7e90230a92c190f1bf69ae9002b8cea547a64cca",
  "evaluation_time": 2.970778465270996,
  "kg_co2_emissions": null,
  "mteb_version": "1.14.20",
  "scores": {
    "test": [
      {
        "cosine_pearson": 0.5334060389622038,
        "cosine_spearman": 0.5312712690065438,
        "euclidean_pearson": 0.5627688861659886,
        "euclidean_spearman": 0.5626928237521234,
        "hf_subset": "default",
        "languages": [
          "eng-Latn"
        ],
        "main_score": 0.5312712690065438,
        "manhattan_pearson": 0.5690250613678381,
        "manhattan_spearman": 0.5679141388578257,
        "pearson": 0.5334060389622038,
        "spearman": 0.5312712690065438
      }
    ]
  },
  "task_name": "STS13"
}