{
  "dataset_revision": "59042f120c80e8afa9cdbb224f67076cec0fc9a7",
  "evaluation_time": 129.94103622436523,
  "kg_co2_emissions": null,
  "mteb_version": "1.14.20",
  "scores": {
    "test": [
      {
        "hf_subset": "default",
        "languages": [
          "eng-Latn"
        ],
        "main_score": 0.287502134907625,
        "map": 0.287502134907625,
        "mrr": 0.29403588288812005,
        "nAUC_map_diff1": 0.1887956729720086,
        "nAUC_map_max": -0.28275008973465865,
        "nAUC_map_std": -0.13363753168616274,
        "nAUC_mrr_diff1": 0.17075234108204634,
        "nAUC_mrr_max": -0.22252280884663542,
        "nAUC_mrr_std": -0.11712917398848578
      }
    ]
  },
  "task_name": "MindSmallReranking"
}