{
  "dataset_revision": "e185fbe320c72810689fc5848eb6114e1ef5ec69",
  "evaluation_time": 78.56593704223633,
  "kg_co2_emissions": null,
  "mteb_version": "1.14.20",
  "scores": {
    "test": [
      {
        "hf_subset": "default",
        "languages": [
          "eng-Latn"
        ],
        "main_score": 0.3598268807885691,
        "map": 0.3598268807885691,
        "mrr": 0.35905722137339785,
        "nAUC_map_diff1": 0.2734555855842422,
        "nAUC_map_max": 0.21685952250491103,
        "nAUC_map_std": 0.10802358940570984,
        "nAUC_mrr_diff1": 0.27080312660276085,
        "nAUC_mrr_max": 0.2254484806760312,
        "nAUC_mrr_std": 0.11290638843367311
      }
    ]
  },
  "task_name": "StackOverflowDupQuestions"
}