{
  "dataset_revision": "a0d554a64d88156834ff5ae9920b964011b16384",
  "evaluation_time": 11.989276647567749,
  "kg_co2_emissions": null,
  "mteb_version": "1.14.20",
  "scores": {
    "test": [
      {
        "cosine_pearson": 0.5062346091374708,
        "cosine_spearman": 0.48912371713324604,
        "euclidean_pearson": 0.5000689691831918,
        "euclidean_spearman": 0.5048171028966133,
        "hf_subset": "default",
        "languages": [
          "eng-Latn"
        ],
        "main_score": 0.48912371713324604,
        "manhattan_pearson": 0.5072330021247614,
        "manhattan_spearman": 0.5077155024843412,
        "pearson": 0.5062346091374708,
        "spearman": 0.48912371713324604
      }
    ]
  },
  "task_name": "STS12"
}