{
  "dataset_revision": "d3fb88f8f02e40887cd149695127462bbcf29b4a",
  "evaluation_time": 2.5406289100646973,
  "kg_co2_emissions": null,
  "mteb_version": "1.14.19",
  "scores": {
    "test": [
      {
        "cosine_pearson": 0.5462302821472358,
        "cosine_spearman": 0.5471751183586726,
        "euclidean_pearson": 0.4187133696644685,
        "euclidean_spearman": 0.4170878168818625,
        "hf_subset": "default",
        "languages": [
          "eng-Latn"
        ],
        "main_score": 0.5471751183586726,
        "manhattan_pearson": 0.42249327606921994,
        "manhattan_spearman": 0.4227626449818512,
        "pearson": 0.5462302821472358,
        "spearman": 0.5471751183586726
      }
    ]
  },
  "task_name": "BIOSSES"
}