{
  "dataset_revision": "7e90230a92c190f1bf69ae9002b8cea547a64cca",
  "evaluation_time": 13.432440996170044,
  "kg_co2_emissions": null,
  "mteb_version": "1.14.20",
  "scores": {
    "test": [
      {
        "cosine_pearson": 0.5022070480925583,
        "cosine_spearman": 0.5054560649857043,
        "euclidean_pearson": 0.5254044641478786,
        "euclidean_spearman": 0.5249102285956483,
        "hf_subset": "default",
        "languages": [
          "eng-Latn"
        ],
        "main_score": 0.5054560649857043,
        "manhattan_pearson": 0.5420987931303507,
        "manhattan_spearman": 0.5393413437386786,
        "pearson": 0.5022070480925583,
        "spearman": 0.5054560649857043
      }
    ]
  },
  "task_name": "STS13"
}