{
  "dataset_revision": "b0fddb56ed78048fa8b90373c8a3cfc37b684831",
  "evaluation_time": 10.506160259246826,
  "kg_co2_emissions": null,
  "mteb_version": "1.14.20",
  "scores": {
    "test": [
      {
        "cosine_pearson": 0.5277376794215596,
        "cosine_spearman": 0.5159895906982677,
        "euclidean_pearson": 0.47934361259784364,
        "euclidean_spearman": 0.4712832272304313,
        "hf_subset": "default",
        "languages": [
          "eng-Latn"
        ],
        "main_score": 0.5159895906982677,
        "manhattan_pearson": 0.5108017377401356,
        "manhattan_spearman": 0.5020764057678648,
        "pearson": 0.5277376794215596,
        "spearman": 0.5159895906982677
      }
    ]
  },
  "task_name": "STSBenchmark"
}