{
  "dataset_revision": "7e90230a92c190f1bf69ae9002b8cea547a64cca",
  "evaluation_time": 10.208373785018921,
  "kg_co2_emissions": null,
  "mteb_version": "1.14.19",
  "scores": {
    "test": [
      {
        "cosine_pearson": 0.5656704872697206,
        "cosine_spearman": 0.5729781107997581,
        "euclidean_pearson": 0.5719516019629853,
        "euclidean_spearman": 0.5754154774574173,
        "hf_subset": "default",
        "languages": [
          "eng-Latn"
        ],
        "main_score": 0.5729781107997581,
        "manhattan_pearson": 0.5739144280828982,
        "manhattan_spearman": 0.5768822129982845,
        "pearson": 0.5656704872697206,
        "spearman": 0.5729781107997581
      }
    ]
  },
  "task_name": "STS13"
}