{
  "dataset_revision": "6031580fec1f6af667f0bd2da0a551cf4f0b2375",
  "evaluation_time": 16.29804825782776,
  "kg_co2_emissions": null,
  "mteb_version": "1.14.19",
  "scores": {
    "test": [
      {
        "cosine_pearson": 0.5313321600700877,
        "cosine_spearman": 0.4982881598577367,
        "euclidean_pearson": 0.5251318572537269,
        "euclidean_spearman": 0.5027730194221034,
        "hf_subset": "default",
        "languages": [
          "eng-Latn"
        ],
        "main_score": 0.4982881598577367,
        "manhattan_pearson": 0.5281293251510686,
        "manhattan_spearman": 0.5055818969135517,
        "pearson": 0.5313321600700877,
        "spearman": 0.4982881598577367
      }
    ]
  },
  "task_name": "STS14"
}