{
  "dataset_revision": "8b6510b0b1fa4e4c4f879467980e9be563ec1cdf",
  "evaluation_time": 71.1822361946106,
  "kg_co2_emissions": null,
  "mteb_version": "1.14.19",
  "scores": {
    "test": [
      {
        "cosine_accuracy": 0.8499243218069624,
        "cosine_accuracy_threshold": 0.8487306237220764,
        "cosine_ap": 0.7525207725538117,
        "cosine_f1": 0.6799577900052763,
        "cosine_f1_threshold": 0.8283815383911133,
        "cosine_precision": 0.6659530488705153,
        "cosine_recall": 0.6945642131198029,
        "dot_accuracy": 0.8338766639500136,
        "dot_accuracy_threshold": 2733.947021484375,
        "dot_ap": 0.7064905727624359,
        "dot_f1": 0.6595632078467346,
        "dot_f1_threshold": 2612.6337890625,
        "dot_precision": 0.6087267990882449,
        "dot_recall": 0.719664305512781,
        "euclidean_accuracy": 0.8411534132805526,
        "euclidean_accuracy_threshold": 30.4674129486084,
        "euclidean_ap": 0.7302177489524784,
        "euclidean_f1": 0.6580550628518547,
        "euclidean_f1_threshold": 32.677345275878906,
        "euclidean_precision": 0.6591225088830527,
        "euclidean_recall": 0.6569910686787804,
        "hf_subset": "default",
        "languages": [
          "eng-Latn"
        ],
        "main_score": 0.7525207725538117,
        "manhattan_accuracy": 0.8420072185353359,
        "manhattan_accuracy_threshold": 777.1395263671875,
        "manhattan_ap": 0.7329191414991296,
        "manhattan_f1": 0.660601658957991,
        "manhattan_f1_threshold": 829.9222412109375,
        "manhattan_precision": 0.6559629545282016,
        "manhattan_recall": 0.66530643671081,
        "max_accuracy": 0.8499243218069624,
        "max_ap": 0.7525207725538117,
        "max_f1": 0.6799577900052763,
        "max_precision": 0.6659530488705153,
        "max_recall": 0.719664305512781,
        "similarity_accuracy": 0.8499243218069624,
        "similarity_accuracy_threshold": 0.8487306237220764,
        "similarity_ap": 0.7525207725538117,
        "similarity_f1": 0.6799577900052763,
        "similarity_f1_threshold": 0.8283815383911133,
        "similarity_precision": 0.6659530488705153,
        "similarity_recall": 0.6945642131198029
      }
    ]
  },
  "task_name": "TwitterURLCorpus"
}