{
  "dataset_revision": "2000358ca161889fa9c082cb41daa8dcfb161a54",
  "evaluation_time": 16.68083429336548,
  "kg_co2_emissions": null,
  "mteb_version": "1.14.19",
  "scores": {
    "test": [
      {
        "hf_subset": "default",
        "languages": [
          "eng-Latn"
        ],
        "main_score": 0.46534335236252505,
        "map": 0.46534335236252505,
        "mrr": 0.5915930176317988,
        "nAUC_map_diff1": 0.14124897768485334,
        "nAUC_map_max": 0.16438901347960616,
        "nAUC_map_std": 0.0672208326717025,
        "nAUC_mrr_diff1": 0.16999868388743541,
        "nAUC_mrr_max": 0.21622350389438044,
        "nAUC_mrr_std": 0.13435971830439283
      }
    ]
  },
  "task_name": "AskUbuntuDupQuestions"
}