{
  "dataset_revision": "59042f120c80e8afa9cdbb224f67076cec0fc9a7",
  "evaluation_time": 207.36558985710144,
  "kg_co2_emissions": null,
  "mteb_version": "1.14.19",
  "scores": {
    "test": [
      {
        "hf_subset": "default",
        "languages": [
          "eng-Latn"
        ],
        "main_score": 0.2633584878026374,
        "map": 0.2633584878026374,
        "mrr": 0.26664626543993036,
        "nAUC_map_diff1": 0.17962946080375758,
        "nAUC_map_max": -0.2866251755488714,
        "nAUC_map_std": -0.1633557237339225,
        "nAUC_mrr_diff1": 0.16451465902974563,
        "nAUC_mrr_max": -0.23059010920267053,
        "nAUC_mrr_std": -0.14488989716887846
      }
    ]
  },
  "task_name": "MindSmallReranking"
}