{
  "dataset_revision": "e185fbe320c72810689fc5848eb6114e1ef5ec69",
  "evaluation_time": 203.5849950313568,
  "kg_co2_emissions": null,
  "mteb_version": "1.14.19",
  "scores": {
    "test": [
      {
        "hf_subset": "default",
        "languages": [
          "eng-Latn"
        ],
        "main_score": 0.35300493296713314,
        "map": 0.35300493296713314,
        "mrr": 0.3501687038451745,
        "nAUC_map_diff1": 0.2969512205770002,
        "nAUC_map_max": 0.24435092537103761,
        "nAUC_map_std": 0.0961004257770726,
        "nAUC_mrr_diff1": 0.2881588758521299,
        "nAUC_mrr_max": 0.2514198150092127,
        "nAUC_mrr_std": 0.10471622072008904
      }
    ]
  },
  "task_name": "StackOverflowDupQuestions"
}