{
  "dataset_revision": "4d8694f8f0e0100860b497b999b3dbed754a0513",
  "evaluation_time": 11.783903360366821,
  "kg_co2_emissions": null,
  "mteb_version": "1.14.19",
  "scores": {
    "test": [
      {
        "cosine_pearson": 0.48542573642957776,
        "cosine_spearman": 0.5018734169119328,
        "euclidean_pearson": 0.47961242646048785,
        "euclidean_spearman": 0.47067115257201925,
        "hf_subset": "default",
        "languages": [
          "eng-Latn"
        ],
        "main_score": 0.5018734169119328,
        "manhattan_pearson": 0.5046147667791255,
        "manhattan_spearman": 0.49907262766520666,
        "pearson": 0.48542573642957776,
        "spearman": 0.5018734169119328
      }
    ]
  },
  "task_name": "STS16"
}