{
  "dataset_revision": "b0fddb56ed78048fa8b90373c8a3cfc37b684831",
  "evaluation_time": 12.3116295337677,
  "kg_co2_emissions": null,
  "mteb_version": "1.14.19",
  "scores": {
    "test": [
      {
        "cosine_pearson": 0.5044604351430482,
        "cosine_spearman": 0.4889767615615342,
        "euclidean_pearson": 0.4709718904893802,
        "euclidean_spearman": 0.46179011293556776,
        "hf_subset": "default",
        "languages": [
          "eng-Latn"
        ],
        "main_score": 0.4889767615615342,
        "manhattan_pearson": 0.508426120596697,
        "manhattan_spearman": 0.49729849559790895,
        "pearson": 0.5044604351430482,
        "spearman": 0.4889767615615342
      }
    ]
  },
  "task_name": "STSBenchmark"
}