{
  "dataset_revision": "59042f120c80e8afa9cdbb224f67076cec0fc9a7",
  "evaluation_time": 133.0784556865692,
  "kg_co2_emissions": null,
  "mteb_version": "1.14.20",
  "scores": {
    "test": [
      {
        "hf_subset": "default",
        "languages": [
          "eng-Latn"
        ],
        "main_score": 0.276583552152179,
        "map": 0.276583552152179,
        "mrr": 0.28160597539456544,
        "nAUC_map_diff1": 0.14334720160179928,
        "nAUC_map_max": -0.25152663572825457,
        "nAUC_map_std": -0.10528418991757381,
        "nAUC_mrr_diff1": 0.1332511577729134,
        "nAUC_mrr_max": -0.19679013248990632,
        "nAUC_mrr_std": -0.09074940678140182
      }
    ]
  },
  "task_name": "MindSmallReranking"
}