{
  "dataset_revision": "2000358ca161889fa9c082cb41daa8dcfb161a54",
  "evaluation_time": 6.302891254425049,
  "kg_co2_emissions": null,
  "mteb_version": "1.14.20",
  "scores": {
    "test": [
      {
        "hf_subset": "default",
        "languages": [
          "eng-Latn"
        ],
        "main_score": 0.47878251046204545,
        "map": 0.47878251046204545,
        "mrr": 0.6053928681352504,
        "nAUC_map_diff1": 0.11498803488603568,
        "nAUC_map_max": 0.1706714409692412,
        "nAUC_map_std": 0.06925512588164152,
        "nAUC_mrr_diff1": 0.17848171756565248,
        "nAUC_mrr_max": 0.2134614965025149,
        "nAUC_mrr_std": 0.08655262366014195
      }
    ]
  },
  "task_name": "AskUbuntuDupQuestions"
}