{
  "dataset_revision": "d3c5e1fc0b855ab6097bf1cda04dd73947d7caab",
  "evaluation_time": 60.883766174316406,
  "kg_co2_emissions": null,
  "mteb_version": "1.14.20",
  "scores": {
    "test": [
      {
        "hf_subset": "default",
        "languages": [
          "eng-Latn"
        ],
        "main_score": 0.527186053679629,
        "map": 0.527186053679629,
        "mrr": 0.7721461091559132,
        "nAUC_map_diff1": 0.1846488114905122,
        "nAUC_map_max": 0.4382002315025294,
        "nAUC_map_std": 0.37801669377979485,
        "nAUC_mrr_diff1": 0.3744171983901354,
        "nAUC_mrr_max": 0.5215722419151325,
        "nAUC_mrr_std": 0.35794624907079725
      }
    ]
  },
  "task_name": "SciDocsRR"
}