{
  "dataset_revision": "7e90230a92c190f1bf69ae9002b8cea547a64cca",
  "evaluation_time": 5.236395835876465,
  "kg_co2_emissions": null,
  "mteb_version": "1.14.20",
  "scores": {
    "test": [
      {
        "cosine_pearson": 0.5050121734509212,
        "cosine_spearman": 0.5071372753701995,
        "euclidean_pearson": 0.505844772894099,
        "euclidean_spearman": 0.5057429473597252,
        "hf_subset": "default",
        "languages": [
          "eng-Latn"
        ],
        "main_score": 0.5071372753701995,
        "manhattan_pearson": 0.5108732482305482,
        "manhattan_spearman": 0.5102369793763025,
        "pearson": 0.5050121734509212,
        "spearman": 0.5071372753701995
      }
    ]
  },
  "task_name": "STS13"
}