{
  "dataset_revision": "b0fddb56ed78048fa8b90373c8a3cfc37b684831",
  "evaluation_time": 4.965911865234375,
  "kg_co2_emissions": null,
  "mteb_version": "1.14.20",
  "scores": {
    "test": [
      {
        "cosine_pearson": 0.4460066218080901,
        "cosine_spearman": 0.433226357186214,
        "euclidean_pearson": 0.45842524802266166,
        "euclidean_spearman": 0.455693055324836,
        "hf_subset": "default",
        "languages": [
          "eng-Latn"
        ],
        "main_score": 0.433226357186214,
        "manhattan_pearson": 0.4602890356453609,
        "manhattan_spearman": 0.456956410099827,
        "pearson": 0.4460066218080901,
        "spearman": 0.433226357186214
      }
    ]
  },
  "task_name": "STSBenchmark"
}