{
  "dataset_revision": "e185fbe320c72810689fc5848eb6114e1ef5ec69",
  "evaluation_time": 28.53388237953186,
  "kg_co2_emissions": null,
  "mteb_version": "1.14.20",
  "scores": {
    "test": [
      {
        "hf_subset": "default",
        "languages": [
          "eng-Latn"
        ],
        "main_score": 0.35981485930475304,
        "map": 0.35981485930475304,
        "mrr": 0.3563464211442153,
        "nAUC_map_diff1": 0.27204100996271807,
        "nAUC_map_max": 0.21288742343798564,
        "nAUC_map_std": 0.09212311236900278,
        "nAUC_mrr_diff1": 0.27069063430500007,
        "nAUC_mrr_max": 0.22132336836939925,
        "nAUC_mrr_std": 0.09448699867601422
      }
    ]
  },
  "task_name": "StackOverflowDupQuestions"
}