{
  "dataset_revision": "ae752c7c21bf194d8b67fd573edf7ae58183cbe3",
  "evaluation_time": 6.243189096450806,
  "kg_co2_emissions": null,
  "mteb_version": "1.14.20",
  "scores": {
    "test": [
      {
        "cosine_pearson": 0.5444356603411958,
        "cosine_spearman": 0.5565221148815833,
        "euclidean_pearson": 0.5498767166423101,
        "euclidean_spearman": 0.5471398437701667,
        "hf_subset": "default",
        "languages": [
          "eng-Latn"
        ],
        "main_score": 0.5565221148815833,
        "manhattan_pearson": 0.5506642408354534,
        "manhattan_spearman": 0.5482299471437924,
        "pearson": 0.5444356603411958,
        "spearman": 0.5565221148815833
      }
    ]
  },
  "task_name": "STS15"
}