{
  "dataset_revision": "a0d554a64d88156834ff5ae9920b964011b16384",
  "evaluation_time": 4.735579490661621,
  "kg_co2_emissions": null,
  "mteb_version": "1.14.20",
  "scores": {
    "test": [
      {
        "cosine_pearson": 0.3127031977429985,
        "cosine_spearman": 0.37754526330879445,
        "euclidean_pearson": 0.36596372808197375,
        "euclidean_spearman": 0.3788740519440613,
        "hf_subset": "default",
        "languages": [
          "eng-Latn"
        ],
        "main_score": 0.37754526330879445,
        "manhattan_pearson": 0.3653533895084385,
        "manhattan_spearman": 0.3775517628685742,
        "pearson": 0.3127031977429985,
        "spearman": 0.37754526330879445
      }
    ]
  },
  "task_name": "STS12"
}