{
  "dataset_revision": "d3fb88f8f02e40887cd149695127462bbcf29b4a",
  "evaluation_time": 4.1672680377960205,
  "kg_co2_emissions": null,
  "mteb_version": "1.14.19",
  "scores": {
    "test": [
      {
        "cosine_pearson": 0.6447855488380198,
        "cosine_spearman": 0.6719309730536459,
        "euclidean_pearson": 0.668676144675085,
        "euclidean_spearman": 0.6836179863381237,
        "hf_subset": "default",
        "languages": [
          "eng-Latn"
        ],
        "main_score": 0.6719309730536459,
        "manhattan_pearson": 0.71681129105148,
        "manhattan_spearman": 0.7192754253230843,
        "pearson": 0.6447855488380198,
        "spearman": 0.6719309730536459
      }
    ]
  },
  "task_name": "BIOSSES"
}