{
  "dataset_revision": "a0d554a64d88156834ff5ae9920b964011b16384",
  "evaluation_time": 16.837734699249268,
  "kg_co2_emissions": null,
  "mteb_version": "1.14.19",
  "scores": {
    "test": [
      {
        "cosine_pearson": 0.41947138223670927,
        "cosine_spearman": 0.4693893287395514,
        "euclidean_pearson": 0.4265626713784063,
        "euclidean_spearman": 0.4523591250759588,
        "hf_subset": "default",
        "languages": [
          "eng-Latn"
        ],
        "main_score": 0.4693893287395514,
        "manhattan_pearson": 0.45251988430497614,
        "manhattan_spearman": 0.4669124153199912,
        "pearson": 0.41947138223670927,
        "spearman": 0.4693893287395514
      }
    ]
  },
  "task_name": "STS12"
}