{
  "dataset_revision": "70970daeab8776df92f5ea462b6173c0b46fd2d1",
  "evaluation_time": 17.425818920135498,
  "kg_co2_emissions": null,
  "mteb_version": "1.14.19",
  "scores": {
    "test": [
      {
        "cosine_accuracy": 0.787327889372355,
        "cosine_accuracy_threshold": 0.9098169803619385,
        "cosine_ap": 0.4079146361050669,
        "cosine_f1": 0.41551028442082477,
        "cosine_f1_threshold": 0.8452978134155273,
        "cosine_precision": 0.33134515774603673,
        "cosine_recall": 0.5569920844327176,
        "dot_accuracy": 0.7743935149311557,
        "dot_accuracy_threshold": 6485.310546875,
        "dot_ap": 0.25463116552566023,
        "dot_f1": 0.36879777961727617,
        "dot_f1_threshold": 2028.363525390625,
        "dot_precision": 0.22613005314384665,
        "dot_recall": 0.9992084432717678,
        "euclidean_accuracy": 0.7903081599809263,
        "euclidean_accuracy_threshold": 30.421741485595703,
        "euclidean_ap": 0.4223113107045686,
        "euclidean_f1": 0.42965696917064705,
        "euclidean_f1_threshold": 38.81805419921875,
        "euclidean_precision": 0.3649944669863519,
        "euclidean_recall": 0.5221635883905014,
        "hf_subset": "default",
        "languages": [
          "eng-Latn"
        ],
        "main_score": 0.4359664354434558,
        "manhattan_accuracy": 0.791798295285212,
        "manhattan_accuracy_threshold": 757.0400390625,
        "manhattan_ap": 0.4359664354434558,
        "manhattan_f1": 0.43992646263653074,
        "manhattan_f1_threshold": 950.59912109375,
        "manhattan_precision": 0.3727322704782848,
        "manhattan_recall": 0.5366754617414248,
        "max_accuracy": 0.791798295285212,
        "max_ap": 0.4359664354434558,
        "max_f1": 0.43992646263653074,
        "max_precision": 0.3727322704782848,
        "max_recall": 0.9992084432717678,
        "similarity_accuracy": 0.787327889372355,
        "similarity_accuracy_threshold": 0.9098169803619385,
        "similarity_ap": 0.4079146361050669,
        "similarity_f1": 0.41551028442082477,
        "similarity_f1_threshold": 0.8452978134155273,
        "similarity_precision": 0.33134515774603673,
        "similarity_recall": 0.5569920844327176
      }
    ]
  },
  "task_name": "TwitterSemEval2015"
}