{
  "dataset_revision": "d3fb88f8f02e40887cd149695127462bbcf29b4a",
  "evaluation_time": 2.156653881072998,
  "kg_co2_emissions": null,
  "mteb_version": "1.14.20",
  "scores": {
    "test": [
      {
        "cosine_pearson": 0.6164856097704996,
        "cosine_spearman": 0.6355626744977739,
        "euclidean_pearson": 0.6043218152861717,
        "euclidean_spearman": 0.6153332978950543,
        "hf_subset": "default",
        "languages": [
          "eng-Latn"
        ],
        "main_score": 0.6355626744977739,
        "manhattan_pearson": 0.6079152909458736,
        "manhattan_spearman": 0.6231768501096884,
        "pearson": 0.6164856097704996,
        "spearman": 0.6355626744977739
      }
    ]
  },
  "task_name": "BIOSSES"
}