{
  "dataset_revision": "59042f120c80e8afa9cdbb224f67076cec0fc9a7",
  "evaluation_time": 121.23708772659302,
  "kg_co2_emissions": null,
  "mteb_version": "1.14.20",
  "scores": {
    "test": [
      {
        "hf_subset": "default",
        "languages": [
          "eng-Latn"
        ],
        "main_score": 0.2608397820893477,
        "map": 0.2608397820893477,
        "mrr": 0.26434643688407544,
        "nAUC_map_diff1": 0.21789747173409646,
        "nAUC_map_max": -0.24975129202648258,
        "nAUC_map_std": -0.14221301423814264,
        "nAUC_mrr_diff1": 0.19522873507053254,
        "nAUC_mrr_max": -0.19215823743980942,
        "nAUC_mrr_std": -0.12081816976268371
      }
    ]
  },
  "task_name": "MindSmallReranking"
}