{
  "dataset_revision": "20a6d6f312dd54037fe07a32d58e5e168867909d",
  "evaluation_time": 13.393667697906494,
  "kg_co2_emissions": null,
  "mteb_version": "1.14.20",
  "scores": {
    "test": [
      {
        "cosine_pearson": 0.6104092459274876,
        "cosine_spearman": 0.5612310013132645,
        "euclidean_pearson": 0.575652529401892,
        "euclidean_spearman": 0.560028091381348,
        "hf_subset": "default",
        "languages": [
          "eng-Latn"
        ],
        "main_score": 0.5612310013132645,
        "manhattan_pearson": 0.577224655394075,
        "manhattan_spearman": 0.5628073019657814,
        "pearson": 0.6104092459274876,
        "spearman": 0.5612310013132645
      }
    ]
  },
  "task_name": "SICK-R"
}