{
  "dataset_revision": "20a6d6f312dd54037fe07a32d58e5e168867909d",
  "evaluation_time": 10.90603256225586,
  "kg_co2_emissions": null,
  "mteb_version": "1.14.20",
  "scores": {
    "test": [
      {
        "cosine_pearson": 0.4470467509627541,
        "cosine_spearman": 0.4191439990063351,
        "euclidean_pearson": 0.43778691024518124,
        "euclidean_spearman": 0.412941332392393,
        "hf_subset": "default",
        "languages": [
          "eng-Latn"
        ],
        "main_score": 0.4191439990063351,
        "manhattan_pearson": 0.43793889996099206,
        "manhattan_spearman": 0.4134279426555878,
        "pearson": 0.4470467509627541,
        "spearman": 0.4191439990063351
      }
    ]
  },
  "task_name": "SICK-R"
}