{
  "dataset_revision": "6031580fec1f6af667f0bd2da0a551cf4f0b2375",
  "evaluation_time": 6.574761152267456,
  "kg_co2_emissions": null,
  "mteb_version": "1.14.20",
  "scores": {
    "test": [
      {
        "cosine_pearson": 0.299717339079168,
        "cosine_spearman": 0.2837943240738107,
        "euclidean_pearson": 0.3288475513749868,
        "euclidean_spearman": 0.30982562537531916,
        "hf_subset": "default",
        "languages": [
          "eng-Latn"
        ],
        "main_score": 0.2837943240738107,
        "manhattan_pearson": 0.32857137448978097,
        "manhattan_spearman": 0.30956583576431834,
        "pearson": 0.299717339079168,
        "spearman": 0.2837943240738107
      }
    ]
  },
  "task_name": "STS14"
}