{
  "dataset_revision": "59042f120c80e8afa9cdbb224f67076cec0fc9a7",
  "evaluation_time": 133.474604845047,
  "kg_co2_emissions": null,
  "mteb_version": "1.14.20",
  "scores": {
    "test": [
      {
        "hf_subset": "default",
        "languages": [
          "eng-Latn"
        ],
        "main_score": 0.26055313214794956,
        "map": 0.26055313214794956,
        "mrr": 0.26415720949257276,
        "nAUC_map_diff1": 0.16753409116713672,
        "nAUC_map_max": -0.22408259500604566,
        "nAUC_map_std": -0.10721348077020273,
        "nAUC_mrr_diff1": 0.15860882739515858,
        "nAUC_mrr_max": -0.15934961249149632,
        "nAUC_mrr_std": -0.0851811626379555
      }
    ]
  },
  "task_name": "MindSmallReranking"
}