{
  "dataset_revision": "d3c5e1fc0b855ab6097bf1cda04dd73947d7caab",
  "evaluation_time": 20.27466368675232,
  "kg_co2_emissions": null,
  "mteb_version": "1.14.19",
  "scores": {
    "test": [
      {
        "hf_subset": "default",
        "languages": [
          "eng-Latn"
        ],
        "main_score": 0.409881889066225,
        "map": 0.409881889066225,
        "mrr": 0.6501912303382891,
        "nAUC_map_diff1": 0.25167434229084595,
        "nAUC_map_max": 0.11342094496476443,
        "nAUC_map_std": -0.08311076741682422,
        "nAUC_mrr_diff1": 0.41660342268578393,
        "nAUC_mrr_max": 0.11039040349139533,
        "nAUC_mrr_std": -0.11210790124560563
      }
    ]
  },
  "task_name": "SciDocsRR"
}