{
  "dataset_revision": "20a6d6f312dd54037fe07a32d58e5e168867909d",
  "evaluation_time": 6.1864776611328125,
  "kg_co2_emissions": null,
  "mteb_version": "1.14.19",
  "scores": {
    "test": [
      {
        "cosine_pearson": 0.47863280320718626,
        "cosine_spearman": 0.47936225968822443,
        "euclidean_pearson": 0.5276985658671229,
        "euclidean_spearman": 0.49457188894654236,
        "hf_subset": "default",
        "languages": [
          "eng-Latn"
        ],
        "main_score": 0.47936225968822443,
        "manhattan_pearson": 0.5611311728444219,
        "manhattan_spearman": 0.5227404280266043,
        "pearson": 0.47863280320718626,
        "spearman": 0.47936225968822443
      }
    ]
  },
  "task_name": "SICK-R"
}