{
  "dataset_revision": "2000358ca161889fa9c082cb41daa8dcfb161a54",
  "evaluation_time": 7.988219976425171,
  "kg_co2_emissions": null,
  "mteb_version": "1.14.20",
  "scores": {
    "test": [
      {
        "hf_subset": "default",
        "languages": [
          "eng-Latn"
        ],
        "main_score": 0.4378198460002728,
        "map": 0.4378198460002728,
        "mrr": 0.5541353383458647,
        "nAUC_map_diff1": 0.18854128592336622,
        "nAUC_map_max": 0.1986667436013968,
        "nAUC_map_std": 0.08118286838480747,
        "nAUC_mrr_diff1": 0.19055872006352406,
        "nAUC_mrr_max": 0.20650763447988277,
        "nAUC_mrr_std": 0.0712039376274194
      }
    ]
  },
  "task_name": "AskUbuntuDupQuestions"
}