{
  "dataset_revision": "d3fb88f8f02e40887cd149695127462bbcf29b4a",
  "evaluation_time": 1.8753089904785156,
  "kg_co2_emissions": null,
  "mteb_version": "1.14.20",
  "scores": {
    "test": [
      {
        "cosine_pearson": 0.06339600582128861,
        "cosine_spearman": 0.09739980968218319,
        "euclidean_pearson": 0.04614867789214109,
        "euclidean_spearman": 0.08532122121033897,
        "hf_subset": "default",
        "languages": [
          "eng-Latn"
        ],
        "main_score": 0.09739980968218319,
        "manhattan_pearson": 0.04620505897573688,
        "manhattan_spearman": 0.08197174729994228,
        "pearson": 0.06339600582128861,
        "spearman": 0.09739980968218319
      }
    ]
  },
  "task_name": "BIOSSES"
}