{
  "dataset_revision": "20a6d6f312dd54037fe07a32d58e5e168867909d",
  "evaluation_time": 14.010581016540527,
  "kg_co2_emissions": null,
  "mteb_version": "1.14.20",
  "scores": {
    "test": [
      {
        "cosine_pearson": 0.2558302238451031,
        "cosine_spearman": 0.29696065414983414,
        "euclidean_pearson": 0.28165962359596053,
        "euclidean_spearman": 0.2924706809700066,
        "hf_subset": "default",
        "languages": [
          "eng-Latn"
        ],
        "main_score": 0.29696065414983414,
        "manhattan_pearson": 0.28165248202962645,
        "manhattan_spearman": 0.292611682590943,
        "pearson": 0.2558302238451031,
        "spearman": 0.29696065414983414
      }
    ]
  },
  "task_name": "SICK-R"
}