{
  "dataset_revision": "7e90230a92c190f1bf69ae9002b8cea547a64cca",
  "evaluation_time": 6.931138277053833,
  "kg_co2_emissions": null,
  "mteb_version": "1.14.20",
  "scores": {
    "test": [
      {
        "cosine_pearson": 0.20813050860523144,
        "cosine_spearman": 0.2493789568607158,
        "euclidean_pearson": 0.22587877622153818,
        "euclidean_spearman": 0.2443700658462436,
        "hf_subset": "default",
        "languages": [
          "eng-Latn"
        ],
        "main_score": 0.2493789568607158,
        "manhattan_pearson": 0.22617492255702823,
        "manhattan_spearman": 0.24469774609760567,
        "pearson": 0.20813050860523144,
        "spearman": 0.2493789568607158
      }
    ]
  },
  "task_name": "STS13"
}