{
  "dataset_revision": "59042f120c80e8afa9cdbb224f67076cec0fc9a7",
  "evaluation_time": 130.49644327163696,
  "kg_co2_emissions": null,
  "mteb_version": "1.14.20",
  "scores": {
    "test": [
      {
        "hf_subset": "default",
        "languages": [
          "eng-Latn"
        ],
        "main_score": 0.2613320329750671,
        "map": 0.2613320329750671,
        "mrr": 0.26357543050112614,
        "nAUC_map_diff1": 0.23384023968614914,
        "nAUC_map_max": -0.2932982751943004,
        "nAUC_map_std": -0.12825754929531039,
        "nAUC_mrr_diff1": 0.21398763573998889,
        "nAUC_mrr_max": -0.2335915019777527,
        "nAUC_mrr_std": -0.11511202964143129
      }
    ]
  },
  "task_name": "MindSmallReranking"
}