{
  "dataset_revision": "20a6d6f312dd54037fe07a32d58e5e168867909d",
  "evaluation_time": 16.036433696746826,
  "kg_co2_emissions": null,
  "mteb_version": "1.14.20",
  "scores": {
    "test": [
      {
        "cosine_pearson": 0.6070907468677126,
        "cosine_spearman": 0.5583206342519872,
        "euclidean_pearson": 0.5763918688132322,
        "euclidean_spearman": 0.5515469514782747,
        "hf_subset": "default",
        "languages": [
          "eng-Latn"
        ],
        "main_score": 0.5583206342519872,
        "manhattan_pearson": 0.576471955580219,
        "manhattan_spearman": 0.5513154239818806,
        "pearson": 0.6070907468677126,
        "spearman": 0.5583206342519872
      }
    ]
  },
  "task_name": "SICK-R"
}