{
  "dataset_revision": "4d8694f8f0e0100860b497b999b3dbed754a0513",
  "evaluation_time": 8.498575448989868,
  "kg_co2_emissions": null,
  "mteb_version": "1.14.20",
  "scores": {
    "test": [
      {
        "cosine_pearson": 0.5638940460684583,
        "cosine_spearman": 0.5623494398949491,
        "euclidean_pearson": 0.5448716597412753,
        "euclidean_spearman": 0.5395017481794803,
        "hf_subset": "default",
        "languages": [
          "eng-Latn"
        ],
        "main_score": 0.5623494398949491,
        "manhattan_pearson": 0.5452142131386072,
        "manhattan_spearman": 0.5404689585657156,
        "pearson": 0.5638940460684583,
        "spearman": 0.5623494398949491
      }
    ]
  },
  "task_name": "STS16"
}