{
  "dataset_revision": "59042f120c80e8afa9cdbb224f67076cec0fc9a7",
  "evaluation_time": 731.3293349742889,
  "kg_co2_emissions": null,
  "mteb_version": "1.14.21",
  "scores": {
    "test": [
      {
        "hf_subset": "default",
        "languages": [
          "eng-Latn"
        ],
        "main_score": 0.3226560072535797,
        "map": 0.3226560072535797,
        "mrr": 0.335089746378125,
        "nAUC_map_diff1": 0.1373100019582418,
        "nAUC_map_max": -0.2203222423335859,
        "nAUC_map_std": -0.046043458884958886,
        "nAUC_mrr_diff1": 0.12662877889165772,
        "nAUC_mrr_max": -0.1627246541309679,
        "nAUC_mrr_std": -0.018059895222311113
      }
    ]
  },
  "task_name": "MindSmallReranking"
}