{
  "dataset_revision": "59042f120c80e8afa9cdbb224f67076cec0fc9a7",
  "evaluation_time": 111.13456606864929,
  "kg_co2_emissions": null,
  "mteb_version": "1.14.20",
  "scores": {
    "test": [
      {
        "hf_subset": "default",
        "languages": [
          "eng-Latn"
        ],
        "main_score": 0.2582478930923121,
        "map": 0.2582478930923121,
        "mrr": 0.26270335217831625,
        "nAUC_map_diff1": 0.2161653536065295,
        "nAUC_map_max": -0.2356444214540193,
        "nAUC_map_std": -0.06165221632835342,
        "nAUC_mrr_diff1": 0.1938595807840067,
        "nAUC_mrr_max": -0.17738314496362287,
        "nAUC_mrr_std": -0.0465859741903925
      }
    ]
  },
  "task_name": "MindSmallReranking"
}