{
  "dataset_revision": "4d8694f8f0e0100860b497b999b3dbed754a0513",
  "evaluation_time": 4.239511013031006,
  "kg_co2_emissions": null,
  "mteb_version": "1.14.20",
  "scores": {
    "test": [
      {
        "cosine_pearson": 0.5001022290557157,
        "cosine_spearman": 0.533913319497507,
        "euclidean_pearson": 0.525221221842921,
        "euclidean_spearman": 0.5187822888139119,
        "hf_subset": "default",
        "languages": [
          "eng-Latn"
        ],
        "main_score": 0.533913319497507,
        "manhattan_pearson": 0.5275254401450261,
        "manhattan_spearman": 0.5217931641611288,
        "pearson": 0.5001022290557157,
        "spearman": 0.533913319497507
      }
    ]
  },
  "task_name": "STS16"
}