{
  "dataset_revision": "6031580fec1f6af667f0bd2da0a551cf4f0b2375",
  "evaluation_time": 7.282764434814453,
  "kg_co2_emissions": null,
  "mteb_version": "1.14.20",
  "scores": {
    "test": [
      {
        "cosine_pearson": 0.4499494191446928,
        "cosine_spearman": 0.44863337704347356,
        "euclidean_pearson": 0.4769214687565971,
        "euclidean_spearman": 0.46533221837470073,
        "hf_subset": "default",
        "languages": [
          "eng-Latn"
        ],
        "main_score": 0.44863337704347356,
        "manhattan_pearson": 0.4812501301386789,
        "manhattan_spearman": 0.46883787660487075,
        "pearson": 0.4499494191446928,
        "spearman": 0.44863337704347356
      }
    ]
  },
  "task_name": "STS14"
}