{
  "dataset_revision": "d3fb88f8f02e40887cd149695127462bbcf29b4a",
  "evaluation_time": 2.3987114429473877,
  "kg_co2_emissions": null,
  "mteb_version": "1.14.20",
  "scores": {
    "test": [
      {
        "cosine_pearson": 0.6905843862983216,
        "cosine_spearman": 0.6831601445805875,
        "euclidean_pearson": 0.6812840110729566,
        "euclidean_spearman": 0.6903109099252654,
        "hf_subset": "default",
        "languages": [
          "eng-Latn"
        ],
        "main_score": 0.6831601445805875,
        "manhattan_pearson": 0.7153558122681843,
        "manhattan_spearman": 0.7210947438859255,
        "pearson": 0.6905843862983216,
        "spearman": 0.6831601445805875
      }
    ]
  },
  "task_name": "BIOSSES"
}