{
  "dataset_revision": "d3c5e1fc0b855ab6097bf1cda04dd73947d7caab",
  "evaluation_time": 120.77605199813843,
  "kg_co2_emissions": null,
  "mteb_version": "1.14.20",
  "scores": {
    "test": [
      {
        "hf_subset": "default",
        "languages": [
          "eng-Latn"
        ],
        "main_score": 0.5521909312133918,
        "map": 0.5521909312133918,
        "mrr": 0.7926233171331211,
        "nAUC_map_diff1": 0.14917478821410993,
        "nAUC_map_max": 0.3645766107262081,
        "nAUC_map_std": 0.26543648103092127,
        "nAUC_mrr_diff1": 0.3554839152340866,
        "nAUC_mrr_max": 0.5150214047543991,
        "nAUC_mrr_std": 0.29761037552228786
      }
    ]
  },
  "task_name": "SciDocsRR"
}