{
  "dataset_revision": "20a6d6f312dd54037fe07a32d58e5e168867909d",
  "evaluation_time": 16.854610204696655,
  "kg_co2_emissions": null,
  "mteb_version": "1.14.20",
  "scores": {
    "test": [
      {
        "cosine_pearson": 0.6001420662698734,
        "cosine_spearman": 0.5355785623072921,
        "euclidean_pearson": 0.5710253071792774,
        "euclidean_spearman": 0.5428189623531131,
        "hf_subset": "default",
        "languages": [
          "eng-Latn"
        ],
        "main_score": 0.5355785623072921,
        "manhattan_pearson": 0.5740010218564977,
        "manhattan_spearman": 0.5459709233670006,
        "pearson": 0.6001420662698734,
        "spearman": 0.5355785623072921
      }
    ]
  },
  "task_name": "SICK-R"
}