{
  "dataset_revision": "b0fddb56ed78048fa8b90373c8a3cfc37b684831",
  "evaluation_time": 7.173889875411987,
  "kg_co2_emissions": null,
  "mteb_version": "1.14.20",
  "scores": {
    "test": [
      {
        "cosine_pearson": 0.45072405307114133,
        "cosine_spearman": 0.4408947906264925,
        "euclidean_pearson": 0.44702498610028224,
        "euclidean_spearman": 0.44086598029813096,
        "hf_subset": "default",
        "languages": [
          "eng-Latn"
        ],
        "main_score": 0.4408947906264925,
        "manhattan_pearson": 0.4598631653024093,
        "manhattan_spearman": 0.4493258353139837,
        "pearson": 0.45072405307114133,
        "spearman": 0.4408947906264925
      }
    ]
  },
  "task_name": "STSBenchmark"
}