{
  "dataset_revision": "20a6d6f312dd54037fe07a32d58e5e168867909d",
  "evaluation_time": 15.125385284423828,
  "kg_co2_emissions": null,
  "mteb_version": "1.14.20",
  "scores": {
    "test": [
      {
        "cosine_pearson": 0.6148938005666214,
        "cosine_spearman": 0.5584099960211254,
        "euclidean_pearson": 0.5796595990615939,
        "euclidean_spearman": 0.5505456246106788,
        "hf_subset": "default",
        "languages": [
          "eng-Latn"
        ],
        "main_score": 0.5584099960211254,
        "manhattan_pearson": 0.5802415801629603,
        "manhattan_spearman": 0.5508475034125648,
        "pearson": 0.6148938005666214,
        "spearman": 0.5584099960211254
      }
    ]
  },
  "task_name": "SICK-R"
}