{
  "dataset_revision": "4d8694f8f0e0100860b497b999b3dbed754a0513",
  "evaluation_time": 8.302059650421143,
  "kg_co2_emissions": null,
  "mteb_version": "1.14.20",
  "scores": {
    "test": [
      {
        "cosine_pearson": 0.5579421896834061,
        "cosine_spearman": 0.5603410659511443,
        "euclidean_pearson": 0.5479253482447765,
        "euclidean_spearman": 0.5423088820023617,
        "hf_subset": "default",
        "languages": [
          "eng-Latn"
        ],
        "main_score": 0.5603410659511443,
        "manhattan_pearson": 0.5482318478427864,
        "manhattan_spearman": 0.5425147551707866,
        "pearson": 0.5579421896834061,
        "spearman": 0.5603410659511443
      }
    ]
  },
  "task_name": "STS16"
}