{
  "dataset_revision": "ae752c7c21bf194d8b67fd573edf7ae58183cbe3",
  "evaluation_time": 9.422827005386353,
  "kg_co2_emissions": null,
  "mteb_version": "1.14.20",
  "scores": {
    "test": [
      {
        "cosine_pearson": 0.6286944057283428,
        "cosine_spearman": 0.6388215300807961,
        "euclidean_pearson": 0.6059778858563298,
        "euclidean_spearman": 0.6151017891877419,
        "hf_subset": "default",
        "languages": [
          "eng-Latn"
        ],
        "main_score": 0.6388215300807961,
        "manhattan_pearson": 0.608101265056459,
        "manhattan_spearman": 0.6171261324664894,
        "pearson": 0.6286944057283428,
        "spearman": 0.6388215300807961
      }
    ]
  },
  "task_name": "STS15"
}