{
  "dataset_revision": "6031580fec1f6af667f0bd2da0a551cf4f0b2375",
  "evaluation_time": 10.859317302703857,
  "kg_co2_emissions": null,
  "mteb_version": "1.14.20",
  "scores": {
    "test": [
      {
        "cosine_pearson": 0.5184829844126695,
        "cosine_spearman": 0.48551987682259573,
        "euclidean_pearson": 0.5125582647247298,
        "euclidean_spearman": 0.4888486143608132,
        "hf_subset": "default",
        "languages": [
          "eng-Latn"
        ],
        "main_score": 0.48551987682259573,
        "manhattan_pearson": 0.5147665298856119,
        "manhattan_spearman": 0.49070353593153554,
        "pearson": 0.5184829844126695,
        "spearman": 0.48551987682259573
      }
    ]
  },
  "task_name": "STS14"
}