{
  "dataset_revision": "d3fb88f8f02e40887cd149695127462bbcf29b4a",
  "evaluation_time": 1.7570934295654297,
  "kg_co2_emissions": null,
  "mteb_version": "1.14.20",
  "scores": {
    "test": [
      {
        "cosine_pearson": 0.5481453935008809,
        "cosine_spearman": 0.5509221916900876,
        "euclidean_pearson": 0.4624988037080975,
        "euclidean_spearman": 0.49610768969242647,
        "hf_subset": "default",
        "languages": [
          "eng-Latn"
        ],
        "main_score": 0.5509221916900876,
        "manhattan_pearson": 0.4730803653970582,
        "manhattan_spearman": 0.5108911590739256,
        "pearson": 0.5481453935008809,
        "spearman": 0.5509221916900876
      }
    ]
  },
  "task_name": "BIOSSES"
}