{
  "dataset_revision": "20a6d6f312dd54037fe07a32d58e5e168867909d",
  "evaluation_time": 13.412227869033813,
  "kg_co2_emissions": null,
  "mteb_version": "1.14.20",
  "scores": {
    "test": [
      {
        "cosine_pearson": 0.414612858216292,
        "cosine_spearman": 0.4007174148798382,
        "euclidean_pearson": 0.41808481673915376,
        "euclidean_spearman": 0.3982044803970764,
        "hf_subset": "default",
        "languages": [
          "eng-Latn"
        ],
        "main_score": 0.4007174148798382,
        "manhattan_pearson": 0.41792639677299526,
        "manhattan_spearman": 0.3978343293493798,
        "pearson": 0.414612858216292,
        "spearman": 0.4007174148798382
      }
    ]
  },
  "task_name": "SICK-R"
}