{
  "dataset_revision": "ae752c7c21bf194d8b67fd573edf7ae58183cbe3",
  "evaluation_time": 10.425024509429932,
  "kg_co2_emissions": null,
  "mteb_version": "1.14.20",
  "scores": {
    "test": [
      {
        "cosine_pearson": 0.4094303385411287,
        "cosine_spearman": 0.40665654286242703,
        "euclidean_pearson": 0.4113225838357498,
        "euclidean_spearman": 0.3919179139597257,
        "hf_subset": "default",
        "languages": [
          "eng-Latn"
        ],
        "main_score": 0.40665654286242703,
        "manhattan_pearson": 0.41104616315658543,
        "manhattan_spearman": 0.39132802187713145,
        "pearson": 0.4094303385411287,
        "spearman": 0.40665654286242703
      }
    ]
  },
  "task_name": "STS15"
}