{
  "dataset_revision": "4d8694f8f0e0100860b497b999b3dbed754a0513",
  "evaluation_time": 5.691800117492676,
  "kg_co2_emissions": null,
  "mteb_version": "1.14.20",
  "scores": {
    "test": [
      {
        "cosine_pearson": 0.41588922365536224,
        "cosine_spearman": 0.4190498670808061,
        "euclidean_pearson": 0.40089581130466195,
        "euclidean_spearman": 0.387949182264725,
        "hf_subset": "default",
        "languages": [
          "eng-Latn"
        ],
        "main_score": 0.4190498670808061,
        "manhattan_pearson": 0.4007554962674314,
        "manhattan_spearman": 0.3872010476487024,
        "pearson": 0.41588922365536224,
        "spearman": 0.4190498670808061
      }
    ]
  },
  "task_name": "STS16"
}