{
  "dataset_revision": "b0fddb56ed78048fa8b90373c8a3cfc37b684831",
  "evaluation_time": 4.357034921646118,
  "kg_co2_emissions": null,
  "mteb_version": "1.14.20",
  "scores": {
    "test": [
      {
        "cosine_pearson": 0.19565987713896063,
        "cosine_spearman": 0.1926400853504397,
        "euclidean_pearson": 0.2511952855464815,
        "euclidean_spearman": 0.23362749517338013,
        "hf_subset": "default",
        "languages": [
          "eng-Latn"
        ],
        "main_score": 0.1926400853504397,
        "manhattan_pearson": 0.2509242822230383,
        "manhattan_spearman": 0.23357916565856943,
        "pearson": 0.19565987713896063,
        "spearman": 0.1926400853504397
      }
    ]
  },
  "task_name": "STSBenchmark"
}