{
  "dataset_revision": "ae752c7c21bf194d8b67fd573edf7ae58183cbe3",
  "evaluation_time": 12.25427532196045,
  "kg_co2_emissions": null,
  "mteb_version": "1.14.20",
  "scores": {
    "test": [
      {
        "cosine_pearson": 0.5130970338047145,
        "cosine_spearman": 0.517206935724332,
        "euclidean_pearson": 0.4891347885386541,
        "euclidean_spearman": 0.4862407316726756,
        "hf_subset": "default",
        "languages": [
          "eng-Latn"
        ],
        "main_score": 0.517206935724332,
        "manhattan_pearson": 0.4880233327195112,
        "manhattan_spearman": 0.48520103598137054,
        "pearson": 0.5130970338047145,
        "spearman": 0.517206935724332
      }
    ]
  },
  "task_name": "STS15"
}